unit,time,operational_set1,operational_set2,operational_set3,sensor1,sensor2,sensor3,sensor4,sensor5,sensor6,sensor7,sensor8,sensor9,sensor10,sensor11,sensor12,sensor13,sensor14,sensor15,sensor16,sensor17,sensor18,sensor19,sensor20,sensor21,cluster,stages,agg_cluster,time_to_next_stage
1,1,-0.0007,-0.0004,100.0,518.67,641.82,1589.7,1400.6,14.62,21.61,554.36,2388.06,9046.19,1.3,47.47,521.66,2388.02,8138.62,8.4195,0.03,392,2388,100.0,39.06,23.419,4,4,-1,24.0
1,1,-0.0005,0.0004,100.0,518.67,642.36,1583.23,1396.84,14.62,21.61,553.97,2387.96,9062.17,1.3,47.3,522.31,2388.01,8145.32,8.4246,0.03,391,2388,100.0,39.11,23.3537,4,4,-1,23.0
1,2,0.0019,-0.0003,100.0,518.67,642.15,1591.82,1403.14,14.62,21.61,553.75,2388.04,9044.07,1.3,47.49,522.28,2388.07,8131.49,8.4318,0.03,392,2388,100.0,39.0,23.4236,4,4,-1,22.0
1,2,0.0008,-0.0003,100.0,518.67,642.5,1584.69,1396.89,14.62,21.61,554.55,2388.0,9061.78,1.3,47.23,522.42,2388.03,8152.85,8.4403,0.03,392,2388,100.0,38.99,23.4491,4,4,-1,21.0
1,3,-0.0043,0.0003,100.0,518.67,642.35,1587.99,1404.2,14.62,21.61,554.26,2388.08,9052.94,1.3,47.27,522.42,2388.03,8133.23,8.4178,0.03,390,2388,100.0,38.95,23.3442,4,4,-1,20.0
1,3,-0.0014,-0.0002,100.0,518.67,642.18,1582.35,1405.61,14.62,21.61,554.43,2388.03,9070.23,1.3,47.22,522.03,2388.0,8150.17,8.3901,0.03,391,2388,100.0,38.85,23.3669,4,4,-1,19.0
1,4,0.0007,0.0,100.0,518.67,642.35,1582.79,1401.87,14.62,21.61,554.45,2388.11,9049.48,1.3,47.13,522.86,2388.08,8133.83,8.3682,0.03,392,2388,100.0,38.88,23.3739,4,4,-1,18.0
1,4,-0.002,0.0001,100.0,518.67,642.92,1585.61,1392.27,14.62,21.61,555.21,2388.0,9064.57,1.3,47.24,522.49,2388.08,8146.56,8.3878,0.03,392,2388,100.0,38.96,23.2951,4,4,4,17.0
1,5,-0.0019,-0.0002,100.0,518.67,642.37,1582.85,1406.22,14.62,21.61,554.0,2388.06,9055.15,1.3,47.28,522.19,2388.04,8133.8,8.4294,0.03,393,2388,100.0,38.9,23.4044,4,4,-1,16.0
1,5,0.0016,0.0,100.0,518.67,641.68,1588.63,1397.65,14.62,21.61,554.74,2388.04,9076.14,1.3,47.15,522.58,2388.03,8147.8,8.3869,0.03,392,2388,100.0,39.14,23.4583,4,4,-1,15.0
1,6,-0.0043,-0.0001,100.0,518.67,642.1,1584.47,1398.37,14.62,21.61,554.67,2388.02,9049.68,1.3,47.16,521.68,2388.03,8132.85,8.4108,0.03,391,2388,100.0,38.98,23.3669,4,4,-1,14.0
1,6,0.0011,-0.0005,100.0,518.67,642.24,1584.09,1400.01,14.62,21.61,554.75,2388.0,9074.98,1.3,47.07,522.42,2388.02,8144.92,8.4152,0.03,393,2388,100.0,38.92,23.4281,4,4,-1,13.0
1,7,0.001,0.0001,100.0,518.67,642.48,1592.32,1397.77,14.62,21.61,554.34,2388.02,9059.13,1.3,47.36,522.32,2388.03,8132.32,8.3974,0.03,392,2388,100.0,39.1,23.3774,4,4,-1,12.0
1,7,-0.0038,0.0002,100.0,518.67,642.58,1585.61,1401.09,14.62,21.61,554.58,2388.04,9074.65,1.3,47.38,522.46,2388.02,8147.05,8.3842,0.03,391,2388,100.0,38.84,23.4087,4,4,-1,11.0
1,8,-0.0034,0.0003,100.0,518.67,642.56,1582.96,1400.97,14.62,21.61,553.85,2388.0,9040.8,1.3,47.24,522.47,2388.03,8131.07,8.4076,0.03,391,2388,100.0,38.97,23.3106,4,4,-1,10.0
1,8,-0.0007,-0.0005,100.0,518.67,642.32,1588.32,1397.08,14.62,21.6,554.85,2388.06,9063.54,1.3,47.31,522.1,2387.97,8157.34,8.419,0.03,391,2388,100.0,39.05,23.459,4,4,-1,9.0
1,9,0.0008,0.0001,100.0,518.67,642.12,1590.98,1394.8,14.62,21.61,553.69,2388.05,9046.46,1.3,47.29,521.79,2388.05,8125.69,8.3728,0.03,392,2388,100.0,39.05,23.4066,4,4,-1,8.0
1,9,-0.0026,0.0,100.0,518.67,641.64,1587.81,1406.51,14.62,21.61,554.13,2388.04,9067.2,1.3,47.31,521.83,2388.01,8147.2,8.4091,0.03,392,2388,100.0,38.99,23.4693,4,4,-1,7.0
1,10,-0.0033,0.0001,100.0,518.67,641.71,1591.24,1400.46,14.62,21.61,553.59,2388.05,9051.7,1.3,47.03,521.79,2388.06,8129.38,8.4286,0.03,393,2388,100.0,38.95,23.4694,4,4,-1,6.0
1,10,0.0019,-0.0002,100.0,518.67,642.42,1587.39,1402.25,14.62,21.61,554.78,2387.99,9070.04,1.3,47.35,521.96,2387.99,8152.86,8.3987,0.03,391,2388,100.0,38.94,23.4781,4,4,-1,5.0
1,11,0.0018,-0.0003,100.0,518.67,642.28,1581.75,1400.64,14.62,21.61,554.54,2388.05,9049.61,1.3,47.15,521.4,2388.01,8140.58,8.434,0.03,392,2388,100.0,38.94,23.4787,4,4,-1,4.0
1,11,0.0026,-0.0002,100.0,518.67,642.28,1582.38,1391.88,14.62,21.61,554.3,2388.01,9068.24,1.3,47.35,522.23,2388.03,8144.53,8.4235,0.03,392,2388,100.0,38.97,23.4127,4,4,-1,3.0
1,12,0.0016,0.0002,100.0,518.67,642.06,1583.41,1400.15,14.62,21.61,554.52,2388.09,9049.37,1.3,47.18,521.8,2388.02,8134.25,8.3938,0.03,391,2388,100.0,39.06,23.366,4,4,-1,2.0
1,12,-0.0036,-0.0004,100.0,518.67,641.88,1583.24,1397.74,14.62,21.6,554.35,2388.04,9075.26,1.3,47.26,522.13,2387.98,8149.04,8.359,0.03,392,2388,100.0,39.09,23.366,4,4,4,1.0
1,13,-0.0019,0.0004,100.0,518.67,643.07,1582.19,1400.83,14.62,21.61,553.44,2388.12,9046.82,1.3,47.38,521.85,2388.08,8128.1,8.4152,0.03,393,2388,100.0,38.93,23.2757,0,3,-1,1.0
1,13,-0.0011,0.0001,100.0,518.67,641.92,1589.68,1395.55,14.62,21.61,554.52,2387.98,9066.53,1.3,47.14,522.06,2388.02,8151.88,8.3821,0.03,391,2388,100.0,39.04,23.4273,4,4,-1,41.0
1,14,0.0009,-0.0,100.0,518.67,642.35,1592.95,1399.16,14.62,21.61,554.48,2388.09,9047.37,1.3,47.44,521.67,2388.0,8134.43,8.3964,0.03,393,2388,100.0,39.18,23.3826,4,4,-1,40.0
1,14,0.0009,0.0001,100.0,518.67,642.66,1587.29,1400.9,14.62,21.61,555.17,2388.02,9067.34,1.3,47.28,522.54,2387.97,8148.13,8.4277,0.03,390,2388,100.0,39.03,23.386,4,4,-1,39.0
1,15,-0.0018,-0.0003,100.0,518.67,642.43,1583.82,1402.13,14.62,21.61,553.64,2388.11,9052.22,1.3,47.3,522.5,2388.08,8127.56,8.4199,0.03,391,2388,100.0,38.99,23.35,4,4,-1,38.0
1,15,-0.005,0.0004,100.0,518.67,642.34,1580.8,1396.5,14.62,21.61,553.96,2387.95,9069.89,1.3,47.29,522.72,2388.0,8150.63,8.4007,0.03,390,2388,100.0,39.02,23.4556,4,4,-1,37.0
1,16,0.0006,0.0005,100.0,518.67,642.13,1587.98,1404.5,14.62,21.61,553.94,2388.05,9049.34,1.3,47.24,521.49,2388.07,8136.11,8.3936,0.03,392,2388,100.0,38.97,23.455,4,4,-1,36.0
1,16,0.0024,0.0003,100.0,518.67,641.68,1587.32,1395.49,14.62,21.6,553.82,2388.02,9071.14,1.3,47.14,522.28,2387.98,8147.5,8.4197,0.03,391,2388,100.0,38.96,23.3717,4,4,4,35.0
1,17,0.0002,0.0002,100.0,518.67,642.58,1584.96,1399.95,14.62,21.61,553.8,2388.06,9054.92,1.3,47.12,521.89,2388.04,8137.27,8.4542,0.03,392,2388,100.0,38.81,23.3319,4,4,-1,34.0
1,17,-0.0019,0.0001,100.0,518.67,641.9,1591.12,1395.08,14.62,21.61,555.06,2388.0,9060.74,1.3,47.0,521.98,2387.93,8154.66,8.3761,0.03,393,2388,100.0,39.04,23.3718,4,4,-1,33.0
1,18,-0.0031,-0.0001,100.0,518.67,642.62,1591.04,1396.12,14.62,21.61,554.2,2388.05,9049.55,1.3,47.21,521.76,2388.07,8132.73,8.4028,0.03,392,2388,100.0,38.89,23.3987,4,4,-1,32.0
1,18,-0.0036,0.0002,100.0,518.67,642.39,1578.96,1402.24,14.62,21.61,554.21,2387.97,9075.87,1.3,47.2,522.2,2388.01,8151.19,8.4205,0.03,392,2388,100.0,39.12,23.5448,4,4,-1,31.0
1,19,0.0032,-0.0003,100.0,518.67,641.79,1587.56,1400.35,14.62,21.61,554.18,2388.04,9053.99,1.3,47.4,521.89,2388.03,8129.13,8.4321,0.03,391,2388,100.0,38.8,23.3464,4,4,-1,30.0
1,19,-0.001,-0.0,100.0,518.67,642.3,1584.04,1398.85,14.62,21.61,554.59,2387.98,9074.41,1.3,47.16,522.04,2387.98,8154.65,8.3727,0.03,391,2388,100.0,39.01,23.408,4,4,-1,29.0
1,20,-0.0037,0.0001,100.0,518.67,643.04,1581.11,1405.23,14.62,21.61,554.81,2388.05,9045.9,1.3,47.22,522.07,2388.02,8129.71,8.421,0.03,392,2388,100.0,39.03,23.422,4,4,-1,28.0
1,20,-0.0028,0.0004,100.0,518.67,642.26,1579.65,1395.59,14.62,21.61,554.49,2387.97,9071.28,1.3,47.16,523.02,2388.03,8146.24,8.4252,0.03,391,2388,100.0,38.87,23.4903,4,4,-1,27.0
1,21,-0.0012,0.0001,100.0,518.67,642.37,1586.07,1398.13,14.62,21.61,554.08,2388.11,9048.15,1.3,47.15,522.42,2388.08,8134.02,8.4049,0.03,392,2388,100.0,39.09,23.3101,4,4,-1,26.0
1,21,0.0001,-0.0002,100.0,518.67,642.62,1590.18,1398.01,14.62,21.61,554.0,2387.99,9074.66,1.3,47.26,522.77,2388.01,8148.33,8.422,0.03,391,2388,100.0,38.92,23.5088,4,4,-1,25.0
1,22,0.0002,0.0,100.0,518.67,642.77,1592.93,1400.57,14.62,21.61,553.63,2388.04,9061.21,1.3,47.24,522.0,2388.03,8130.41,8.4034,0.03,392,2388,100.0,38.92,23.3792,4,4,-1,24.0
1,22,0.0011,0.0004,100.0,518.67,642.13,1586.21,1397.07,14.62,21.61,554.51,2387.98,9075.72,1.3,47.32,522.68,2388.03,8152.3,8.4134,0.03,392,2388,100.0,39.02,23.3533,4,4,-1,23.0
1,23,0.0034,-0.0003,100.0,518.67,642.14,1588.19,1394.75,14.62,21.61,553.98,2388.05,9046.28,1.3,47.25,521.52,2388.05,8127.9,8.424,0.03,392,2388,100.0,38.94,23.4562,4,4,-1,22.0
1,23,-0.0057,-0.0001,100.0,518.67,642.05,1586.03,1394.01,14.62,21.61,554.36,2387.99,9068.45,1.3,47.17,521.82,2388.03,8153.47,8.3946,0.03,391,2388,100.0,39.06,23.4476,4,4,-1,21.0
1,24,-0.001,0.0003,100.0,518.67,642.38,1590.83,1398.81,14.62,21.61,553.49,2388.12,9043.76,1.3,47.44,522.13,2388.03,8133.88,8.3891,0.03,392,2388,100.0,39.0,23.3696,4,4,-1,20.0
1,24,0.0057,0.0002,100.0,518.67,642.02,1585.13,1394.81,14.62,21.61,554.39,2387.96,9072.51,1.3,47.41,522.59,2388.02,8154.84,8.4162,0.03,391,2388,100.0,39.07,23.4648,4,4,-1,19.0
1,25,0.0023,-0.0004,100.0,518.67,642.77,1594.1,1399.39,14.62,21.61,554.0,2388.02,9054.16,1.3,47.36,522.56,2388.02,8136.61,8.3917,0.03,393,2388,100.0,38.95,23.4288,4,4,-1,18.0
1,25,-0.0009,-0.0004,100.0,518.67,641.93,1586.82,1406.62,14.62,21.61,553.81,2387.99,9076.1,1.3,47.31,522.08,2388.04,8154.5,8.3952,0.03,391,2388,100.0,38.85,23.3842,4,4,-1,17.0
1,26,0.0,0.0002,100.0,518.67,642.16,1589.08,1396.07,14.62,21.61,554.11,2388.07,9047.11,1.3,47.26,522.28,2388.06,8131.15,8.426,0.03,394,2388,100.0,38.86,23.4149,4,4,-1,16.0
1,26,0.0009,-0.0001,100.0,518.67,642.37,1585.26,1398.77,14.62,21.6,554.79,2387.98,9065.37,1.3,47.28,522.06,2388.02,8150.15,8.3937,0.03,392,2388,100.0,38.93,23.3681,4,4,-1,15.0
1,27,-0.0012,-0.0004,100.0,518.67,642.44,1590.47,1401.84,14.62,21.61,554.07,2388.02,9047.96,1.3,47.37,522.0,2388.13,8134.6,8.4046,0.03,393,2388,100.0,38.99,23.4472,4,4,-1,14.0
1,27,0.0005,-0.0001,100.0,518.67,642.12,1582.77,1400.16,14.62,21.61,554.18,2387.98,9065.21,1.3,47.33,522.08,2388.03,8148.77,8.4132,0.03,390,2388,100.0,39.06,23.3763,4,4,-1,13.0
1,28,-0.0024,0.0005,100.0,518.67,642.35,1582.84,1399.13,14.62,21.61,554.68,2388.12,9049.84,1.3,47.41,522.57,2388.08,8127.3,8.4323,0.03,390,2388,100.0,39.01,23.2841,4,4,-1,12.0
1,28,-0.0006,0.0004,100.0,518.67,643.01,1578.4,1400.24,14.62,21.61,554.66,2387.99,9055.81,1.3,47.17,522.19,2388.04,8149.12,8.4243,0.03,391,2388,100.0,39.02,23.4666,4,4,-1,11.0
1,29,0.0012,-0.0001,100.0,518.67,641.91,1584.83,1400.99,14.62,21.61,554.25,2388.05,9050.47,1.3,47.24,522.41,2388.06,8133.06,8.4189,0.03,393,2388,100.0,38.93,23.3597,4,4,-1,10.0
1,29,-0.0012,-0.0001,100.0,518.67,642.04,1587.5,1393.05,14.62,21.61,554.1,2387.97,9068.18,1.3,47.22,521.81,2388.01,8153.95,8.4001,0.03,393,2388,100.0,39.04,23.4538,4,4,-1,9.0
1,30,-0.0022,0.0,100.0,518.67,642.2,1593.52,1396.08,14.62,21.61,554.37,2388.07,9045.62,1.3,47.4,522.19,2388.0,8137.86,8.4065,0.03,390,2388,100.0,39.05,23.411,4,4,4,8.0
1,30,-0.0016,-0.0004,100.0,518.67,642.53,1586.99,1396.67,14.62,21.6,554.78,2388.03,9068.92,1.3,47.34,522.45,2387.97,8149.55,8.4513,0.03,392,2388,100.0,39.12,23.4103,4,4,-1,7.0
1,31,0.0014,0.0005,100.0,518.67,642.02,1584.18,1396.9,14.62,21.61,554.13,2388.08,9058.78,1.3,47.41,521.95,2388.06,8125.28,8.4104,0.03,392,2388,100.0,38.94,23.3353,4,4,-1,6.0
1,31,-0.0004,0.0001,100.0,518.67,642.32,1586.13,1397.47,14.62,21.61,553.71,2387.95,9063.81,1.3,47.24,522.35,2388.01,8150.74,8.3766,0.03,390,2388,100.0,39.2,23.4302,4,4,-1,5.0
1,32,0.0005,-0.0003,100.0,518.67,642.33,1591.38,1400.36,14.62,21.61,554.96,2388.04,9050.97,1.3,47.25,521.92,2388.07,8129.7,8.4148,0.03,392,2388,100.0,39.02,23.4999,4,4,4,4.0
1,32,0.0018,-0.0005,100.0,518.67,642.11,1587.7,1392.44,14.62,21.61,555.28,2388.03,9066.15,1.3,47.17,522.72,2387.96,8151.57,8.4155,0.03,391,2388,100.0,39.02,23.3631,4,4,-1,3.0
1,33,-0.0042,-0.0004,100.0,518.67,642.71,1588.4,1402.43,14.62,21.61,554.61,2388.04,9047.13,1.3,47.28,521.91,2388.08,8134.42,8.3753,0.03,392,2388,100.0,38.83,23.3506,4,4,-1,2.0
1,33,0.0026,-0.0003,100.0,518.67,642.49,1579.54,1399.94,14.62,21.61,554.2,2388.0,9059.84,1.3,47.27,521.95,2388.0,8154.7,8.4126,0.03,392,2388,100.0,39.16,23.4065,4,4,-1,1.0
1,34,0.0015,-0.0001,100.0,518.67,642.54,1581.47,1400.48,14.62,21.61,554.3,2388.03,9046.46,1.3,47.47,521.7,2388.09,8126.61,8.4349,0.03,392,2388,100.0,38.81,23.3092,0,3,-1,1.0
1,34,-0.0024,-0.0002,100.0,518.67,642.21,1586.42,1403.41,14.62,21.61,554.28,2387.96,9068.03,1.3,47.47,522.03,2388.02,8146.6,8.4218,0.03,391,2388,100.0,39.02,23.4787,4,4,-1,31.0
1,35,0.0003,0.0002,100.0,518.67,642.44,1590.0,1403.0,14.62,21.61,554.3,2388.04,9045.76,1.3,47.31,521.75,2388.01,8140.17,8.443,0.03,391,2388,100.0,39.13,23.4164,4,4,4,30.0
1,35,-0.0055,0.0003,100.0,518.67,641.8,1590.74,1396.33,14.62,21.61,553.75,2388.03,9069.69,1.3,47.55,522.09,2388.02,8148.97,8.4268,0.03,392,2388,100.0,38.9,23.2894,4,4,-1,29.0
1,36,-0.0004,-0.0002,100.0,518.67,642.54,1581.72,1405.54,14.62,21.61,554.53,2388.01,9044.56,1.3,47.25,522.32,2388.04,8132.48,8.4246,0.03,392,2388,100.0,38.86,23.4308,4,4,3,28.0
1,36,0.0012,-0.0004,100.0,518.67,642.45,1581.86,1395.89,14.62,21.61,554.85,2388.02,9067.31,1.3,47.32,522.22,2388.03,8146.41,8.4141,0.03,393,2388,100.0,38.91,23.5297,4,4,-1,27.0
1,37,-0.0004,-0.0,100.0,518.67,641.99,1579.11,1398.9,14.62,21.61,554.63,2388.07,9055.44,1.3,47.29,522.29,2388.04,8131.95,8.4142,0.03,392,2388,100.0,38.99,23.4352,4,4,-1,26.0
1,37,-0.004,-0.0001,100.0,518.67,642.06,1588.99,1396.98,14.62,21.61,554.82,2387.95,9073.55,1.3,47.33,522.58,2388.02,8151.59,8.3305,0.03,393,2388,100.0,39.03,23.4539,4,4,-1,25.0
1,38,-0.0018,-0.0002,100.0,518.67,641.93,1589.6,1399.5,14.62,21.61,554.7,2388.08,9055.27,1.3,47.27,522.42,2388.08,8136.61,8.4158,0.03,392,2388,100.0,39.06,23.4768,4,4,-1,24.0
1,38,0.004,-0.0004,100.0,518.67,642.49,1588.71,1401.57,14.62,21.61,555.03,2388.01,9071.77,1.3,47.3,522.62,2387.98,8148.72,8.3718,0.03,392,2388,100.0,38.83,23.4252,4,4,-1,23.0
1,39,-0.003,-0.0001,100.0,518.67,642.01,1583.21,1400.69,14.62,21.61,553.97,2388.02,9051.76,1.3,47.12,522.23,2388.05,8131.81,8.414,0.03,392,2388,100.0,38.7,23.3699,4,4,-1,22.0
1,39,0.0065,-0.0,100.0,518.67,641.6,1578.79,1400.48,14.62,21.61,554.31,2388.02,9074.51,1.3,47.19,522.26,2387.99,8155.39,8.4005,0.03,392,2388,100.0,38.91,23.3543,4,4,-1,21.0
1,40,-0.0,-0.0004,100.0,518.67,642.24,1582.08,1401.77,14.62,21.61,554.57,2388.06,9052.98,1.3,47.33,521.84,2388.01,8131.03,8.3784,0.03,392,2388,100.0,38.84,23.3769,4,4,-1,20.0
1,40,0.0007,-0.0002,100.0,518.67,642.22,1583.9,1395.26,14.62,21.61,554.51,2387.96,9069.77,1.3,47.24,522.47,2388.02,8150.31,8.3948,0.03,394,2388,100.0,38.94,23.4083,4,4,-1,19.0
1,41,0.0033,0.0004,100.0,518.67,642.4,1591.31,1403.21,14.62,21.61,553.72,2388.06,9048.99,1.3,47.09,522.07,2388.03,8138.08,8.437,0.03,392,2388,100.0,39.13,23.4444,4,4,-1,18.0
1,41,-0.0014,-0.0002,100.0,518.67,641.96,1582.54,1400.72,14.62,21.6,554.61,2387.97,9072.56,1.3,47.32,522.45,2387.97,8151.32,8.3559,0.03,392,2388,100.0,39.07,23.3239,4,4,4,17.0
1,42,0.0005,-0.0004,100.0,518.67,642.12,1584.66,1401.38,14.62,21.61,553.94,2388.08,9057.06,1.3,47.49,522.23,2388.05,8130.88,8.4137,0.03,392,2388,100.0,39.0,23.375,4,4,-1,16.0
1,42,0.0018,-0.0002,100.0,518.67,642.06,1584.71,1403.21,14.62,21.61,554.31,2388.0,9071.68,1.3,47.26,522.2,2387.97,8148.7,8.4148,0.03,392,2388,100.0,38.86,23.4382,4,4,-1,15.0
1,43,-0.0027,0.0005,100.0,518.67,642.24,1591.52,1406.05,14.62,21.61,553.68,2388.03,9057.88,1.3,47.32,522.74,2388.09,8127.22,8.4068,0.03,392,2388,100.0,38.99,23.3148,4,4,-1,14.0
1,43,0.0009,0.0004,100.0,518.67,642.71,1581.49,1399.38,14.62,21.61,553.96,2387.96,9072.52,1.3,47.1,522.42,2387.98,8144.75,8.4327,0.03,392,2388,100.0,39.14,23.4357,4,4,-1,13.0
1,44,-0.0001,0.0002,100.0,518.67,641.93,1586.94,1401.2,14.62,21.61,554.15,2388.04,9046.87,1.3,47.45,522.3,2388.0,8131.45,8.4201,0.03,392,2388,100.0,39.06,23.4753,4,4,-1,12.0
1,44,0.002,0.0001,100.0,518.67,642.69,1585.54,1407.66,14.62,21.61,552.85,2387.99,9068.1,1.3,47.26,522.78,2387.94,8149.9,8.4334,0.03,389,2388,100.0,39.17,23.3515,4,4,-1,11.0
1,45,-0.0013,-0.0,100.0,518.67,642.53,1582.42,1399.16,14.62,21.61,553.83,2388.08,9060.32,1.3,47.45,521.73,2388.05,8128.31,8.4099,0.03,393,2388,100.0,38.79,23.3943,4,4,3,10.0
1,45,0.0019,0.0001,100.0,518.67,642.56,1584.23,1407.95,14.62,21.61,554.23,2387.96,9066.98,1.3,47.17,522.56,2387.98,8153.01,8.4343,0.03,391,2388,100.0,39.01,23.3131,4,4,-1,9.0
1,46,0.0003,0.0001,100.0,518.67,642.43,1588.29,1401.27,14.62,21.61,553.76,2388.06,9060.38,1.3,47.2,522.02,2388.08,8128.71,8.3977,0.03,393,2388,100.0,38.93,23.3745,4,4,-1,8.0
1,46,-0.0037,0.0003,100.0,518.67,642.02,1582.9,1400.5,14.62,21.61,554.61,2388.06,9071.26,1.3,47.21,522.04,2388.04,8145.17,8.4268,0.03,392,2388,100.0,38.88,23.5009,4,4,-1,7.0
1,47,0.0,0.0005,100.0,518.67,642.21,1580.32,1402.89,14.62,21.61,554.38,2388.06,9052.04,1.3,47.22,521.84,2388.05,8126.21,8.3973,0.03,392,2388,100.0,38.99,23.4873,4,4,-1,6.0
1,47,-0.0019,0.0003,100.0,518.67,642.6,1592.1,1398.26,14.62,21.61,554.11,2388.01,9073.71,1.3,47.28,522.03,2387.97,8150.46,8.3755,0.03,392,2388,100.0,39.14,23.269,4,4,-1,5.0
1,48,0.0019,0.0001,100.0,518.67,641.89,1588.51,1399.16,14.62,21.61,554.02,2388.08,9045.26,1.3,47.4,521.91,2388.06,8129.99,8.4376,0.03,392,2388,100.0,38.94,23.365,4,4,-1,4.0
1,48,0.0003,0.0,100.0,518.67,642.44,1583.27,1399.17,14.62,21.61,554.16,2388.02,9066.97,1.3,47.27,522.29,2388.04,8150.94,8.3998,0.03,394,2388,100.0,39.02,23.3188,4,4,4,3.0
1,49,-0.0014,0.0005,100.0,518.67,642.23,1584.35,1397.76,14.62,21.61,554.23,2388.07,9050.64,1.3,47.22,521.37,2388.04,8135.48,8.4151,0.03,392,2388,100.0,39.06,23.4498,4,4,-1,2.0
1,49,0.003,-0.0004,100.0,518.67,642.37,1586.75,1393.83,14.62,21.61,553.91,2388.04,9076.18,1.3,47.28,521.94,2388.01,8149.51,8.3804,0.03,390,2388,100.0,38.92,23.3822,4,4,-1,1.0
1,50,-0.0032,-0.0001,100.0,518.67,642.77,1588.49,1403.62,14.62,21.61,553.92,2388.06,9048.6,1.3,47.47,522.33,2388.09,8127.3,8.4116,0.03,392,2388,100.0,38.85,23.4106,0,3,-1,1.0
1,50,-0.0008,0.0004,100.0,518.67,642.41,1590.26,1398.51,14.62,21.61,554.27,2387.98,9068.53,1.3,47.08,522.01,2388.04,8148.25,8.4073,0.03,392,2388,100.0,38.97,23.3748,4,4,-1,7.0
1,51,-0.001,0.0003,100.0,518.67,642.81,1585.54,1400.42,14.62,21.61,553.73,2388.02,9047.09,1.3,47.12,521.91,2388.05,8134.36,8.4504,0.03,393,2388,100.0,38.94,23.3651,4,4,-1,6.0
1,51,-0.0012,-0.0,100.0,518.67,642.2,1587.71,1390.26,14.62,21.61,554.71,2387.99,9067.59,1.3,47.21,522.4,2387.98,8153.0,8.3567,0.03,391,2388,100.0,38.9,23.4784,4,4,-1,5.0
1,52,0.0018,-0.0001,100.0,518.67,642.76,1583.77,1395.57,14.62,21.61,553.04,2388.04,9056.01,1.3,47.07,522.1,2388.07,8132.82,8.4539,0.03,391,2388,100.0,39.0,23.3388,4,4,-1,4.0
1,52,0.0002,0.0003,100.0,518.67,642.61,1583.3,1403.78,14.62,21.61,554.09,2387.97,9063.21,1.3,47.24,521.69,2387.93,8150.07,8.3914,0.03,391,2388,100.0,38.97,23.3179,4,4,3,3.0
1,53,0.0021,-0.0001,100.0,518.67,642.61,1579.82,1402.26,14.62,21.61,554.16,2388.05,9051.15,1.3,47.29,521.96,2388.06,8134.38,8.4418,0.03,392,2388,100.0,38.9,23.3775,4,4,-1,2.0
1,53,0.0006,-0.0002,100.0,518.67,642.45,1583.03,1400.06,14.62,21.61,553.12,2388.03,9064.82,1.3,47.34,522.4,2388.04,8150.1,8.411,0.03,391,2388,100.0,38.91,23.439,4,4,-1,1.0
1,54,-0.0002,0.0005,100.0,518.67,642.42,1592.59,1401.2,14.62,21.61,553.95,2388.04,9056.29,1.3,47.38,522.44,2388.06,8129.95,8.4189,0.03,392,2388,100.0,38.96,23.2348,0,3,-1,1.0
1,54,0.0007,-0.0004,100.0,518.67,642.48,1584.68,1406.3,14.62,21.61,554.8,2388.03,9068.35,1.3,47.22,522.28,2388.04,8145.58,8.4074,0.03,392,2388,100.0,38.99,23.4086,4,4,4,9.0
1,55,0.0009,-0.0,100.0,518.67,642.41,1584.95,1401.58,14.62,21.61,554.45,2388.04,9048.94,1.3,47.4,522.11,2388.02,8134.1,8.4071,0.03,392,2388,100.0,39.06,23.3567,4,4,-1,8.0
1,55,0.0002,0.0004,100.0,518.67,642.25,1587.23,1401.26,14.62,21.61,554.56,2388.01,9066.05,1.3,47.12,522.42,2388.02,8150.6,8.4106,0.03,391,2388,100.0,38.93,23.4395,4,4,-1,7.0
1,56,0.0007,-0.0002,100.0,518.67,642.49,1586.33,1400.76,14.62,21.61,553.98,2388.01,9042.42,1.3,47.26,522.48,2388.04,8135.4,8.4022,0.03,391,2388,100.0,38.68,23.3408,4,4,-1,6.0
1,56,0.0008,0.0,100.0,518.67,642.79,1585.25,1396.05,14.62,21.6,554.24,2388.01,9067.08,1.3,47.07,522.67,2388.03,8148.37,8.4308,0.03,394,2388,100.0,38.96,23.4014,4,4,-1,5.0
1,57,-0.0033,0.0,100.0,518.67,642.13,1583.67,1402.79,14.62,21.61,553.42,2388.05,9050.8,1.3,47.29,521.62,2388.08,8135.48,8.4263,0.03,392,2388,100.0,38.84,23.3567,4,4,-1,4.0
1,57,-0.0024,-0.0003,100.0,518.67,642.47,1586.13,1396.03,14.62,21.61,554.29,2387.97,9074.48,1.3,47.11,522.14,2387.99,8148.7,8.3816,0.03,391,2388,100.0,39.0,23.4644,4,4,-1,3.0
1,58,-0.0014,0.0001,100.0,518.67,641.9,1590.46,1397.99,14.62,21.61,554.14,2388.09,9050.33,1.3,47.26,522.21,2388.04,8132.08,8.4319,0.03,390,2388,100.0,38.93,23.2893,4,4,-1,2.0
1,58,-0.0043,-0.0001,100.0,518.67,641.98,1587.55,1402.61,14.62,21.61,553.84,2387.98,9068.44,1.3,47.17,521.89,2388.05,8148.44,8.4089,0.03,393,2388,100.0,39.2,23.353,4,4,4,1.0
1,59,-0.0006,0.0002,100.0,518.67,642.33,1596.72,1403.51,14.62,21.61,554.62,2388.07,9050.06,1.3,47.26,521.32,2388.02,8128.81,8.4476,0.03,392,2388,100.0,38.92,23.4444,0,3,-1,1.0
1,59,0.0002,-0.0,100.0,518.67,642.01,1589.14,1405.41,14.62,21.61,554.48,2387.96,9066.73,1.3,47.24,522.84,2388.01,8151.41,8.4339,0.03,393,2388,100.0,38.98,23.4888,4,4,-1,7.0
1,60,-0.001,-0.0002,100.0,518.67,642.34,1582.75,1403.07,14.62,21.61,554.0,2388.06,9051.69,1.3,47.41,522.49,2388.03,8132.89,8.3878,0.03,393,2388,100.0,38.89,23.387,4,4,-1,6.0
1,60,-0.0001,-0.0003,100.0,518.67,642.52,1578.91,1406.32,14.62,21.61,554.16,2388.03,9069.03,1.3,47.31,522.32,2387.98,8148.29,8.3837,0.03,392,2388,100.0,38.99,23.3179,4,4,-1,5.0
1,61,0.0004,0.0005,100.0,518.67,642.1,1583.55,1405.52,14.62,21.61,554.09,2388.11,9050.58,1.3,47.31,522.34,2388.09,8131.66,8.4264,0.03,391,2388,100.0,38.89,23.3638,4,4,-1,4.0
1,61,0.003,-0.0004,100.0,518.67,641.97,1584.13,1400.11,14.62,21.61,554.09,2388.01,9075.7,1.3,47.23,522.28,2387.98,8152.04,8.3578,0.03,391,2388,100.0,39.19,23.4228,4,4,4,3.0
1,62,0.0004,0.0001,100.0,518.67,642.17,1581.59,1399.54,14.62,21.61,554.45,2388.1,9053.62,1.3,47.28,522.19,2388.1,8132.28,8.4071,0.03,391,2388,100.0,39.03,23.2707,4,4,4,2.0
1,62,0.0031,-0.0004,100.0,518.67,642.47,1593.91,1397.99,14.62,21.61,554.15,2388.04,9067.62,1.3,47.25,522.33,2388.02,8150.95,8.4285,0.03,390,2388,100.0,38.91,23.3841,4,4,-1,1.0
1,63,0.0015,0.0002,100.0,518.67,642.6,1592.14,1395.38,14.62,21.61,553.48,2388.06,9049.96,1.3,47.51,521.56,2388.01,8130.73,8.4357,0.03,394,2388,100.0,38.77,23.3436,0,3,-1,1.0
1,63,0.0008,-0.0002,100.0,518.67,641.82,1583.91,1403.75,14.62,21.61,554.73,2388.01,9065.3,1.3,47.32,522.76,2388.04,8151.24,8.3982,0.03,391,2388,100.0,38.98,23.4328,4,4,4,3.0
1,64,0.0017,0.0002,100.0,518.67,642.23,1584.51,1400.11,14.62,21.61,553.88,2388.1,9043.67,1.3,47.45,521.82,2388.04,8128.15,8.4066,0.03,391,2388,100.0,38.93,23.384,4,4,-1,2.0
1,64,-0.0006,0.0002,100.0,518.67,642.49,1589.38,1399.53,14.62,21.61,554.89,2388.0,9072.87,1.3,47.34,522.81,2387.98,8146.73,8.4168,0.03,391,2388,100.0,38.92,23.3717,4,4,-1,1.0
1,65,-0.0,0.0005,100.0,518.67,642.28,1584.72,1403.24,14.62,21.61,553.97,2388.03,9044.01,1.3,47.56,521.54,2388.13,8132.94,8.4406,0.03,392,2388,100.0,38.9,23.3752,0,3,-1,1.0
1,65,-0.0035,-0.0003,100.0,518.67,642.15,1589.05,1391.23,14.62,21.61,554.01,2387.96,9068.0,1.3,47.31,522.59,2387.97,8153.43,8.398,0.03,391,2388,100.0,39.07,23.4992,4,4,-1,3.0
1,66,-0.0007,-0.0004,100.0,518.67,642.5,1588.5,1399.52,14.62,21.61,554.0,2388.06,9059.45,1.3,47.14,521.76,2388.05,8128.32,8.3911,0.03,391,2388,100.0,38.95,23.3152,4,4,-1,2.0
1,66,0.0,-0.0002,100.0,518.67,642.16,1586.02,1397.9,14.62,21.61,554.5,2387.97,9072.46,1.3,47.36,521.68,2387.99,8147.89,8.4487,0.03,391,2388,100.0,39.03,23.2868,4,4,4,1.0
1,67,0.0016,-0.0004,100.0,518.67,642.33,1590.22,1403.02,14.62,21.61,554.31,2388.1,9050.24,1.3,47.39,522.64,2388.08,8134.07,8.3925,0.03,393,2388,100.0,38.97,23.291,0,3,4,1.0
1,67,0.0005,0.0,100.0,518.67,642.01,1585.57,1399.69,14.62,21.61,554.3,2388.03,9072.09,1.3,47.36,521.77,2388.03,8152.11,8.4355,0.03,391,2388,100.0,38.79,23.2883,4,4,-1,13.0
1,68,-0.0018,0.0,100.0,518.67,642.51,1582.06,1404.42,14.62,21.61,554.04,2388.1,9051.78,1.3,47.36,521.72,2388.07,8132.39,8.4242,0.03,392,2388,100.0,38.95,23.3174,4,4,-1,12.0
1,68,0.0006,-0.0005,100.0,518.67,642.07,1580.92,1401.99,14.62,21.61,554.2,2388.04,9072.69,1.3,47.35,521.81,2387.95,8142.59,8.4185,0.03,391,2388,100.0,38.97,23.4363,4,4,-1,11.0
1,69,-0.0022,0.0005,100.0,518.67,642.44,1590.7,1401.24,14.62,21.61,554.65,2388.07,9050.59,1.3,47.41,522.22,2388.1,8129.13,8.4292,0.03,392,2388,100.0,39.0,23.3742,4,4,-1,10.0
1,69,0.0002,0.0001,100.0,518.67,642.88,1589.68,1399.78,14.62,21.61,553.99,2388.05,9068.54,1.3,47.11,522.55,2388.05,8153.08,8.4486,0.03,392,2388,100.0,39.07,23.3217,4,4,3,9.0
1,70,-0.0005,0.0002,100.0,518.67,642.22,1584.02,1402.78,14.62,21.61,554.01,2388.11,9053.43,1.3,47.41,521.93,2388.12,8130.36,8.4279,0.03,392,2388,100.0,38.86,23.4513,4,4,3,8.0
1,70,-0.002,-0.0005,100.0,518.67,642.34,1591.65,1401.42,14.62,21.61,554.43,2388.02,9071.32,1.3,47.26,522.22,2388.05,8148.04,8.4294,0.03,393,2388,100.0,39.14,23.3813,4,4,-1,7.0
1,71,0.0016,-0.0003,100.0,518.67,642.21,1580.41,1403.09,14.62,21.61,554.06,2388.03,9046.09,1.3,47.3,521.72,2388.09,8134.28,8.423,0.03,391,2388,100.0,38.8,23.3881,4,4,-1,6.0
1,71,0.0032,0.0004,100.0,518.67,642.58,1583.72,1397.76,14.62,21.61,553.97,2388.03,9073.21,1.3,47.19,522.21,2387.98,8145.76,8.4168,0.03,391,2388,100.0,39.13,23.4798,4,4,-1,5.0
1,72,-0.0017,0.0001,100.0,518.67,642.41,1579.25,1406.81,14.62,21.61,553.76,2388.07,9054.42,1.3,47.27,521.97,2388.09,8133.95,8.3951,0.03,391,2388,100.0,38.84,23.3085,4,4,-1,4.0
1,72,0.0012,0.0002,100.0,518.67,641.91,1582.17,1402.51,14.62,21.61,554.38,2388.02,9076.78,1.3,47.26,522.23,2388.06,8144.3,8.4528,0.03,392,2388,100.0,39.04,23.3875,4,4,-1,3.0
1,73,-0.0012,-0.0002,100.0,518.67,642.29,1592.04,1397.93,14.62,21.61,553.88,2388.03,9049.64,1.3,47.29,522.04,2388.1,8129.85,8.404,0.03,391,2388,100.0,39.03,23.3975,4,4,-1,2.0
1,73,-0.0004,-0.0004,100.0,518.67,642.02,1586.87,1397.72,14.62,21.61,554.42,2388.04,9073.4,1.3,47.34,522.23,2388.03,8148.12,8.4825,0.03,393,2388,100.0,39.05,23.3951,4,4,-1,1.0
1,74,0.0027,0.0001,100.0,518.67,642.96,1584.65,1401.48,14.62,21.61,554.03,2388.07,9045.85,1.3,47.58,522.25,2387.97,8132.67,8.4135,0.03,392,2388,100.0,38.8,23.382,0,3,-1,1.0
1,74,-0.0004,-0.0001,100.0,518.67,641.86,1583.99,1399.91,14.62,21.61,554.14,2388.01,9065.14,1.3,47.22,522.22,2388.01,8151.44,8.428,0.03,393,2388,100.0,39.02,23.3814,4,4,-1,5.0
1,75,0.0009,-0.0004,100.0,518.67,641.96,1582.32,1394.82,14.62,21.61,553.6,2388.07,9042.32,1.3,47.22,521.77,2388.11,8130.13,8.4621,0.03,392,2388,100.0,38.89,23.3521,4,4,-1,4.0
1,75,-0.001,0.0004,100.0,518.67,642.22,1587.16,1396.3,14.62,21.61,553.64,2388.0,9064.8,1.3,47.19,522.32,2387.98,8150.37,8.3836,0.03,393,2388,100.0,39.02,23.4318,4,4,-1,3.0
1,76,-0.0015,0.0002,100.0,518.67,642.21,1589.21,1398.94,14.62,21.61,553.66,2388.02,9056.55,1.3,47.44,521.58,2388.03,8136.44,8.3996,0.03,390,2388,100.0,39.02,23.4428,4,4,4,2.0
1,76,0.0017,-0.0,100.0,518.67,642.85,1586.17,1400.01,14.62,21.61,554.37,2387.98,9068.07,1.3,47.15,522.64,2388.02,8155.63,8.4061,0.03,392,2388,100.0,38.77,23.3529,4,4,-1,1.0
1,77,0.0022,0.0004,100.0,518.67,642.55,1586.3,1400.97,14.62,21.61,554.61,2388.06,9046.44,1.3,47.41,521.6,2388.08,8135.25,8.453,0.03,393,2388,100.0,38.99,23.275,0,3,-1,1.0
1,77,-0.0072,-0.0001,100.0,518.67,642.02,1581.99,1399.58,14.62,21.61,554.14,2388.0,9070.8,1.3,47.29,521.91,2388.08,8148.31,8.3727,0.03,391,2388,100.0,38.96,23.3415,4,4,-1,3.0
1,78,0.004,0.0002,100.0,518.67,641.99,1580.76,1404.1,14.62,21.61,553.47,2388.08,9042.37,1.3,47.4,522.28,2388.16,8133.91,8.3793,0.03,392,2388,100.0,38.88,23.3486,4,4,-1,2.0
1,78,-0.0,0.0001,100.0,518.67,642.86,1578.35,1400.19,14.62,21.61,554.23,2388.01,9074.23,1.3,47.22,522.15,2388.09,8153.43,8.4288,0.03,391,2388,100.0,38.88,23.4148,4,4,-1,1.0
1,79,0.0022,-0.0002,100.0,518.67,642.12,1582.46,1403.93,14.62,21.61,553.77,2388.04,9047.86,1.3,47.35,521.85,2388.13,8135.4,8.4132,0.03,394,2388,100.0,38.9,23.3121,0,3,-1,1.0
1,79,0.0008,0.0003,100.0,518.67,642.03,1583.5,1400.42,14.62,21.61,553.98,2388.02,9070.53,1.3,47.08,522.01,2388.03,8150.68,8.3895,0.03,391,2388,100.0,38.99,23.4047,4,4,-1,3.0
1,80,-0.0002,-0.0004,100.0,518.67,641.94,1591.96,1393.58,14.62,21.61,553.91,2388.06,9043.67,1.3,47.64,521.52,2388.1,8134.66,8.4235,0.03,392,2388,100.0,38.89,23.3613,4,4,-1,2.0
1,80,0.0028,0.0003,100.0,518.67,641.53,1586.62,1393.1,14.62,21.61,554.63,2388.01,9067.76,1.3,47.22,521.93,2387.98,8153.0,8.408,0.03,393,2388,100.0,38.85,23.458,4,4,-1,1.0
1,81,-0.0018,-0.0004,100.0,518.67,642.73,1584.82,1402.04,14.62,21.61,553.88,2388.1,9045.31,1.3,47.43,521.66,2388.05,8128.87,8.4247,0.03,392,2388,100.0,38.77,23.373,0,3,-1,1.0
1,81,0.0021,0.0,100.0,518.67,642.13,1581.98,1402.49,14.62,21.61,553.72,2388.02,9070.82,1.3,47.02,522.32,2388.06,8153.66,8.4433,0.03,394,2388,100.0,38.94,23.4212,4,4,-1,3.0
1,82,-0.0012,0.0001,100.0,518.67,642.04,1589.07,1399.17,14.62,21.61,554.18,2388.1,9048.22,1.3,47.25,521.95,2388.03,8134.04,8.3986,0.03,393,2388,100.0,38.89,23.2713,4,4,-1,2.0
1,82,-0.0018,-0.0005,100.0,518.67,642.55,1587.08,1402.42,14.62,21.61,554.5,2388.02,9064.56,1.3,47.19,522.19,2388.05,8151.48,8.4196,0.03,393,2388,100.0,39.12,23.3853,4,4,-1,1.0
1,83,0.0004,0.0005,100.0,518.67,642.66,1588.05,1406.38,14.62,21.61,553.49,2388.08,9049.08,1.3,47.22,521.93,2388.05,8131.32,8.4128,0.03,391,2388,100.0,38.8,23.3274,0,3,3,1.0
1,83,-0.0053,-0.0004,100.0,518.67,641.85,1587.23,1401.86,14.62,21.61,555.2,2388.01,9063.6,1.3,47.25,521.93,2388.04,8152.49,8.3843,0.03,393,2388,100.0,39.0,23.3097,4,4,-1,1.0
1,84,0.0005,0.0002,100.0,518.67,642.64,1585.52,1406.6,14.62,21.61,553.91,2388.05,9050.47,1.3,47.38,521.54,2388.06,8131.54,8.4139,0.03,392,2388,100.0,38.73,23.2653,0,3,-1,1.0
1,84,0.0035,0.0001,100.0,518.67,641.94,1585.55,1398.99,14.62,21.61,554.75,2388.03,9066.72,1.3,47.27,521.97,2388.07,8153.01,8.3854,0.03,390,2388,100.0,38.98,23.3584,4,4,-1,1.0
1,85,0.0025,0.0003,100.0,518.67,642.28,1590.12,1405.96,14.62,21.61,554.4,2388.01,9056.08,1.3,47.36,522.3,2388.05,8135.31,8.4499,0.03,392,2388,100.0,39.01,23.284,0,3,-1,2.0
1,85,0.0003,-0.0004,100.0,518.67,642.57,1587.23,1399.21,14.62,21.61,553.87,2388.02,9070.36,1.3,47.43,522.11,2388.04,8149.97,8.4385,0.03,395,2388,100.0,38.96,23.4284,0,3,-1,1.0
1,86,-0.0012,0.0004,100.0,518.67,641.84,1588.8,1403.56,14.62,21.61,553.69,2388.1,9047.26,1.3,47.38,521.82,2388.09,8130.06,8.4173,0.03,394,2388,100.0,38.94,23.3945,4,4,4,2.0
1,86,-0.0012,0.0003,100.0,518.67,642.07,1590.38,1403.18,14.62,21.61,554.77,2388.02,9065.76,1.3,47.34,522.02,2387.96,8145.53,8.4299,0.03,393,2388,100.0,38.88,23.4409,4,4,-1,1.0
1,87,0.0,-0.0004,100.0,518.67,642.33,1586.69,1413.1,14.62,21.61,554.1,2388.14,9050.52,1.3,47.34,521.43,2388.06,8130.41,8.4326,0.03,391,2388,100.0,38.88,23.3402,0,3,-1,1.0
1,87,-0.004,0.0001,100.0,518.67,642.27,1584.76,1399.41,14.62,21.61,553.7,2388.05,9066.48,1.3,47.46,521.75,2388.05,8155.21,8.4388,0.03,392,2388,100.0,39.02,23.4712,4,4,-1,8.0
1,88,0.0029,0.0003,100.0,518.67,641.96,1581.29,1406.09,14.62,21.61,554.48,2388.07,9046.73,1.3,47.46,522.2,2388.04,8131.47,8.4586,0.03,392,2388,100.0,38.9,23.3086,4,4,-1,7.0
1,88,0.0006,0.0004,100.0,518.67,641.46,1587.88,1396.91,14.62,21.61,553.85,2387.99,9067.25,1.3,47.23,522.05,2388.01,8145.17,8.4211,0.03,392,2388,100.0,39.08,23.3099,4,4,-1,6.0
1,89,0.0008,-0.0001,100.0,518.67,642.24,1584.73,1402.22,14.62,21.61,553.91,2388.05,9055.24,1.3,47.46,521.55,2388.08,8135.15,8.4489,0.03,392,2388,100.0,38.95,23.3288,4,4,-1,5.0
1,89,0.0001,-0.0002,100.0,518.67,642.67,1593.73,1406.77,14.62,21.61,555.48,2388.06,9069.17,1.3,47.18,522.79,2388.02,8149.34,8.4099,0.03,392,2388,100.0,38.88,23.4671,4,4,-1,4.0
1,90,0.0017,-0.0001,100.0,518.67,642.67,1584.38,1412.93,14.62,21.61,552.88,2388.1,9051.27,1.3,47.32,521.49,2388.09,8129.72,8.3961,0.03,391,2388,100.0,38.98,23.4712,4,4,3,3.0
1,90,-0.0011,-0.0002,100.0,518.67,642.33,1581.98,1398.82,14.62,21.61,554.22,2388.03,9077.2,1.3,47.34,522.08,2387.99,8153.72,8.3848,0.03,392,2388,100.0,39.03,23.3154,4,4,-1,2.0
1,91,0.0025,-0.0004,100.0,518.67,641.98,1584.84,1404.76,14.62,21.61,553.54,2388.04,9050.72,1.3,47.32,521.55,2388.1,8134.4,8.3949,0.03,394,2388,100.0,39.11,23.3842,4,4,-1,1.0
1,91,-0.002,-0.0004,100.0,518.67,642.58,1592.53,1406.11,14.62,21.61,554.64,2388.02,9063.78,1.3,47.37,522.34,2388.05,8144.94,8.3901,0.03,394,2388,100.0,38.92,23.3784,0,3,3,2.0
1,92,0.001,-0.0002,100.0,518.67,642.89,1590.03,1400.77,14.62,21.61,553.81,2388.14,9048.36,1.3,47.45,521.91,2388.05,8131.39,8.3982,0.03,392,2388,100.0,38.99,23.3522,0,3,-1,1.0
1,92,0.0016,-0.0004,100.0,518.67,641.88,1587.25,1398.36,14.62,21.61,553.74,2388.0,9076.64,1.3,47.32,522.04,2387.98,8140.49,8.3986,0.03,393,2388,100.0,38.92,23.3472,4,4,-1,1.0
1,93,0.0032,0.0002,100.0,518.67,642.85,1593.74,1408.48,14.62,21.61,554.07,2388.07,9047.87,1.3,47.46,521.43,2388.08,8133.15,8.421,0.03,392,2388,100.0,38.86,23.2477,0,3,-1,1.0
1,93,0.0019,-0.0001,100.0,518.67,642.59,1581.57,1403.57,14.62,21.61,554.65,2388.05,9074.6,1.3,47.43,522.15,2388.0,8152.64,8.3652,0.03,392,2388,100.0,38.95,23.3151,4,4,-1,1.0
1,94,-0.0021,0.0002,100.0,518.67,642.45,1583.27,1404.94,14.62,21.61,553.86,2388.15,9045.83,1.3,47.48,521.61,2388.07,8132.4,8.4524,0.03,393,2388,100.0,38.85,23.3758,0,3,3,1.0
1,94,0.0029,0.0002,100.0,518.67,642.7,1585.22,1394.97,14.62,21.6,554.19,2387.97,9071.37,1.3,47.09,522.4,2388.02,8151.88,8.3962,0.03,392,2388,100.0,38.9,23.247,4,4,-1,1.0
1,95,0.0019,0.0003,100.0,518.67,642.86,1577.6,1410.1,14.62,21.61,553.91,2388.02,9048.85,1.3,47.38,521.92,2388.02,8131.63,8.4575,0.03,394,2388,100.0,38.76,23.3269,0,3,-1,1.0
1,95,0.0027,-0.0001,100.0,518.67,642.8,1577.32,1406.0,14.62,21.61,554.29,2388.02,9067.45,1.3,47.31,522.18,2388.02,8150.69,8.4321,0.03,392,2388,100.0,38.93,23.3817,4,4,-1,3.0
1,96,-0.0034,0.0001,100.0,518.67,642.19,1584.07,1395.16,14.62,21.61,553.34,2388.07,9048.71,1.3,47.39,521.66,2388.06,8130.69,8.4311,0.03,392,2388,100.0,38.88,23.3255,4,4,-1,2.0
1,96,-0.0028,0.0003,100.0,518.67,642.12,1587.08,1398.42,14.62,21.61,553.97,2388.04,9066.45,1.3,47.36,522.14,2388.05,8152.69,8.4205,0.03,393,2388,100.0,38.78,23.4411,4,4,-1,1.0
1,97,0.0035,-0.0003,100.0,518.67,642.07,1595.77,1407.81,14.62,21.61,553.4,2388.09,9046.1,1.3,47.46,521.67,2388.06,8128.74,8.4105,0.03,392,2388,100.0,39.01,23.2963,0,3,-1,1.0
1,97,0.0007,-0.0004,100.0,518.67,642.22,1584.55,1388.13,14.62,21.61,554.57,2388.07,9066.66,1.3,47.45,522.43,2388.05,8145.15,8.4114,0.03,392,2388,100.0,38.85,23.363,4,4,4,3.0
1,98,0.0006,0.0004,100.0,518.67,642.0,1591.11,1404.56,14.62,21.61,552.75,2388.06,9045.49,1.3,47.37,522.31,2388.06,8127.89,8.4012,0.03,391,2388,100.0,38.96,23.2554,4,4,-1,2.0
1,98,-0.0009,0.0003,100.0,518.67,642.17,1583.35,1402.22,14.62,21.61,553.88,2388.1,9069.55,1.3,47.34,522.14,2388.02,8152.62,8.4121,0.03,393,2388,100.0,39.08,23.4234,4,4,-1,1.0
1,99,-0.0005,-0.0,100.0,518.67,642.46,1592.73,1406.13,14.62,21.61,553.76,2388.08,9045.14,1.3,47.4,521.42,2388.1,8131.77,8.4481,0.03,393,2388,100.0,38.82,23.2323,0,3,-1,1.0
1,99,0.0012,0.0003,100.0,518.67,642.83,1584.77,1402.31,14.62,21.61,554.0,2388.04,9070.04,1.3,47.22,522.13,2388.08,8153.16,8.4409,0.03,393,2388,100.0,38.93,23.3767,4,4,-1,1.0
1,100,-0.0021,-0.0003,100.0,518.67,642.22,1589.63,1411.35,14.62,21.61,554.22,2388.07,9045.72,1.3,47.64,521.55,2388.08,8132.49,8.4241,0.03,392,2388,100.0,38.93,23.409,0,3,-1,1.0
1,100,0.0011,0.0,100.0,518.67,642.11,1582.26,1402.79,14.62,21.61,553.71,2388.01,9065.77,1.3,47.52,521.92,2387.99,8151.54,8.4052,0.03,392,2388,100.0,39.09,23.382,4,4,-1,1.0
1,101,0.0012,0.0003,100.0,518.67,642.75,1584.18,1403.41,14.62,21.61,553.37,2388.06,9052.3,1.3,47.62,521.89,2388.08,8125.97,8.4353,0.03,391,2388,100.0,38.75,23.4149,0,3,-1,1.0
1,101,-0.0026,0.0005,100.0,518.67,642.62,1586.4,1400.24,14.62,21.61,554.66,2388.01,9074.03,1.3,47.21,522.16,2388.01,8150.24,8.4032,0.03,391,2388,100.0,38.89,23.4552,4,4,-1,1.0
1,102,0.0017,0.0005,100.0,518.67,642.85,1589.11,1403.42,14.62,21.61,553.42,2388.15,9051.36,1.3,47.49,521.38,2388.05,8130.4,8.4561,0.03,393,2388,100.0,38.94,23.3653,0,3,-1,1.0
1,102,0.0019,-0.0002,100.0,518.67,642.22,1588.28,1397.95,14.62,21.61,554.91,2387.99,9069.34,1.3,47.25,522.27,2388.04,8153.3,8.4182,0.03,392,2388,100.0,38.94,23.3971,4,4,-1,1.0
1,103,-0.0013,0.0001,100.0,518.67,642.21,1581.27,1403.21,14.62,21.61,553.64,2388.09,9053.28,1.3,47.57,521.41,2388.1,8124.4,8.4263,0.03,392,2388,100.0,38.69,23.4289,0,3,-1,1.0
1,103,0.0023,-0.0004,100.0,518.67,642.34,1591.43,1406.51,14.62,21.61,553.81,2388.05,9067.41,1.3,47.33,522.1,2388.04,8154.51,8.4188,0.03,391,2388,100.0,38.81,23.3743,4,4,-1,2.0
1,104,-0.0001,0.0001,100.0,518.67,642.29,1590.63,1406.25,14.62,21.61,553.66,2388.08,9044.73,1.3,47.34,522.38,2388.09,8131.89,8.4021,0.03,392,2388,100.0,38.96,23.3393,4,4,3,1.0
1,104,-0.0005,0.0005,100.0,518.67,643.15,1586.31,1411.1,14.62,21.61,554.11,2388.04,9070.45,1.3,47.26,522.14,2388.05,8145.98,8.4575,0.03,393,2388,100.0,38.88,23.3193,0,3,-1,2.0
1,105,0.0024,0.0004,100.0,518.67,642.01,1588.28,1403.22,14.62,21.61,553.11,2388.09,9048.36,1.3,47.31,521.81,2388.08,8134.01,8.4326,0.03,393,2388,100.0,38.77,23.3857,0,3,-1,1.0
1,105,0.0001,0.0004,100.0,518.67,642.55,1587.12,1395.09,14.62,21.61,554.26,2388.01,9063.92,1.3,47.38,522.1,2388.09,8147.9,8.3883,0.03,391,2388,100.0,38.97,23.3032,4,4,-1,1.0
1,106,0.0,0.0001,100.0,518.67,642.68,1589.05,1404.45,14.62,21.61,553.6,2388.08,9049.82,1.3,47.44,521.51,2388.09,8126.38,8.4664,0.03,392,2388,100.0,39.08,23.4148,0,3,-1,1.0
1,106,0.0043,0.0001,100.0,518.67,641.93,1590.93,1401.75,14.62,21.61,553.8,2388.05,9068.46,1.3,47.28,521.92,2388.02,8151.28,8.4153,0.03,394,2388,100.0,38.93,23.3787,4,4,-1,1.0
1,107,-0.0012,-0.0001,100.0,518.67,642.53,1595.13,1407.73,14.62,21.61,553.74,2388.07,9048.68,1.3,47.35,521.75,2388.07,8132.4,8.4241,0.03,396,2388,100.0,39.01,23.4086,0,3,-1,1.0
1,107,0.0048,-0.0001,100.0,518.67,642.38,1588.34,1399.31,14.62,21.61,554.27,2388.08,9065.94,1.3,47.22,521.95,2388.03,8150.44,8.4068,0.03,393,2388,100.0,38.9,23.28,4,4,-1,1.0
1,108,0.0008,0.0001,100.0,518.67,643.49,1585.91,1399.47,14.62,21.61,554.43,2388.14,9047.03,1.3,47.61,521.52,2388.03,8131.52,8.4133,0.03,393,2388,100.0,38.75,23.3032,0,3,-1,1.0
1,108,-0.0006,-0.0005,100.0,518.67,642.56,1590.93,1405.54,14.62,21.61,554.16,2388.02,9070.22,1.3,47.14,521.95,2388.0,8148.54,8.4414,0.03,392,2388,100.0,39.08,23.2983,4,4,-1,1.0
1,109,-0.0011,-0.0003,100.0,518.67,642.49,1586.45,1409.1,14.62,21.61,553.59,2388.1,9051.13,1.3,47.58,521.62,2388.11,8130.97,8.3757,0.03,394,2388,100.0,39.05,23.3561,0,3,-1,1.0
1,109,0.0014,0.0003,100.0,518.67,642.37,1585.91,1397.9,14.62,21.61,554.55,2388.05,9076.76,1.3,47.25,522.39,2387.99,8152.41,8.4594,0.03,392,2388,100.0,39.01,23.3321,4,4,-1,1.0
1,110,-0.0,0.0004,100.0,518.67,642.55,1590.01,1401.27,14.62,21.61,554.08,2388.13,9051.4,1.3,47.55,522.01,2388.12,8127.16,8.4638,0.03,393,2388,100.0,39.06,23.2951,0,3,-1,1.0
1,110,-0.0066,-0.0004,100.0,518.67,642.12,1591.36,1400.32,14.62,21.61,553.78,2387.99,9070.15,1.3,47.32,521.86,2388.04,8149.36,8.434,0.03,393,2388,100.0,39.04,23.3809,4,4,-1,1.0
1,111,0.0008,0.0004,100.0,518.67,642.67,1584.38,1408.11,14.62,21.61,553.49,2388.12,9051.64,1.3,47.62,521.53,2388.14,8132.4,8.4447,0.03,392,2388,100.0,38.92,23.2135,0,3,-1,1.0
1,111,-0.0028,-0.0005,100.0,518.67,642.06,1587.4,1404.63,14.62,21.61,554.03,2387.98,9073.24,1.3,47.19,522.25,2388.01,8148.14,8.4093,0.03,392,2388,100.0,38.93,23.3339,4,4,-1,1.0
1,112,0.0005,0.0003,100.0,518.67,642.66,1586.46,1401.84,14.62,21.61,553.19,2388.06,9051.28,1.3,47.22,521.9,2388.08,8131.52,8.4445,0.03,394,2388,100.0,38.84,23.3207,0,3,-1,1.0
1,112,0.0017,-0.0001,100.0,518.67,641.88,1589.21,1401.82,14.62,21.61,553.84,2388.08,9066.34,1.3,47.15,522.62,2388.02,8148.53,8.4442,0.03,393,2388,100.0,38.97,23.4569,4,4,-1,1.0
1,113,0.0007,0.0001,100.0,518.67,642.68,1590.85,1406.59,14.62,21.61,552.91,2388.1,9053.15,1.3,47.46,521.75,2388.16,8129.32,8.458,0.03,393,2388,100.0,38.9,23.3101,0,3,-1,1.0
1,113,0.001,-0.0005,100.0,518.67,642.44,1590.94,1395.41,14.62,21.6,553.42,2388.04,9070.28,1.3,47.4,522.12,2388.06,8150.81,8.4016,0.03,392,2388,100.0,38.87,23.3987,4,4,-1,1.0
1,114,0.0003,0.0004,100.0,518.67,642.31,1588.42,1402.97,14.62,21.61,554.29,2388.07,9046.58,1.3,47.58,521.68,2388.15,8132.36,8.429,0.03,394,2388,100.0,38.89,23.3754,0,3,-1,1.0
1,114,0.0005,0.0002,100.0,518.67,642.79,1585.1,1395.27,14.62,21.61,554.29,2388.06,9072.94,1.3,47.25,521.97,2388.0,8150.61,8.387,0.03,393,2388,100.0,39.13,23.2932,4,4,3,1.0
1,115,-0.0017,0.0005,100.0,518.67,642.66,1594.84,1406.6,14.62,21.61,554.13,2388.11,9050.37,1.3,47.43,521.36,2388.12,8127.6,8.4345,0.03,393,2388,100.0,38.93,23.3022,0,3,3,1.0
1,115,-0.0006,-0.0004,100.0,518.67,642.25,1580.37,1398.26,14.62,21.61,554.09,2388.02,9062.33,1.3,47.39,521.25,2388.07,8145.35,8.3845,0.03,393,2388,100.0,38.95,23.3343,4,4,-1,3.0
1,116,-0.002,-0.0003,100.0,518.67,642.64,1580.31,1401.99,14.62,21.61,554.4,2388.08,9049.71,1.3,47.43,521.6,2388.05,8134.46,8.4059,0.03,394,2388,100.0,39.03,23.3512,4,4,-1,2.0
1,116,-0.001,0.0,100.0,518.67,642.39,1581.54,1398.96,14.62,21.61,554.13,2387.98,9074.77,1.3,47.39,522.16,2388.02,8150.0,8.4266,0.03,393,2388,100.0,38.98,23.3836,4,4,-1,1.0
1,117,0.0005,0.0004,100.0,518.67,642.38,1589.77,1409.35,14.62,21.61,554.59,2388.1,9049.61,1.3,47.52,521.22,2388.1,8126.12,8.4256,0.03,391,2388,100.0,38.73,23.1766,0,3,3,1.0
1,117,-0.0015,0.0003,100.0,518.67,642.77,1581.85,1407.21,14.62,21.61,553.83,2388.05,9067.42,1.3,47.26,521.47,2388.04,8148.83,8.4409,0.03,391,2388,100.0,39.2,23.3679,4,4,-1,1.0
1,118,-0.0006,-0.0004,100.0,518.67,642.34,1585.67,1409.34,14.62,21.61,554.25,2388.1,9051.12,1.3,47.55,521.31,2388.12,8135.21,8.4197,0.03,393,2388,100.0,38.88,23.2966,0,3,-1,1.0
1,118,0.0029,-0.0004,100.0,518.67,642.38,1590.7,1407.58,14.62,21.61,554.57,2388.05,9070.1,1.3,47.12,521.79,2388.07,8147.31,8.4276,0.03,392,2388,100.0,39.1,23.2054,4,4,-1,1.0
1,119,0.0013,0.0005,100.0,518.67,642.67,1596.8,1404.46,14.62,21.61,553.77,2388.1,9045.89,1.3,47.55,521.46,2388.09,8123.85,8.4194,0.03,394,2388,100.0,39.01,23.3188,0,3,-1,1.0
1,119,0.0007,-0.0005,100.0,518.67,641.92,1583.7,1398.14,14.62,21.61,554.05,2388.03,9074.14,1.3,47.38,521.82,2388.02,8146.92,8.4109,0.03,391,2388,100.0,38.8,23.3515,4,4,4,1.0
1,120,-0.0024,0.0005,100.0,518.67,642.81,1593.78,1407.68,14.62,21.61,553.66,2388.1,9048.72,1.3,47.6,521.34,2388.1,8125.57,8.4029,0.03,393,2388,100.0,38.81,23.3061,0,3,-1,1.0
1,120,0.0017,0.0003,100.0,518.67,642.02,1581.83,1400.56,14.62,21.61,553.81,2388.06,9070.68,1.3,47.32,522.88,2388.03,8142.08,8.4025,0.03,393,2388,100.0,38.99,23.385,4,4,-1,1.0
1,121,-0.0033,0.0004,100.0,518.67,642.63,1593.56,1411.9,14.62,21.61,553.7,2388.07,9040.97,1.3,47.44,521.3,2388.04,8133.94,8.4263,0.03,394,2388,100.0,38.63,23.422,0,3,-1,1.0
1,121,-0.006,-0.0004,100.0,518.67,642.0,1592.55,1403.78,14.62,21.61,554.57,2388.03,9070.67,1.3,47.46,522.08,2388.09,8152.13,8.4357,0.03,392,2388,100.0,38.91,23.4777,4,4,-1,1.0
1,122,0.0026,-0.0001,100.0,518.67,643.3,1593.68,1413.97,14.62,21.61,553.43,2388.15,9042.39,1.3,47.6,520.92,2388.12,8131.81,8.4256,0.03,393,2388,100.0,38.86,23.2793,0,3,3,1.0
1,122,0.0028,-0.0004,100.0,518.67,642.68,1583.31,1399.1,14.62,21.61,554.54,2388.04,9071.18,1.3,47.35,521.76,2388.04,8149.74,8.4101,0.03,392,2388,100.0,39.02,23.2968,4,4,-1,1.0
1,123,0.0016,-0.0002,100.0,518.67,643.39,1586.66,1403.04,14.62,21.61,552.64,2388.12,9049.44,1.3,47.41,521.6,2388.17,8129.72,8.4396,0.03,392,2388,100.0,38.9,23.292,0,3,-1,1.0
1,123,-0.0018,0.0,100.0,518.67,642.72,1578.55,1405.78,14.62,21.61,554.1,2388.05,9059.14,1.3,47.29,522.51,2388.06,8149.56,8.4197,0.03,392,2388,100.0,38.91,23.3678,4,4,3,1.0
1,124,0.0025,0.0002,100.0,518.67,642.48,1587.14,1402.28,14.62,21.61,552.26,2388.13,9053.03,1.3,47.55,521.4,2388.13,8133.82,8.4416,0.03,393,2388,100.0,38.8,23.2341,0,3,-1,1.0
1,124,-0.0007,-0.0,100.0,518.67,642.17,1583.66,1406.43,14.62,21.61,554.0,2388.07,9072.01,1.3,47.3,521.94,2387.98,8150.29,8.4481,0.03,393,2388,100.0,38.93,23.3135,4,4,-1,1.0
1,125,-0.0004,0.0005,100.0,518.67,642.96,1585.47,1406.42,14.62,21.61,552.44,2388.13,9046.16,1.3,47.63,521.57,2388.11,8126.33,8.4079,0.03,394,2388,100.0,38.68,23.3039,0,3,3,1.0
1,125,0.0019,-0.0003,100.0,518.67,642.19,1583.56,1399.43,14.62,21.61,553.71,2387.99,9074.78,1.3,47.21,522.01,2388.08,8153.68,8.4342,0.03,393,2388,100.0,38.97,23.3991,4,4,-1,1.0
1,126,0.0016,0.0001,100.0,518.67,642.49,1582.64,1418.5,14.62,21.61,553.72,2388.05,9049.11,1.3,47.49,521.35,2388.08,8130.94,8.4378,0.03,392,2388,100.0,38.85,23.2289,0,3,-1,1.0
1,126,0.0053,0.0002,100.0,518.67,642.26,1595.19,1404.39,14.62,21.61,553.84,2388.05,9070.17,1.3,47.1,521.93,2388.07,8153.36,8.4001,0.03,391,2388,100.0,39.0,23.4191,4,4,-1,1.0
1,127,-0.001,0.0002,100.0,518.67,642.99,1586.9,1399.49,14.62,21.61,553.81,2388.09,9047.9,1.3,47.63,521.34,2388.1,8133.0,8.4626,0.03,393,2388,100.0,38.91,23.2772,0,3,-1,1.0
1,127,-0.0009,0.0001,100.0,518.67,641.81,1582.25,1395.27,14.62,21.61,554.69,2388.0,9074.2,1.3,47.17,522.35,2388.0,8150.9,8.4375,0.03,392,2388,100.0,38.7,23.457,4,4,-1,1.0
1,128,-0.0006,0.0003,100.0,518.67,642.47,1593.87,1407.06,14.62,21.61,552.74,2388.13,9056.59,1.3,47.62,521.96,2388.16,8132.08,8.4413,0.03,393,2388,100.0,38.85,23.2641,0,3,-1,3.0
1,128,-0.0007,0.0001,100.0,518.67,642.35,1591.2,1411.85,14.62,21.61,553.28,2388.08,9070.85,1.3,47.34,521.8,2388.05,8150.25,8.434,0.03,393,2388,100.0,39.07,23.3822,0,3,3,2.0
1,129,-0.0033,0.0003,100.0,518.67,642.41,1591.33,1408.42,14.62,21.61,552.42,2388.09,9046.08,1.3,47.61,522.02,2388.13,8127.33,8.4681,0.03,393,2388,100.0,38.84,23.2656,0,3,-1,1.0
1,129,-0.0018,0.0001,100.0,518.67,641.84,1582.27,1404.35,14.62,21.61,553.78,2388.06,9074.18,1.3,47.37,522.36,2388.0,8151.73,8.3959,0.03,392,2388,100.0,38.81,23.4251,4,4,-1,1.0
1,130,-0.0007,0.0002,100.0,518.67,642.7,1585.9,1412.25,14.62,21.61,552.66,2388.13,9042.97,1.3,47.46,521.49,2388.07,8125.29,8.3938,0.03,394,2388,100.0,38.71,23.3461,0,3,-1,1.0
1,130,0.0008,-0.0,100.0,518.67,641.77,1581.08,1397.31,14.62,21.61,553.87,2388.07,9068.57,1.3,47.33,521.88,2388.01,8153.68,8.422,0.03,393,2388,100.0,38.94,23.4846,4,4,-1,1.0
1,131,0.0002,-0.0001,100.0,518.67,643.01,1585.78,1413.25,14.62,21.61,553.7,2388.11,9045.1,1.3,47.7,521.45,2388.13,8126.38,8.4328,0.03,391,2388,100.0,38.73,23.3435,0,3,-1,1.0
1,131,0.0021,-0.0001,100.0,518.67,642.25,1589.4,1405.04,14.62,21.61,554.12,2388.05,9068.18,1.3,47.36,522.23,2388.04,8148.07,8.4194,0.03,392,2388,100.0,38.95,23.403,4,4,-1,1.0
1,132,0.0032,-0.0001,100.0,518.67,643.19,1596.06,1405.76,14.62,21.61,553.16,2388.17,9044.04,1.3,47.56,521.64,2388.16,8128.92,8.4227,0.03,393,2388,100.0,38.53,23.3186,0,3,-1,3.0
1,132,0.0011,0.0004,100.0,518.67,642.97,1585.96,1401.33,14.62,21.61,553.52,2388.08,9072.78,1.3,47.33,521.43,2388.06,8146.93,8.4365,0.03,392,2388,100.0,38.88,23.3906,0,3,-1,2.0
1,133,0.0032,-0.0002,100.0,518.67,642.45,1592.64,1410.11,14.62,21.61,553.82,2388.11,9050.95,1.3,47.57,521.23,2388.09,8130.93,8.4604,0.03,394,2388,100.0,38.95,23.2521,0,3,-1,1.0
1,133,-0.0005,0.0002,100.0,518.67,642.46,1590.51,1399.09,14.62,21.61,554.34,2388.01,9067.29,1.3,47.45,521.61,2388.03,8148.82,8.4134,0.03,393,2388,100.0,39.07,23.3643,4,4,-1,1.0
1,134,-0.0014,0.0,100.0,518.67,642.85,1583.62,1402.67,14.62,21.61,553.2,2388.11,9046.16,1.3,47.75,521.52,2388.13,8131.3,8.4293,0.03,393,2388,100.0,38.68,23.2833,0,3,-1,1.0
1,134,-0.0033,0.0003,100.0,518.67,642.05,1589.92,1411.38,14.62,21.61,554.25,2388.02,9076.24,1.3,47.31,521.52,2388.03,8146.55,8.418,0.03,392,2388,100.0,38.94,23.3354,4,4,-1,1.0
1,135,-0.0017,0.0001,100.0,518.67,642.45,1585.55,1406.83,14.62,21.61,553.09,2388.14,9050.65,1.3,47.34,520.99,2388.12,8129.34,8.4242,0.03,392,2388,100.0,38.85,23.2744,0,3,-1,1.0
1,135,0.0035,-0.0004,100.0,518.67,642.95,1588.93,1403.46,14.62,21.61,553.6,2388.02,9076.78,1.3,47.37,522.05,2388.03,8151.44,8.4089,0.03,392,2388,100.0,38.92,23.4502,4,4,4,1.0
1,136,0.003,-0.0001,100.0,518.67,642.84,1584.72,1404.39,14.62,21.61,554.18,2388.06,9040.89,1.3,47.43,521.54,2388.11,8130.43,8.4469,0.03,393,2388,100.0,38.76,23.1699,0,3,4,1.0
1,136,0.0002,-0.0005,100.0,518.67,642.57,1594.07,1393.69,14.62,21.61,553.77,2388.03,9076.89,1.3,47.15,522.27,2388.03,8154.81,8.4489,0.03,392,2388,100.0,38.99,23.3221,4,4,-1,1.0
1,137,-0.0011,0.0,100.0,518.67,642.43,1594.69,1405.15,14.62,21.61,553.39,2388.14,9040.55,1.3,47.89,521.63,2388.12,8128.81,8.449,0.03,394,2388,100.0,38.87,23.2593,0,3,-1,1.0
1,137,0.0024,0.0004,100.0,518.67,642.62,1587.92,1402.91,14.62,21.61,554.15,2388.07,9070.17,1.3,47.45,521.49,2388.05,8151.5,8.4177,0.03,392,2388,100.0,38.83,23.4102,4,4,-1,1.0
1,138,-0.0011,0.0001,100.0,518.67,642.79,1589.82,1413.34,14.62,21.61,552.91,2388.11,9049.64,1.3,47.4,521.57,2388.18,8129.67,8.4208,0.03,392,2388,100.0,39.0,23.3664,0,3,-1,1.0
1,138,0.0012,-0.0002,100.0,518.67,642.22,1579.91,1402.44,14.62,21.61,553.87,2388.04,9077.92,1.3,47.38,521.82,2387.98,8148.54,8.4244,0.03,393,2388,100.0,39.0,23.3819,4,4,-1,1.0
1,139,-0.0014,0.0005,100.0,518.67,643.11,1592.28,1412.6,14.62,21.61,553.25,2388.06,9044.81,1.3,47.67,521.03,2388.15,8124.97,8.4621,0.03,394,2388,100.0,38.88,23.3422,0,3,0,3.0
1,139,0.0026,-0.0004,100.0,518.67,642.71,1583.7,1405.36,14.62,21.61,554.23,2388.07,9063.29,1.3,47.5,521.87,2388.03,8149.02,8.4589,0.03,394,2388,100.0,38.91,23.4228,0,3,4,2.0
1,140,-0.0006,-0.0001,100.0,518.67,643.05,1590.89,1408.36,14.62,21.61,552.15,2388.17,9055.85,1.3,47.51,521.27,2388.05,8130.27,8.4397,0.03,393,2388,100.0,38.82,23.3704,0,3,-1,1.0
1,140,-0.0002,-0.0002,100.0,518.67,642.37,1586.7,1408.26,14.62,21.61,553.84,2388.05,9065.56,1.3,47.4,521.95,2388.01,8150.7,8.4018,0.03,393,2388,100.0,38.97,23.345,4,4,-1,1.0
1,141,-0.0023,0.0005,100.0,518.67,642.39,1590.02,1415.25,14.62,21.61,553.45,2388.13,9050.86,1.3,47.49,521.06,2388.16,8120.93,8.4641,0.03,394,2388,100.0,39.02,23.2382,0,3,-1,3.0
1,141,0.0026,0.0004,100.0,518.67,642.54,1588.67,1397.95,14.62,21.61,553.58,2388.07,9062.91,1.3,47.46,521.23,2388.1,8149.38,8.4207,0.03,393,2388,100.0,38.83,23.2708,0,3,-1,2.0
1,142,0.0026,0.0002,100.0,518.67,642.51,1595.29,1413.42,14.62,21.61,553.11,2388.1,9046.61,1.3,47.59,520.44,2388.18,8124.87,8.4291,0.03,392,2388,100.0,38.71,23.2816,0,3,3,1.0
1,142,0.0026,0.0004,100.0,518.67,642.48,1581.89,1402.66,14.62,21.61,553.29,2388.02,9064.41,1.3,47.35,521.72,2388.1,8152.46,8.4269,0.03,393,2388,100.0,38.91,23.3837,4,4,-1,1.0
1,143,-0.0005,-0.0003,100.0,518.67,642.77,1593.1,1404.21,14.62,21.61,553.62,2388.13,9050.63,1.3,47.52,520.98,2388.11,8126.81,8.4419,0.03,393,2388,100.0,38.79,23.2305,0,3,-1,7.0
1,143,-0.0008,-0.0002,100.0,518.67,642.5,1590.96,1407.99,14.62,21.61,554.04,2388.06,9059.11,1.3,47.28,521.81,2388.01,8149.28,8.3876,0.03,394,2388,100.0,38.99,23.311,0,3,-1,6.0
1,144,0.0025,-0.0004,100.0,518.67,643.09,1591.89,1405.76,14.62,21.61,553.77,2388.17,9049.33,1.3,47.57,521.11,2388.17,8125.47,8.4601,0.03,393,2388,100.0,38.75,23.2249,0,3,-1,5.0
1,144,-0.0006,-0.0003,100.0,518.67,642.01,1588.74,1406.16,14.62,21.61,553.22,2388.09,9074.62,1.3,47.62,521.69,2388.01,8152.5,8.4126,0.03,393,2388,100.0,38.82,23.3992,0,3,-1,4.0
1,145,-0.0004,-0.0001,100.0,518.67,642.95,1594.92,1409.63,14.62,21.61,553.03,2388.13,9046.92,1.3,47.54,521.13,2388.15,8130.91,8.4644,0.03,395,2388,100.0,38.67,23.149,0,3,-1,3.0
1,145,0.0034,-0.0001,100.0,518.67,643.07,1583.36,1408.15,14.62,21.61,553.56,2388.0,9076.42,1.3,47.51,521.39,2387.99,8150.89,8.4365,0.03,394,2388,100.0,38.81,23.3765,0,3,-1,2.0
1,146,0.0002,-0.0003,100.0,518.67,642.72,1586.75,1408.82,14.62,21.61,552.6,2388.12,9045.99,1.3,47.63,521.13,2388.12,8129.19,8.4312,0.03,392,2388,100.0,38.69,23.3233,0,3,-1,1.0
1,146,-0.0003,0.0,100.0,518.67,642.43,1582.73,1410.11,14.62,21.61,553.44,2388.09,9073.48,1.3,47.41,521.12,2388.11,8153.12,8.4453,0.03,391,2388,100.0,39.05,23.3544,4,4,-1,1.0
1,147,0.0047,0.0001,100.0,518.67,642.25,1594.85,1409.96,14.62,21.61,553.09,2388.14,9041.24,1.3,47.8,520.92,2388.12,8126.13,8.4428,0.03,393,2388,100.0,38.77,23.2684,0,3,-1,3.0
1,147,-0.0013,-0.0002,100.0,518.67,643.09,1597.53,1402.72,14.62,21.61,554.06,2388.04,9071.38,1.3,47.32,521.91,2388.01,8153.38,8.4449,0.03,393,2388,100.0,39.04,23.2939,0,3,-1,2.0
1,148,0.001,-0.0004,100.0,518.67,643.02,1590.03,1411.89,14.62,21.61,552.84,2388.16,9040.93,1.3,47.49,521.08,2388.15,8124.48,8.4276,0.03,392,2388,100.0,38.77,23.2498,0,3,-1,1.0
1,148,0.0017,-0.0005,100.0,518.67,642.43,1583.8,1401.2,14.62,21.61,554.34,2388.05,9071.09,1.3,47.45,521.69,2388.04,8150.68,8.4132,0.03,393,2388,100.0,39.02,23.4205,4,4,-1,1.0
1,149,0.0025,0.0004,100.0,518.67,642.9,1592.78,1410.7,14.62,21.61,552.54,2388.17,9057.24,1.3,47.83,521.13,2388.15,8124.34,8.4731,0.03,394,2388,100.0,38.77,23.2565,0,3,-1,28.0
1,149,0.0001,0.0001,100.0,518.67,642.74,1585.97,1405.27,14.62,21.61,554.24,2388.04,9075.79,1.3,47.25,521.87,2388.02,8148.22,8.4446,0.03,394,2388,100.0,38.7,23.3524,0,3,-1,27.0
1,150,0.001,-0.0003,100.0,518.67,643.06,1589.01,1409.22,14.62,21.61,553.57,2388.12,9044.76,1.3,47.6,520.5,2388.21,8122.99,8.4726,0.03,394,2388,100.0,38.68,23.2082,0,3,-1,26.0
1,150,0.0018,0.0004,100.0,518.67,642.27,1589.89,1409.08,14.62,21.61,554.29,2388.04,9072.24,1.3,47.28,521.53,2388.05,8151.42,8.3973,0.03,393,2388,100.0,38.79,23.3416,0,3,-1,25.0
1,151,-0.0019,-0.0001,100.0,518.67,642.82,1592.39,1411.94,14.62,21.61,552.41,2388.14,9048.12,1.3,47.58,520.94,2388.22,8127.21,8.4612,0.03,394,2388,100.0,38.56,23.2277,0,3,-1,24.0
1,151,0.0001,-0.0001,100.0,518.67,642.36,1596.85,1404.4,14.62,21.61,553.56,2388.09,9069.0,1.3,47.4,522.18,2388.05,8154.36,8.434,0.03,392,2388,100.0,38.77,23.3903,0,3,-1,23.0
1,152,0.0009,-0.0001,100.0,518.67,642.67,1598.6,1420.83,14.62,21.61,552.62,2388.18,9043.9,1.3,47.72,520.39,2388.19,8119.0,8.4572,0.03,395,2388,100.0,38.77,23.2369,0,3,-1,22.0
1,152,-0.0002,-0.0005,100.0,518.67,642.48,1586.24,1403.1,14.62,21.61,553.81,2388.09,9071.91,1.3,47.33,521.63,2388.05,8147.95,8.4372,0.03,392,2388,100.0,38.7,23.2683,0,3,-1,21.0
1,153,0.0011,-0.0004,100.0,518.67,642.99,1589.17,1414.56,14.62,21.61,552.68,2388.14,9049.43,1.3,47.74,520.69,2388.17,8124.14,8.4435,0.03,393,2388,100.0,38.78,23.1719,0,3,-1,20.0
1,153,-0.0003,-0.0002,100.0,518.67,642.81,1587.78,1403.82,14.62,21.61,553.38,2388.04,9072.99,1.3,47.75,522.2,2388.0,8150.98,8.4499,0.03,393,2388,100.0,38.89,23.2798,0,3,-1,19.0
1,154,-0.0012,0.0,100.0,518.67,642.81,1597.03,1416.07,14.62,21.61,552.57,2388.14,9049.08,1.3,47.73,520.72,2388.18,8129.24,8.4794,0.03,394,2388,100.0,38.82,23.2366,0,3,-1,18.0
1,154,0.0001,-0.0004,100.0,518.67,642.42,1593.24,1398.66,14.62,21.61,553.39,2388.12,9073.14,1.3,47.34,522.04,2388.07,8152.92,8.4247,0.03,392,2388,100.0,38.89,23.3212,0,3,-1,17.0
1,155,-0.0033,0.0002,100.0,518.67,642.83,1590.4,1414.89,14.62,21.61,552.89,2388.16,9049.56,1.3,47.61,521.23,2388.17,8120.41,8.4729,0.03,394,2388,100.0,38.68,23.2749,0,3,0,16.0
1,155,-0.0034,0.0002,100.0,518.67,643.09,1585.47,1408.35,14.62,21.61,553.22,2388.03,9072.01,1.3,47.48,522.52,2388.04,8148.48,8.4498,0.03,395,2388,100.0,39.13,23.3064,0,3,-1,15.0
1,156,-0.002,0.0003,100.0,518.67,643.04,1585.61,1421.23,14.62,21.61,553.24,2388.26,9044.21,1.3,47.58,520.75,2388.16,8128.48,8.4432,0.03,395,2388,100.0,38.77,23.2791,0,3,-1,14.0
1,156,-0.0006,0.0001,100.0,518.67,642.55,1591.67,1411.96,14.62,21.61,553.5,2388.03,9067.73,1.3,47.46,521.82,2388.02,8151.91,8.421,0.03,392,2388,100.0,38.88,23.3377,0,3,-1,13.0
1,157,-0.0018,0.0002,100.0,518.67,642.2,1598.04,1412.47,14.62,21.61,552.32,2388.14,9053.12,1.3,47.72,520.94,2388.17,8125.07,8.4328,0.03,392,2388,100.0,38.67,23.2354,0,3,-1,12.0
1,157,-0.0032,-0.0005,100.0,518.67,642.57,1587.47,1406.08,14.62,21.61,553.02,2388.02,9069.25,1.3,47.45,521.68,2388.05,8148.37,8.454,0.03,394,2388,100.0,38.87,23.3894,0,3,-1,11.0
1,158,-0.0023,0.0001,100.0,518.67,642.88,1596.82,1410.09,14.62,21.61,553.19,2388.2,9049.22,1.3,47.68,520.88,2388.22,8126.33,8.4368,0.03,394,2388,100.0,38.75,23.2894,0,3,-1,10.0
1,158,-0.0,0.0001,100.0,518.67,641.98,1595.03,1406.49,14.62,21.61,553.76,2388.05,9068.65,1.3,47.32,521.85,2388.09,8148.47,8.4221,0.03,393,2388,100.0,38.84,23.339,0,3,-1,9.0
1,159,-0.0006,0.0001,100.0,518.67,642.89,1589.54,1420.37,14.62,21.61,552.18,2388.13,9048.06,1.3,47.76,520.65,2388.23,8127.61,8.4403,0.03,394,2388,100.0,38.76,23.253,0,3,-1,8.0
1,159,0.0025,0.0,100.0,518.67,642.64,1592.32,1410.8,14.62,21.61,553.4,2388.04,9072.28,1.3,47.49,521.43,2388.04,8151.3,8.4385,0.03,393,2388,100.0,38.71,23.2224,0,3,-1,7.0
1,160,-0.0006,-0.0004,100.0,518.67,643.45,1590.65,1418.08,14.62,21.61,551.87,2388.21,9045.42,1.3,47.84,520.47,2388.22,8122.68,8.4433,0.03,396,2388,100.0,38.52,23.2817,0,3,-1,6.0
1,160,0.0002,0.0001,100.0,518.67,642.36,1594.79,1414.46,14.62,21.61,553.55,2388.07,9072.47,1.3,47.52,521.18,2388.03,8146.51,8.4187,0.03,393,2388,100.0,38.86,23.2988,0,3,-1,5.0
1,161,0.0008,0.0001,100.0,518.67,643.0,1594.2,1417.31,14.62,21.61,552.8,2388.18,9048.06,1.3,47.77,520.47,2388.18,8126.97,8.4405,0.03,394,2388,100.0,38.66,23.2962,0,3,-1,4.0
1,161,0.0001,0.0004,100.0,518.67,642.4,1587.14,1406.38,14.62,21.61,553.98,2388.08,9075.4,1.3,47.45,521.55,2388.04,8147.44,8.4228,0.03,393,2388,100.0,38.87,23.3033,0,3,-1,3.0
1,162,-0.0005,0.0004,100.0,518.67,643.15,1592.22,1423.48,14.62,21.61,552.68,2388.15,9044.45,1.3,47.79,520.44,2388.2,8123.77,8.5015,0.03,394,2388,100.0,38.78,23.1538,0,3,-1,2.0
1,162,-0.0016,0.0001,100.0,518.67,642.68,1587.65,1405.36,14.62,21.61,553.11,2388.08,9064.41,1.3,47.44,521.85,2388.08,8148.88,8.4272,0.03,394,2388,100.0,38.98,23.2133,0,3,3,1.0
1,163,0.0003,-0.0004,100.0,518.67,642.85,1600.54,1421.09,14.62,21.61,552.41,2388.2,9049.24,1.3,47.89,520.3,2388.2,8124.06,8.5129,0.03,393,2388,100.0,38.65,23.1419,2,0,-1,1.0
1,163,0.0001,0.0002,100.0,518.67,642.68,1590.42,1409.85,14.62,21.61,553.45,2388.14,9071.37,1.3,47.38,521.34,2388.09,8147.37,8.435,0.03,393,2388,100.0,38.88,23.3244,0,3,-1,5.0
1,164,0.0005,-0.0002,100.0,518.67,643.17,1598.96,1416.76,14.62,21.61,551.9,2388.17,9048.92,1.3,47.7,520.63,2388.28,8124.63,8.4803,0.03,394,2388,100.0,38.62,23.1761,0,3,-1,4.0
1,164,0.0008,-0.0003,100.0,518.67,642.64,1584.91,1409.31,14.62,21.61,552.9,2388.14,9073.66,1.3,47.54,521.59,2388.09,8144.82,8.4056,0.03,393,2388,100.0,38.84,23.2943,0,3,-1,3.0
1,165,0.001,0.0004,100.0,518.67,642.76,1597.03,1408.09,14.62,21.61,552.79,2388.19,9039.09,1.3,47.89,520.69,2388.24,8126.53,8.4922,0.03,393,2388,100.0,38.59,23.2129,0,3,-1,2.0
1,165,-0.0034,0.0002,100.0,518.67,642.17,1586.09,1404.79,14.62,21.61,554.02,2388.06,9073.78,1.3,47.3,521.49,2388.03,8143.48,8.4598,0.03,393,2388,100.0,38.87,23.2956,0,3,-1,1.0
1,166,-0.0022,-0.0003,100.0,518.67,643.34,1596.72,1422.37,14.62,21.61,552.13,2388.22,9043.11,1.3,47.86,520.02,2388.22,8119.14,8.4663,0.03,395,2388,100.0,38.62,23.145,2,0,-1,1.0
1,166,-0.0024,0.0004,100.0,518.67,642.41,1594.39,1409.85,14.62,21.61,553.68,2388.04,9062.81,1.3,47.52,521.73,2388.0,8151.64,8.4253,0.03,392,2388,100.0,38.79,23.3268,0,3,-1,4.0
1,167,0.0012,0.0003,100.0,518.67,643.02,1593.83,1414.72,14.62,21.61,552.57,2388.23,9042.05,1.3,47.85,520.49,2388.18,8122.41,8.4632,0.03,394,2388,100.0,38.77,23.3011,0,3,-1,3.0
1,167,0.0017,-0.0005,100.0,518.67,642.68,1586.71,1419.8,14.62,21.61,553.74,2388.11,9073.73,1.3,47.48,521.57,2388.12,8145.67,8.4042,0.03,393,2388,100.0,38.88,23.344,0,3,-1,2.0
1,168,-0.0043,0.0002,100.0,518.67,642.68,1591.19,1415.7,14.62,21.61,552.09,2388.22,9036.35,1.3,47.84,520.78,2388.19,8124.44,8.4925,0.03,393,2388,100.0,38.76,23.277,0,3,-1,1.0
1,168,-0.0013,0.0,100.0,518.67,642.34,1586.61,1405.22,14.62,21.61,553.39,2388.03,9073.73,1.3,47.33,521.76,2388.06,8148.89,8.4345,0.03,392,2388,100.0,38.85,23.3451,4,4,-1,1.0
1,169,-0.0017,0.0004,100.0,518.67,643.2,1590.16,1418.05,14.62,21.61,552.71,2388.25,9055.18,1.3,47.88,520.44,2388.18,8125.3,8.4767,0.03,394,2388,100.0,38.58,23.187,0,3,-1,8.0
1,169,0.0036,-0.0003,100.0,518.67,642.6,1593.15,1411.62,14.62,21.61,553.97,2388.08,9067.51,1.3,47.71,521.72,2388.13,8151.82,8.4199,0.03,392,2388,100.0,38.77,23.3187,0,3,-1,7.0
1,170,-0.0017,-0.0002,100.0,518.67,642.92,1592.71,1417.41,14.62,21.61,552.02,2388.21,9044.03,1.3,47.86,520.23,2388.26,8121.76,8.49,0.03,395,2388,100.0,38.66,23.1615,0,3,-1,6.0
1,170,0.0011,-0.0003,100.0,518.67,642.6,1594.35,1407.91,14.62,21.61,553.78,2388.09,9071.14,1.3,47.4,521.7,2388.07,8148.7,8.4193,0.03,394,2388,100.0,38.91,23.3639,0,3,-1,5.0
1,171,0.0004,-0.0003,100.0,518.67,643.26,1592.06,1414.99,14.62,21.61,552.71,2388.2,9042.12,1.3,48.03,519.85,2388.22,8124.87,8.4922,0.03,395,2388,100.0,38.68,23.2444,0,3,-1,4.0
1,171,0.0032,-0.0004,100.0,518.67,642.41,1587.93,1402.66,14.62,21.61,553.84,2388.09,9072.04,1.3,47.52,521.33,2388.02,8149.51,8.4321,0.03,394,2388,100.0,38.76,23.2861,0,3,4,3.0
1,172,-0.0014,-0.0003,100.0,518.67,643.33,1591.71,1413.73,14.62,21.61,551.69,2388.24,9039.1,1.3,48.07,520.54,2388.26,8120.08,8.4595,0.03,393,2388,100.0,38.65,23.1585,0,3,-1,2.0
1,172,-0.0019,-0.0003,100.0,518.67,642.59,1597.51,1412.58,14.62,21.61,553.02,2388.07,9071.68,1.3,47.5,521.41,2388.05,8151.47,8.4624,0.03,392,2388,100.0,38.81,23.2399,0,3,-1,1.0
1,173,-0.0032,0.0002,100.0,518.67,642.97,1590.69,1425.27,14.62,21.61,552.13,2388.22,9048.82,1.3,47.9,520.11,2388.23,8121.64,8.5091,0.03,395,2388,100.0,38.59,23.1789,2,0,-1,1.0
1,173,0.0008,-0.0005,100.0,518.67,642.38,1596.02,1403.04,14.62,21.61,553.14,2388.07,9075.66,1.3,47.51,522.32,2388.04,8148.18,8.4249,0.03,393,2388,100.0,38.67,23.3147,0,3,-1,3.0
1,174,-0.0001,-0.0002,100.0,518.67,642.64,1599.81,1422.58,14.62,21.61,552.32,2388.22,9041.25,1.3,48.0,520.22,2388.21,8119.17,8.4476,0.03,393,2388,100.0,38.57,23.0357,0,3,-1,2.0
1,174,-0.004,-0.0001,100.0,518.67,642.16,1597.85,1405.84,14.62,21.61,553.59,2388.13,9068.46,1.3,47.65,521.84,2388.04,8151.15,8.4501,0.03,394,2388,100.0,38.74,23.2819,0,3,-1,1.0
1,175,0.0001,0.0002,100.0,518.67,643.61,1603.29,1422.52,14.62,21.61,551.64,2388.23,9042.66,1.3,47.86,520.38,2388.22,8125.76,8.489,0.03,394,2388,100.0,38.58,23.1573,2,0,-1,1.0
1,175,-0.0017,-0.0004,100.0,518.67,642.52,1581.68,1406.86,14.62,21.61,553.02,2388.06,9078.71,1.3,47.63,521.9,2388.1,8152.33,8.446,0.03,391,2388,100.0,38.87,23.2947,0,3,-1,3.0
1,176,-0.002,-0.0003,100.0,518.67,642.86,1592.27,1422.73,14.62,21.61,551.91,2388.23,9045.74,1.3,47.84,519.8,2388.2,8123.8,8.4853,0.03,394,2388,100.0,38.72,23.2491,0,3,-1,2.0
1,176,-0.0036,0.0001,100.0,518.67,641.97,1587.37,1409.46,14.62,21.61,553.26,2388.12,9069.58,1.3,47.4,521.57,2388.08,8157.42,8.4514,0.03,391,2388,100.0,38.9,23.2322,0,3,-1,1.0
1,177,-0.0038,-0.0003,100.0,518.67,643.79,1602.02,1423.99,14.62,21.61,551.93,2388.25,9046.2,1.3,48.03,520.24,2388.23,8120.11,8.4779,0.03,396,2388,100.0,38.63,23.1673,2,0,-1,1.0
1,177,0.0015,0.0003,100.0,518.67,642.49,1599.09,1404.38,14.62,21.61,552.7,2388.07,9067.53,1.3,47.35,520.98,2388.08,8151.57,8.4054,0.03,393,2388,100.0,38.89,23.3296,0,3,3,1.0
1,178,-0.0001,0.0002,100.0,518.67,643.38,1605.33,1424.65,14.62,21.61,552.18,2388.23,9046.17,1.3,48.0,520.2,2388.2,8116.56,8.477,0.03,395,2388,100.0,38.65,23.177,2,0,-1,1.0
1,178,-0.0012,0.0002,100.0,518.67,643.04,1588.24,1401.65,14.62,21.61,553.11,2388.07,9070.75,1.3,47.42,521.15,2388.02,8155.67,8.4229,0.03,394,2388,100.0,38.78,23.2484,0,3,-1,1.0
1,179,0.0023,-0.0003,100.0,518.67,642.86,1592.56,1429.45,14.62,21.61,551.57,2388.26,9044.23,1.3,48.02,520.38,2388.18,8116.84,8.4947,0.03,395,2388,100.0,38.77,23.1888,2,0,-1,1.0
1,179,0.0035,-0.0003,100.0,518.67,642.97,1583.04,1407.17,14.62,21.61,552.77,2388.1,9071.07,1.3,47.66,521.27,2388.1,8147.6,8.463,0.03,395,2388,100.0,38.92,23.1559,0,3,-1,1.0
1,180,-0.0024,0.0,100.0,518.67,643.58,1599.87,1417.14,14.62,21.61,552.91,2388.21,9039.33,1.3,47.85,519.84,2388.28,8122.57,8.4737,0.03,395,2388,100.0,38.86,23.007,2,0,-1,1.0
1,180,0.0038,0.0,100.0,518.67,643.07,1587.34,1406.28,14.62,21.61,553.71,2388.11,9070.81,1.3,47.51,521.33,2388.08,8149.71,8.4065,0.03,394,2388,100.0,39.09,23.1683,0,3,-1,1.0
1,181,-0.0006,0.0005,100.0,518.67,643.44,1596.71,1420.64,14.62,21.61,551.83,2388.23,9038.29,1.3,48.1,520.43,2388.23,8114.79,8.472,0.03,397,2388,100.0,38.34,23.1652,2,0,-1,1.0
1,181,0.0001,-0.0001,100.0,518.67,642.31,1591.29,1399.5,14.62,21.61,553.5,2388.12,9063.79,1.3,47.67,521.53,2388.12,8146.56,8.4163,0.03,393,2388,100.0,38.83,23.2364,0,3,-1,1.0
1,182,-0.001,0.0003,100.0,518.67,644.21,1602.08,1426.62,14.62,21.61,551.9,2388.26,9041.23,1.3,47.98,520.46,2388.25,8119.67,8.5158,0.03,397,2388,100.0,38.43,23.1787,2,0,-1,1.0
1,182,0.002,0.0001,100.0,518.67,642.37,1593.2,1414.3,14.62,21.61,553.46,2388.1,9066.02,1.3,47.52,521.3,2388.09,8147.66,8.4337,0.03,394,2388,100.0,38.66,23.2449,0,3,-1,1.0
1,183,0.0001,0.0001,100.0,518.67,643.24,1597.23,1419.03,14.62,21.61,551.38,2388.21,9040.94,1.3,48.03,520.05,2388.23,8117.8,8.5041,0.03,396,2388,100.0,38.56,23.1302,2,0,-1,1.0
1,183,0.0005,0.0003,100.0,518.67,641.84,1588.43,1412.8,14.62,21.61,553.63,2388.05,9070.23,1.3,47.53,521.61,2388.1,8143.44,8.4299,0.03,392,2388,100.0,38.73,23.3216,0,3,-1,1.0
1,184,0.0004,0.0003,100.0,518.67,644.07,1605.44,1432.52,14.62,21.61,551.0,2388.24,9047.91,1.3,48.07,519.77,2388.28,8115.61,8.5133,0.03,395,2388,100.0,38.43,23.0146,2,0,-1,1.0
1,184,-0.0,-0.0001,100.0,518.67,642.5,1590.76,1409.58,14.62,21.61,553.41,2388.09,9072.91,1.3,47.44,522.12,2388.1,8147.34,8.4555,0.03,393,2388,100.0,38.87,23.3773,0,3,-1,1.0
1,185,0.0008,0.0001,100.0,518.67,643.8,1603.46,1424.4,14.62,21.61,551.64,2388.29,9043.71,1.3,48.15,519.82,2388.27,8113.69,8.4984,0.03,395,2388,100.0,38.51,23.07,2,0,-1,1.0
1,185,0.0009,-0.0002,100.0,518.67,642.72,1584.57,1397.71,14.62,21.61,553.72,2388.09,9077.44,1.3,47.79,520.96,2388.06,8150.08,8.4504,0.03,392,2388,100.0,38.88,23.3945,0,3,-1,1.0
1,186,0.0027,-0.0003,100.0,518.67,643.51,1595.16,1426.3,14.62,21.61,552.57,2388.21,9051.37,1.3,48.12,520.08,2388.25,8123.45,8.5227,0.03,397,2388,100.0,38.47,23.0564,2,0,-1,1.0
1,186,-0.0005,0.0002,100.0,518.67,642.45,1590.89,1410.57,14.62,21.61,552.83,2388.07,9077.07,1.3,47.74,521.22,2388.06,8154.73,8.469,0.03,393,2388,100.0,38.88,23.2694,0,3,-1,1.0
1,187,-0.0047,-0.0,100.0,518.67,643.32,1592.1,1427.27,14.62,21.61,551.08,2388.29,9037.71,1.3,48.23,519.53,2388.28,8115.67,8.5218,0.03,396,2388,100.0,38.42,23.0822,2,0,-1,1.0
1,187,0.0012,0.0004,100.0,518.67,643.16,1591.08,1409.22,14.62,21.61,553.08,2388.08,9072.77,1.3,47.56,521.67,2388.1,8148.92,8.4452,0.03,394,2388,100.0,38.77,23.2041,0,3,3,1.0
1,188,-0.0067,0.0003,100.0,518.67,643.75,1602.38,1422.78,14.62,21.61,551.94,2388.31,9037.91,1.3,48.0,519.79,2388.23,8117.69,8.5207,0.03,396,2388,100.0,38.51,22.9588,2,0,-1,1.0
1,188,0.0014,0.0,100.0,518.67,643.48,1588.55,1410.73,14.62,21.61,553.02,2388.1,9072.27,1.3,47.64,521.36,2388.11,8143.92,8.451,0.03,393,2388,100.0,38.8,23.3575,0,3,-1,1.0
1,189,-0.0006,0.0002,100.0,518.67,644.18,1596.17,1428.01,14.62,21.61,550.7,2388.27,9044.55,1.3,48.08,519.58,2388.33,8117.51,8.5183,0.03,395,2388,100.0,38.48,23.1127,2,0,-1,1.0
1,189,-0.0054,-0.0003,100.0,518.67,642.26,1592.56,1401.97,14.62,21.61,553.32,2388.08,9070.68,1.3,47.7,521.6,2388.08,8153.25,8.4574,0.03,394,2388,100.0,38.59,23.3812,0,3,-1,1.0
1,190,-0.0027,0.0001,100.0,518.67,643.64,1599.22,1425.95,14.62,21.61,551.29,2388.29,9040.58,1.3,48.33,520.04,2388.35,8112.58,8.5223,0.03,398,2388,100.0,38.49,23.0675,2,0,-1,1.0
1,190,0.0006,-0.0003,100.0,518.67,643.11,1590.18,1405.06,14.62,21.61,553.25,2388.09,9074.38,1.3,47.55,521.66,2388.07,8152.48,8.4719,0.03,393,2388,100.0,38.59,23.3774,0,3,-1,1.0
1,191,-0.0,-0.0004,100.0,518.67,643.34,1602.36,1425.77,14.62,21.61,550.92,2388.28,9042.76,1.3,48.15,519.57,2388.3,8114.61,8.5174,0.03,394,2388,100.0,38.45,23.1295,2,0,-1,1.0
1,191,0.0036,0.0004,100.0,518.67,642.47,1581.9,1414.49,14.62,21.61,553.19,2388.12,9078.82,1.3,47.56,521.83,2388.14,8149.55,8.4651,0.03,392,2388,100.0,38.65,23.2453,0,3,-1,1.0
1,192,0.0009,-0.0,100.0,518.67,643.54,1601.41,1427.2,14.62,21.61,551.25,2388.32,9033.22,1.3,48.25,520.08,2388.32,8110.93,8.5113,0.03,396,2388,100.0,38.48,22.9649,2,0,-1,1.0
1,192,0.0011,0.0003,100.0,518.67,642.53,1593.75,1411.18,14.62,21.61,553.65,2388.1,9077.27,1.3,47.72,521.36,2388.09,8153.23,8.4359,0.03,393,2388,100.0,38.72,23.2512,0,3,-1,15.0
1,193,-0.0024,-0.0004,100.0,518.67,642.71,1590.06,1418.82,14.62,21.61,553.24,2388.07,9072.88,1.3,47.73,521.73,2388.11,8140.8,8.4393,0.03,394,2388,100.0,38.93,23.2572,0,3,3,14.0
1,194,-0.0,-0.0002,100.0,518.67,642.38,1587.37,1405.45,14.62,21.61,552.87,2388.05,9081.85,1.3,47.65,521.1,2388.06,8149.52,8.435,0.03,394,2388,100.0,38.62,23.2115,0,3,-1,13.0
1,195,-0.0003,-0.0004,100.0,518.67,643.02,1591.26,1418.18,14.62,21.61,553.31,2388.13,9075.12,1.3,47.44,521.4,2388.11,8147.99,8.4705,0.03,394,2388,100.0,38.63,23.2445,0,3,-1,12.0
1,196,0.0005,0.0003,100.0,518.67,642.58,1591.47,1408.16,14.62,21.61,552.9,2388.08,9071.12,1.3,47.64,521.42,2388.08,8147.58,8.4741,0.03,393,2388,100.0,38.86,23.2751,0,3,3,11.0
1,197,0.002,-0.0002,100.0,518.67,642.77,1591.11,1410.21,14.62,21.61,552.78,2388.13,9076.25,1.3,47.8,521.82,2388.04,8149.61,8.4164,0.03,393,2388,100.0,38.82,23.2987,0,3,-1,10.0
1,198,0.0023,-0.0002,100.0,518.67,642.52,1589.14,1410.7,14.62,21.61,552.94,2388.09,9068.53,1.3,47.45,520.83,2388.16,8151.93,8.4579,0.03,395,2388,100.0,38.73,23.2421,0,3,-1,9.0
1,199,0.0023,0.0002,100.0,518.67,642.26,1598.09,1419.18,14.62,21.61,552.86,2388.07,9071.63,1.3,47.79,520.8,2388.11,8151.24,8.4328,0.03,395,2388,100.0,38.9,23.3191,0,3,-1,8.0
1,200,-0.0036,0.0002,100.0,518.67,642.92,1595.46,1414.78,14.62,21.61,553.46,2388.11,9069.67,1.3,47.56,521.16,2388.11,8146.91,8.4265,0.03,394,2388,100.0,38.91,23.3581,0,3,-1,7.0
1,201,-0.0036,-0.0004,100.0,518.67,642.47,1591.02,1409.76,14.62,21.61,552.85,2388.11,9060.86,1.3,47.63,521.51,2388.08,8147.42,8.4533,0.03,394,2388,100.0,38.77,23.193,0,3,3,6.0
1,202,-0.0043,0.0003,100.0,518.67,642.58,1595.01,1411.84,14.62,21.61,552.84,2388.09,9077.04,1.3,47.67,521.12,2388.13,8151.38,8.4601,0.03,394,2388,100.0,38.7,23.2392,0,3,-1,5.0
1,203,0.0033,-0.0004,100.0,518.67,642.66,1596.82,1419.02,14.62,21.61,552.15,2388.09,9073.55,1.3,47.63,520.46,2388.11,8142.84,8.4426,0.03,393,2388,100.0,38.91,23.2576,0,3,3,4.0
1,204,0.0007,-0.0004,100.0,518.67,643.02,1594.44,1414.04,14.62,21.61,552.98,2388.13,9066.87,1.3,47.51,520.96,2388.1,8151.65,8.4541,0.03,395,2388,100.0,38.52,23.3022,0,3,-1,3.0
1,205,-0.0022,-0.0001,100.0,518.67,643.04,1602.53,1414.02,14.62,21.61,552.55,2388.11,9072.43,1.3,47.52,521.23,2388.08,8146.44,8.4402,0.03,394,2388,100.0,38.53,23.267,0,3,-1,2.0
1,206,0.0009,-0.0002,100.0,518.67,643.1,1593.55,1409.19,14.62,21.61,553.11,2388.14,9074.96,1.3,47.69,520.51,2388.14,8150.78,8.4413,0.03,393,2388,100.0,38.91,23.192,0,3,-1,1.0
1,207,-0.0003,0.0001,100.0,518.67,643.16,1594.88,1414.03,14.62,21.61,552.06,2388.1,9073.23,1.3,47.82,520.7,2388.13,8151.92,8.4689,0.03,396,2388,100.0,38.76,23.2329,2,0,0,1.0
1,208,-0.0007,0.0002,100.0,518.67,642.89,1587.78,1417.01,14.62,21.61,552.51,2388.13,9069.99,1.3,47.74,520.97,2388.13,8151.36,8.4518,0.03,393,2388,100.0,38.7,23.2955,0,3,-1,4.0
1,209,0.002,-0.0005,100.0,518.67,643.23,1599.57,1415.25,14.62,21.61,553.02,2388.13,9076.42,1.3,47.58,521.23,2388.11,8150.2,8.4316,0.03,393,2388,100.0,38.84,23.2993,0,3,-1,3.0
1,210,0.0021,-0.0003,100.0,518.67,642.7,1597.98,1407.91,14.62,21.61,552.95,2388.14,9070.05,1.3,47.61,520.37,2388.15,8153.97,8.4702,0.03,395,2388,100.0,38.77,23.277,0,3,-1,2.0
1,211,-0.0006,0.0002,100.0,518.67,642.45,1593.28,1413.75,14.62,21.61,553.01,2388.12,9068.26,1.3,47.71,521.41,2388.14,8151.91,8.4516,0.03,394,2388,100.0,38.57,23.2188,0,3,-1,1.0
1,212,0.0019,-0.0001,100.0,518.67,642.95,1595.89,1421.28,14.62,21.61,553.3,2388.12,9076.18,1.3,47.63,521.06,2388.16,8151.02,8.4497,0.03,394,2388,100.0,38.59,23.2353,2,0,-1,1.0
1,213,0.0008,-0.0001,100.0,518.67,643.2,1590.77,1415.33,14.62,21.61,552.36,2388.09,9075.94,1.3,47.69,521.26,2388.12,8150.68,8.4355,0.03,394,2388,100.0,38.69,23.0933,0,3,-1,3.0
1,214,0.0022,0.0002,100.0,518.67,642.71,1598.86,1413.36,14.62,21.61,553.15,2388.09,9069.98,1.3,47.6,521.1,2388.17,8146.23,8.4425,0.03,395,2388,100.0,38.66,23.2472,0,3,0,2.0
1,215,-0.0012,0.0002,100.0,518.67,643.05,1591.56,1418.03,14.62,21.61,552.53,2388.15,9074.71,1.3,47.6,520.79,2388.14,8147.54,8.4381,0.03,395,2388,100.0,38.66,23.188,0,3,0,1.0
1,216,-0.0029,0.0004,100.0,518.67,643.36,1590.83,1416.89,14.62,21.61,552.2,2388.1,9075.52,1.3,47.65,520.71,2388.14,8151.78,8.4724,0.03,396,2388,100.0,38.62,23.1276,2,0,-1,2.0
1,217,-0.0024,-0.0004,100.0,518.67,642.92,1598.95,1412.52,14.62,21.61,552.22,2388.16,9073.66,1.3,47.78,520.94,2388.19,8153.47,8.487,0.03,393,2388,100.0,38.68,23.1859,2,0,3,1.0
1,218,0.0021,-0.0002,100.0,518.67,642.91,1597.05,1408.18,14.62,21.61,552.78,2388.13,9075.65,1.3,47.72,520.75,2388.14,8145.56,8.444,0.03,394,2388,100.0,38.63,23.2371,0,3,-1,3.0
1,219,0.0022,0.0003,100.0,518.67,642.84,1596.34,1417.91,14.62,21.61,552.95,2388.21,9065.09,1.3,47.73,521.0,2388.18,8148.36,8.4365,0.03,394,2388,100.0,38.66,23.2827,0,3,-1,2.0
1,220,-0.0037,-0.0,100.0,518.67,642.77,1594.18,1419.8,14.62,21.61,552.66,2388.19,9073.26,1.3,47.7,521.19,2388.11,8150.46,8.4564,0.03,395,2388,100.0,38.77,23.2771,0,3,-1,1.0
9,1,0.0005,0.0004,100.0,518.67,642.18,1582.99,1396.22,14.62,21.61,554.35,2387.96,9065.59,1.3,47.09,522.34,2387.95,8149.16,8.402,0.03,391,2388,100.0,39.04,23.5349,4,4,-1,242.0
9,1,0.0005,-0.0004,100.0,518.67,642.22,1583.46,1398.97,14.62,21.6,556.86,2388.09,9070.67,1.3,47.21,524.63,2388.08,8145.74,8.3212,0.03,393,2388,100.0,39.13,23.462,4,4,-1,241.0
9,2,0.0001,0.0001,100.0,518.67,641.91,1580.17,1394.7,14.62,21.61,554.85,2387.94,9063.39,1.3,47.12,523.03,2387.98,8148.23,8.4331,0.03,392,2388,100.0,38.97,23.4335,4,4,-1,240.0
9,2,-0.0041,0.0001,100.0,518.67,641.81,1580.46,1393.79,14.62,21.6,557.12,2388.12,9060.03,1.3,47.24,524.74,2388.1,8141.84,8.3697,0.03,392,2388,100.0,39.06,23.3787,4,4,-1,239.0
9,3,-0.0009,-0.0003,100.0,518.67,642.5,1587.57,1396.79,14.62,21.61,554.75,2388.03,9057.58,1.3,47.12,522.63,2388.05,8140.94,8.4028,0.03,391,2388,100.0,39.09,23.4296,4,4,-1,238.0
9,3,0.0003,0.0003,100.0,518.67,642.35,1582.95,1400.76,14.62,21.6,557.11,2388.06,9065.3,1.3,47.48,525.48,2388.08,8139.1,8.377,0.03,392,2388,100.0,39.33,23.44,4,4,-1,237.0
9,4,-0.0022,0.0001,100.0,518.67,642.04,1584.66,1406.4,14.62,21.61,555.19,2388.0,9061.97,1.3,47.04,522.85,2388.01,8145.41,8.3741,0.03,392,2388,100.0,38.96,23.5159,4,4,4,236.0
9,4,0.0004,-0.0003,100.0,518.67,642.58,1585.75,1389.09,14.62,21.6,557.08,2388.12,9060.13,1.3,47.16,524.8,2388.08,8147.54,8.3771,0.03,393,2388,100.0,39.16,23.5005,4,4,-1,235.0
9,5,-0.0018,-0.0003,100.0,518.67,642.06,1580.0,1400.12,14.62,21.61,554.84,2387.95,9062.05,1.3,47.15,522.51,2387.98,8145.92,8.3664,0.03,390,2388,100.0,39.08,23.45,4,4,-1,234.0
9,5,-0.0013,-0.0003,100.0,518.67,642.37,1589.62,1398.5,14.62,21.6,557.97,2388.04,9066.33,1.3,47.29,525.03,2388.04,8151.33,8.3698,0.03,392,2388,100.0,39.16,23.4595,4,4,-1,233.0
9,6,0.0009,-0.0005,100.0,518.67,641.84,1589.51,1401.32,14.62,21.61,554.42,2388.01,9062.76,1.3,47.07,522.54,2388.04,8147.93,8.3554,0.03,393,2388,100.0,38.79,23.4186,4,4,-1,232.0
9,6,0.0015,0.0004,100.0,518.67,642.1,1585.65,1400.16,14.62,21.6,556.11,2388.11,9061.44,1.3,47.13,524.87,2388.02,8140.16,8.3974,0.03,392,2388,100.0,39.25,23.5179,4,4,-1,231.0
9,7,-0.0021,-0.0004,100.0,518.67,641.66,1584.33,1400.27,14.62,21.61,553.55,2388.04,9063.1,1.3,47.28,522.57,2388.01,8148.53,8.3917,0.03,392,2388,100.0,39.07,23.4575,4,4,-1,230.0
9,7,-0.0005,-0.0003,100.0,518.67,642.25,1582.22,1398.62,14.62,21.6,556.96,2388.07,9056.69,1.3,47.15,524.36,2388.09,8141.87,8.3702,0.03,392,2388,100.0,39.18,23.4076,4,4,-1,229.0
9,8,0.0018,0.0,100.0,518.67,641.46,1581.9,1392.49,14.62,21.61,555.66,2388.02,9064.64,1.3,47.37,522.21,2387.94,8145.97,8.4011,0.03,390,2388,100.0,39.27,23.4105,4,4,-1,228.0
9,8,0.0032,0.0002,100.0,518.67,641.76,1583.63,1400.4,14.62,21.6,556.39,2388.04,9065.65,1.3,47.33,524.85,2388.14,8139.54,8.3699,0.03,392,2388,100.0,39.1,23.4447,4,4,-1,227.0
9,9,0.0003,-0.0004,100.0,518.67,641.99,1580.58,1394.58,14.62,21.6,554.88,2388.04,9070.86,1.3,47.2,522.35,2388.04,8148.65,8.3858,0.03,391,2388,100.0,39.03,23.5122,4,4,-1,226.0
9,9,-0.0017,0.0005,100.0,518.67,642.44,1587.6,1402.06,14.62,21.6,556.89,2388.08,9060.34,1.3,47.08,524.51,2388.04,8145.27,8.3477,0.03,392,2388,100.0,38.87,23.4324,4,4,-1,225.0
9,10,0.0009,-0.0002,100.0,518.67,641.77,1580.84,1391.62,14.62,21.61,554.37,2388.02,9068.09,1.3,47.21,522.48,2388.03,8142.56,8.4069,0.03,391,2388,100.0,38.9,23.4672,4,4,-1,224.0
9,10,0.0004,0.0001,100.0,518.67,642.23,1584.04,1402.18,14.62,21.6,556.55,2388.11,9058.56,1.3,47.23,524.24,2388.05,8144.93,8.4063,0.03,393,2388,100.0,39.09,23.4342,4,4,-1,223.0
9,11,-0.0012,-0.0004,100.0,518.67,642.33,1581.8,1400.58,14.62,21.61,553.61,2388.0,9067.61,1.3,47.16,522.75,2387.99,8144.65,8.3929,0.03,391,2388,100.0,39.08,23.4228,4,4,-1,222.0
9,11,0.0,-0.0002,100.0,518.67,642.3,1580.84,1404.42,14.62,21.6,556.32,2388.09,9062.58,1.3,47.38,524.15,2388.1,8144.35,8.3054,0.03,390,2388,100.0,39.17,23.5543,4,4,-1,221.0
9,12,-0.0001,-0.0001,100.0,518.67,641.63,1584.2,1402.16,14.62,21.61,554.36,2387.98,9066.29,1.3,47.0,522.56,2388.04,8150.53,8.4091,0.03,392,2388,100.0,38.99,23.4246,4,4,-1,220.0
9,12,0.0023,-0.0001,100.0,518.67,641.94,1584.25,1403.16,14.62,21.6,555.98,2388.03,9059.05,1.3,47.14,524.07,2388.05,8143.42,8.3996,0.03,392,2388,100.0,39.12,23.495,4,4,-1,219.0
9,13,0.003,-0.0003,100.0,518.67,641.97,1589.32,1399.58,14.62,21.61,553.84,2387.99,9062.77,1.3,47.11,522.67,2388.01,8150.97,8.3998,0.03,392,2388,100.0,38.87,23.516,4,4,-1,218.0
9,13,-0.0002,0.0002,100.0,518.67,642.24,1590.64,1400.29,14.62,21.6,556.23,2388.11,9061.35,1.3,47.43,524.43,2388.08,8138.34,8.3506,0.03,393,2388,100.0,39.18,23.4428,4,4,-1,217.0
9,14,-0.0022,0.0003,100.0,518.67,642.44,1584.43,1398.28,14.62,21.61,554.68,2387.98,9064.45,1.3,47.26,522.4,2387.97,8141.72,8.4069,0.03,392,2388,100.0,39.01,23.445,4,4,-1,216.0
9,14,-0.0029,-0.0003,100.0,518.67,642.19,1591.14,1399.3,14.62,21.6,557.06,2388.1,9060.34,1.3,47.39,524.83,2388.1,8148.98,8.3527,0.03,391,2388,100.0,39.09,23.5475,4,4,-1,215.0
9,15,-0.0048,-0.0001,100.0,518.67,641.89,1587.29,1394.71,14.62,21.61,555.01,2388.01,9069.84,1.3,47.11,522.55,2387.94,8145.79,8.376,0.03,392,2388,100.0,39.12,23.4519,4,4,-1,214.0
9,15,-0.0001,-0.0001,100.0,518.67,642.54,1583.55,1405.49,14.62,21.6,557.04,2388.08,9059.59,1.3,47.23,524.73,2388.13,8146.46,8.355,0.03,392,2388,100.0,39.13,23.5152,4,4,-1,213.0
9,16,0.0001,0.0005,100.0,518.67,642.18,1587.42,1400.74,14.62,21.61,554.3,2388.04,9066.31,1.3,47.16,523.12,2387.97,8145.13,8.3869,0.03,390,2388,100.0,38.95,23.393,4,4,-1,212.0
9,16,-0.0008,-0.0001,100.0,518.67,642.43,1589.01,1395.9,14.62,21.6,556.64,2388.1,9056.51,1.3,47.23,524.83,2388.09,8149.08,8.3506,0.03,391,2388,100.0,39.1,23.5487,4,4,-1,211.0
9,17,-0.0043,0.0,100.0,518.67,641.63,1587.14,1395.4,14.62,21.61,554.68,2387.96,9062.97,1.3,47.15,522.69,2387.97,8143.8,8.3998,0.03,392,2388,100.0,39.06,23.3596,4,4,4,210.0
9,17,-0.0006,0.0002,100.0,518.67,642.04,1577.05,1404.26,14.62,21.6,556.8,2388.01,9058.81,1.3,47.41,524.87,2388.08,8144.74,8.3835,0.03,390,2388,100.0,39.37,23.498,4,4,-1,209.0
9,18,-0.0013,-0.0001,100.0,518.67,641.7,1592.2,1396.41,14.62,21.61,553.78,2388.03,9063.77,1.3,47.06,522.48,2388.0,8144.65,8.4065,0.03,391,2388,100.0,39.04,23.3688,4,4,4,208.0
9,18,0.0007,0.0,100.0,518.67,642.39,1583.03,1402.34,14.62,21.6,557.35,2388.09,9061.75,1.3,47.18,524.47,2388.09,8146.63,8.3399,0.03,392,2388,100.0,39.21,23.4608,4,4,4,207.0
9,19,0.0012,-0.0001,100.0,518.67,641.73,1579.41,1398.7,14.62,21.61,554.76,2388.02,9065.94,1.3,47.2,522.09,2387.96,8146.81,8.4425,0.03,391,2388,100.0,38.95,23.3515,4,4,-1,206.0
9,19,0.0027,0.0005,100.0,518.67,642.08,1579.04,1394.35,14.62,21.6,556.32,2388.13,9058.25,1.3,47.16,524.47,2388.05,8142.21,8.3316,0.03,392,2388,100.0,39.11,23.5156,4,4,-1,205.0
9,20,-0.0023,0.0003,100.0,518.67,642.11,1577.05,1389.2,14.62,21.61,555.07,2387.98,9063.07,1.3,47.31,522.41,2387.96,8145.7,8.4309,0.03,392,2388,100.0,39.09,23.3684,4,4,-1,204.0
9,20,0.0005,0.0004,100.0,518.67,642.25,1587.1,1395.71,14.62,21.6,557.27,2388.09,9057.14,1.3,47.45,525.0,2388.07,8142.72,8.3203,0.03,393,2388,100.0,38.95,23.5592,4,4,-1,203.0
9,21,-0.0016,-0.0004,100.0,518.67,642.03,1579.94,1394.42,14.62,21.61,554.75,2388.08,9065.62,1.3,47.29,522.86,2387.95,8150.07,8.3922,0.03,392,2388,100.0,39.06,23.4057,4,4,-1,202.0
9,21,0.0006,0.0004,100.0,518.67,642.32,1585.03,1403.84,14.62,21.6,556.89,2388.1,9059.19,1.3,47.19,524.18,2388.07,8149.0,8.3723,0.03,391,2388,100.0,39.27,23.5706,4,4,-1,201.0
9,22,-0.0001,-0.0005,100.0,518.67,642.25,1579.87,1399.51,14.62,21.61,554.39,2387.95,9067.21,1.3,47.12,522.11,2388.0,8146.36,8.404,0.03,391,2388,100.0,38.97,23.4904,4,4,-1,200.0
9,22,-0.0004,0.0002,100.0,518.67,642.48,1577.61,1399.59,14.62,21.6,556.85,2388.03,9059.99,1.3,47.2,523.97,2388.11,8148.26,8.3868,0.03,394,2388,100.0,39.38,23.444,4,4,4,199.0
9,23,0.0015,0.0004,100.0,518.67,641.41,1585.55,1402.96,14.62,21.61,554.57,2388.0,9064.76,1.3,47.24,522.27,2387.98,8147.03,8.3777,0.03,390,2388,100.0,38.89,23.3659,4,4,-1,198.0
9,23,-0.001,0.0005,100.0,518.67,641.89,1577.96,1398.31,14.62,21.6,556.3,2388.01,9064.56,1.3,47.24,524.16,2388.06,8138.77,8.3859,0.03,393,2388,100.0,39.09,23.4444,4,4,-1,197.0
9,24,0.0035,0.0003,100.0,518.67,642.04,1585.23,1394.39,14.62,21.61,553.95,2388.0,9051.59,1.3,47.17,522.36,2388.03,8143.34,8.3681,0.03,389,2388,100.0,39.03,23.3478,4,4,-1,196.0
9,24,0.0035,0.0,100.0,518.67,642.32,1585.19,1398.48,14.62,21.6,556.16,2388.05,9060.46,1.3,47.11,524.61,2388.07,8141.9,8.376,0.03,392,2388,100.0,39.11,23.5685,4,4,-1,195.0
9,25,0.0003,0.0001,100.0,518.67,642.2,1585.38,1397.22,14.62,21.61,554.44,2387.96,9067.31,1.3,47.14,522.29,2388.0,8145.8,8.3869,0.03,390,2388,100.0,39.03,23.4795,4,4,4,194.0
9,25,0.0018,-0.0004,100.0,518.67,641.33,1586.73,1403.41,14.62,21.6,556.55,2388.07,9064.3,1.3,47.11,524.02,2388.11,8143.77,8.3383,0.03,393,2388,100.0,39.04,23.5292,4,4,-1,193.0
9,26,0.0021,0.0002,100.0,518.67,642.72,1584.85,1396.74,14.62,21.61,555.45,2388.0,9068.74,1.3,47.15,522.82,2388.07,8150.14,8.3875,0.03,392,2388,100.0,38.94,23.4496,4,4,-1,192.0
9,26,-0.0011,0.0003,100.0,518.67,642.41,1590.89,1403.13,14.62,21.6,557.58,2388.09,9073.14,1.3,47.3,525.56,2388.07,8142.88,8.3122,0.03,391,2388,100.0,39.16,23.3622,4,4,-1,191.0
9,27,0.0022,0.0004,100.0,518.67,642.55,1593.03,1395.38,14.62,21.61,554.34,2387.97,9073.71,1.3,47.08,522.77,2387.95,8144.51,8.3595,0.03,392,2388,100.0,39.03,23.4669,4,4,4,190.0
9,27,0.0039,-0.0001,100.0,518.67,642.89,1587.01,1395.72,14.62,21.6,556.97,2388.09,9063.75,1.3,47.24,525.13,2388.12,8142.76,8.3472,0.03,391,2388,100.0,39.22,23.52,4,4,-1,189.0
9,28,0.001,-0.0001,100.0,518.67,641.88,1582.39,1396.46,14.62,21.61,555.12,2387.95,9064.43,1.3,47.35,522.24,2388.02,8152.92,8.3847,0.03,390,2388,100.0,39.19,23.494,4,4,4,188.0
9,28,-0.0015,0.0001,100.0,518.67,642.2,1589.36,1406.02,14.62,21.6,557.25,2388.09,9058.33,1.3,47.39,524.63,2388.05,8143.45,8.3252,0.03,391,2388,100.0,39.16,23.4417,4,4,-1,187.0
9,29,-0.0009,-0.0005,100.0,518.67,642.17,1578.06,1398.25,14.62,21.61,554.2,2387.99,9067.72,1.3,47.06,522.32,2387.98,8143.39,8.3925,0.03,392,2388,100.0,39.02,23.4314,4,4,-1,186.0
9,29,0.0002,-0.0003,100.0,518.67,641.93,1582.6,1401.94,14.62,21.6,556.46,2388.09,9063.22,1.3,47.22,524.54,2388.02,8142.72,8.3749,0.03,393,2388,100.0,39.14,23.5437,4,4,-1,185.0
9,30,0.0022,0.0004,100.0,518.67,641.96,1584.82,1396.4,14.62,21.61,554.62,2387.97,9069.3,1.3,47.17,522.49,2388.01,8150.5,8.4135,0.03,391,2388,100.0,39.08,23.4083,4,4,-1,184.0
9,30,-0.0008,0.0001,100.0,518.67,641.86,1581.55,1396.51,14.62,21.6,557.4,2388.07,9063.22,1.3,47.19,524.75,2388.08,8146.24,8.3854,0.03,392,2388,100.0,39.15,23.4989,4,4,-1,183.0
9,31,-0.0001,0.0001,100.0,518.67,642.33,1589.31,1393.67,14.62,21.61,554.49,2387.99,9067.82,1.3,47.08,522.58,2388.01,8143.69,8.4265,0.03,391,2388,100.0,39.13,23.4235,4,4,-1,182.0
9,31,0.0021,-0.0002,100.0,518.67,642.16,1588.33,1397.82,14.62,21.6,556.57,2388.07,9056.83,1.3,47.17,525.05,2388.07,8143.66,8.3453,0.03,393,2388,100.0,39.2,23.526,4,4,-1,181.0
9,32,-0.0018,0.0,100.0,518.67,641.89,1588.4,1390.48,14.62,21.61,554.32,2388.05,9064.15,1.3,47.44,522.74,2387.98,8145.99,8.3919,0.03,391,2388,100.0,38.96,23.4849,4,4,4,180.0
9,32,0.0003,0.0004,100.0,518.67,642.1,1582.4,1395.26,14.62,21.6,556.83,2388.05,9065.36,1.3,47.25,524.4,2388.09,8141.15,8.3525,0.03,393,2388,100.0,39.22,23.4903,4,4,-1,179.0
9,33,0.0019,0.0004,100.0,518.67,642.02,1585.92,1395.64,14.62,21.6,554.07,2387.98,9067.78,1.3,47.19,522.74,2387.97,8145.74,8.3858,0.03,392,2388,100.0,38.84,23.3714,4,4,-1,178.0
9,33,0.0017,0.0005,100.0,518.67,642.3,1586.09,1388.22,14.62,21.6,556.37,2388.1,9060.35,1.3,47.45,524.2,2388.14,8145.29,8.3411,0.03,392,2388,100.0,39.16,23.4603,4,4,-1,177.0
9,34,-0.0024,0.0004,100.0,518.67,642.09,1588.32,1405.48,14.62,21.61,553.88,2387.98,9053.45,1.3,47.1,522.59,2387.98,8148.6,8.4059,0.03,391,2388,100.0,39.03,23.4291,4,4,-1,176.0
9,34,0.0026,0.0,100.0,518.67,642.09,1581.49,1396.21,14.62,21.6,557.62,2388.07,9067.39,1.3,47.29,524.59,2388.07,8149.57,8.3685,0.03,391,2388,100.0,39.19,23.5449,4,4,-1,175.0
9,35,0.0016,-0.0001,100.0,518.67,642.02,1589.52,1400.73,14.62,21.61,554.69,2387.98,9066.53,1.3,47.02,522.59,2388.0,8148.51,8.4298,0.03,391,2388,100.0,39.09,23.4587,4,4,-1,174.0
9,35,0.0036,-0.0002,100.0,518.67,642.15,1588.14,1399.29,14.62,21.6,557.45,2388.12,9056.7,1.3,47.09,524.51,2388.08,8147.87,8.3707,0.03,394,2388,100.0,39.08,23.4639,4,4,-1,173.0
9,36,-0.0022,-0.0,100.0,518.67,641.85,1582.88,1396.31,14.62,21.61,553.95,2387.98,9068.19,1.3,47.12,522.53,2387.96,8149.0,8.4095,0.03,390,2388,100.0,38.94,23.4388,4,4,-1,172.0
9,36,0.0008,-0.0004,100.0,518.67,642.55,1580.25,1394.4,14.62,21.6,557.06,2388.1,9061.42,1.3,47.39,525.03,2388.06,8145.39,8.3881,0.03,393,2388,100.0,39.32,23.4422,4,4,-1,171.0
9,37,-0.0009,-0.0003,100.0,518.67,642.35,1579.77,1397.08,14.62,21.61,553.84,2388.0,9069.05,1.3,47.26,522.19,2388.01,8147.94,8.392,0.03,391,2388,100.0,38.88,23.3842,4,4,-1,170.0
9,37,-0.0019,0.0002,100.0,518.67,642.81,1585.49,1399.75,14.62,21.6,557.0,2388.1,9052.51,1.3,47.39,524.34,2388.11,8144.43,8.4097,0.03,392,2388,100.0,39.13,23.4742,4,4,-1,169.0
9,38,-0.0012,0.0002,100.0,518.67,641.74,1590.18,1393.55,14.62,21.61,555.04,2387.96,9061.91,1.3,47.03,521.87,2387.97,8150.74,8.3881,0.03,392,2388,100.0,38.84,23.4311,4,4,-1,168.0
9,38,-0.0034,-0.0004,100.0,518.67,641.61,1581.89,1395.9,14.62,21.6,556.49,2388.03,9057.82,1.3,47.37,524.45,2388.08,8137.31,8.334,0.03,392,2388,100.0,39.22,23.5559,4,4,-1,167.0
9,39,0.0009,0.0003,100.0,518.67,642.51,1588.38,1400.47,14.62,21.61,554.35,2387.99,9061.31,1.3,47.2,522.19,2387.96,8155.12,8.3689,0.03,391,2388,100.0,39.09,23.425,4,4,-1,166.0
9,39,-0.0021,-0.0002,100.0,518.67,642.14,1583.51,1397.11,14.62,21.6,557.14,2388.06,9064.66,1.3,47.23,524.81,2388.09,8148.99,8.3781,0.03,393,2388,100.0,39.13,23.6394,4,4,-1,165.0
9,40,-0.0049,0.0004,100.0,518.67,642.38,1592.26,1393.79,14.62,21.61,554.12,2388.0,9065.3,1.3,47.05,522.1,2387.94,8143.52,8.3714,0.03,391,2388,100.0,39.07,23.4292,4,4,-1,164.0
9,40,-0.001,0.0005,100.0,518.67,642.49,1590.57,1392.2,14.62,21.6,556.79,2388.08,9056.64,1.3,47.39,525.02,2388.06,8142.99,8.3418,0.03,393,2388,100.0,39.3,23.519,4,4,-1,163.0
9,41,0.0009,-0.0002,100.0,518.67,642.23,1582.98,1392.08,14.62,21.61,554.44,2388.0,9060.49,1.3,47.13,522.4,2388.01,8149.01,8.4108,0.03,392,2388,100.0,39.1,23.3787,4,4,4,162.0
9,41,-0.0001,0.0001,100.0,518.67,642.7,1589.45,1402.43,14.62,21.6,557.13,2388.08,9057.44,1.3,47.14,525.05,2388.07,8149.13,8.3797,0.03,392,2388,100.0,39.06,23.5543,4,4,4,161.0
9,42,0.0029,0.0003,100.0,518.67,642.19,1582.46,1397.76,14.62,21.61,554.15,2388.03,9065.46,1.3,47.45,521.99,2387.98,8149.6,8.4152,0.03,392,2388,100.0,39.14,23.3315,4,4,-1,160.0
9,42,-0.0018,-0.0002,100.0,518.67,642.11,1582.59,1406.56,14.62,21.6,556.86,2388.11,9067.48,1.3,47.3,524.7,2388.05,8142.08,8.3135,0.03,392,2388,100.0,38.98,23.5144,4,4,-1,159.0
9,43,-0.0013,-0.0,100.0,518.67,642.21,1583.62,1395.74,14.62,21.6,554.44,2388.0,9062.97,1.3,47.16,522.39,2388.01,8147.63,8.4003,0.03,392,2388,100.0,39.04,23.4445,4,4,-1,158.0
9,43,-0.0039,-0.0001,100.0,518.67,642.15,1578.91,1399.33,14.62,21.6,556.91,2388.13,9062.12,1.3,47.42,524.73,2388.11,8145.92,8.3606,0.03,392,2388,100.0,39.11,23.5776,4,4,-1,157.0
9,44,0.0008,-0.0005,100.0,518.67,642.03,1576.57,1397.21,14.62,21.61,554.0,2387.97,9065.45,1.3,47.19,522.58,2387.96,8148.19,8.4301,0.03,391,2388,100.0,38.92,23.4561,4,4,-1,156.0
9,44,0.0017,0.0,100.0,518.67,642.42,1584.4,1395.38,14.62,21.6,556.38,2388.05,9054.93,1.3,47.02,524.63,2388.1,8144.24,8.3535,0.03,393,2388,100.0,39.18,23.4856,4,4,-1,155.0
9,45,-0.0017,0.0002,100.0,518.67,641.91,1578.31,1395.2,14.62,21.61,554.05,2388.01,9064.45,1.3,47.09,522.02,2387.93,8147.52,8.3795,0.03,392,2388,100.0,38.99,23.4097,4,4,-1,154.0
9,45,0.0007,0.0001,100.0,518.67,641.8,1580.01,1401.03,14.62,21.6,557.21,2388.12,9060.58,1.3,47.11,525.25,2388.04,8147.14,8.3514,0.03,392,2388,100.0,39.24,23.497,4,4,-1,153.0
9,46,0.0003,0.0002,100.0,518.67,642.02,1576.37,1403.72,14.62,21.61,554.78,2387.96,9062.07,1.3,47.24,523.04,2388.03,8143.48,8.4083,0.03,392,2388,100.0,38.85,23.4921,4,4,-1,152.0
9,46,0.0015,-0.0003,100.0,518.67,641.96,1590.51,1400.37,14.62,21.6,556.65,2388.11,9061.66,1.3,47.31,524.8,2388.07,8151.58,8.3697,0.03,392,2388,100.0,39.29,23.3763,4,4,-1,151.0
9,47,-0.001,0.0001,100.0,518.67,642.14,1583.6,1401.14,14.62,21.61,554.72,2387.97,9064.76,1.3,47.17,522.58,2388.02,8148.0,8.3744,0.03,390,2388,100.0,38.99,23.4631,4,4,-1,150.0
9,47,0.0026,-0.0004,100.0,518.67,641.83,1581.1,1393.23,14.62,21.6,556.86,2388.06,9056.14,1.3,47.33,524.67,2388.11,8143.18,8.3434,0.03,392,2388,100.0,39.22,23.4792,4,4,-1,149.0
9,48,0.0009,0.0001,100.0,518.67,642.36,1586.08,1394.15,14.62,21.61,554.9,2388.01,9070.4,1.3,46.88,523.07,2388.0,8147.3,8.3843,0.03,391,2388,100.0,38.92,23.4633,4,4,-1,148.0
9,48,-0.0026,-0.0,100.0,518.67,642.23,1589.43,1397.01,14.62,21.6,557.08,2387.98,9070.01,1.3,47.08,524.02,2388.08,8149.99,8.3457,0.03,392,2388,100.0,39.12,23.5554,4,4,-1,147.0
9,49,0.0016,0.0004,100.0,518.67,642.42,1580.82,1393.84,14.62,21.61,554.33,2388.05,9058.33,1.3,47.23,522.77,2388.0,8145.27,8.3966,0.03,393,2388,100.0,38.98,23.4048,4,4,-1,146.0
9,49,0.0045,-0.0003,100.0,518.67,642.04,1579.1,1404.84,14.62,21.6,556.91,2388.11,9059.61,1.3,47.13,524.99,2388.04,8141.68,8.3699,0.03,391,2388,100.0,39.22,23.5315,4,4,-1,145.0
9,50,0.0029,0.0,100.0,518.67,641.95,1585.84,1396.96,14.62,21.61,554.37,2388.02,9066.64,1.3,47.31,523.02,2388.01,8148.66,8.421,0.03,393,2388,100.0,38.99,23.2776,4,4,4,144.0
9,50,0.0028,-0.0005,100.0,518.67,642.03,1581.35,1394.73,14.62,21.6,557.16,2388.06,9069.74,1.3,47.48,524.19,2388.07,8145.6,8.3593,0.03,392,2388,100.0,39.18,23.4518,4,4,-1,143.0
9,51,-0.001,0.0005,100.0,518.67,641.85,1590.61,1394.64,14.62,21.61,554.39,2388.0,9068.63,1.3,47.22,521.79,2387.95,8152.32,8.4122,0.03,391,2388,100.0,39.12,23.3401,4,4,-1,142.0
9,51,0.0019,-0.0004,100.0,518.67,642.41,1580.14,1396.98,14.62,21.6,556.87,2388.04,9058.0,1.3,47.25,524.58,2388.05,8143.74,8.4012,0.03,391,2388,100.0,39.22,23.4459,4,4,-1,141.0
9,52,-0.0016,-0.0005,100.0,518.67,641.79,1586.48,1390.75,14.62,21.6,554.92,2388.02,9072.79,1.3,47.26,522.06,2388.01,8147.73,8.3951,0.03,391,2388,100.0,39.09,23.427,4,4,-1,140.0
9,52,0.0018,0.0001,100.0,518.67,642.0,1581.62,1405.76,14.62,21.6,557.12,2388.06,9058.54,1.3,47.36,524.73,2388.13,8140.25,8.3813,0.03,392,2388,100.0,38.91,23.4359,4,4,-1,139.0
9,53,-0.0004,-0.0002,100.0,518.67,641.9,1588.27,1394.15,14.62,21.61,554.88,2387.97,9068.24,1.3,47.09,522.0,2387.99,8141.72,8.3714,0.03,392,2388,100.0,38.99,23.4471,4,4,-1,138.0
9,53,0.0032,0.0004,100.0,518.67,642.35,1584.51,1401.02,14.62,21.6,556.2,2388.05,9064.62,1.3,47.24,524.24,2388.12,8140.7,8.3726,0.03,392,2388,100.0,39.11,23.5772,4,4,-1,137.0
9,54,-0.0022,0.0004,100.0,518.67,642.36,1582.51,1389.74,14.62,21.61,554.28,2388.01,9072.89,1.3,47.23,522.81,2387.98,8151.56,8.3968,0.03,391,2388,100.0,39.09,23.4496,4,4,-1,136.0
9,54,0.0017,0.0005,100.0,518.67,642.24,1586.85,1400.82,14.62,21.6,556.84,2388.13,9058.79,1.3,47.17,524.81,2388.09,8142.27,8.3749,0.03,391,2388,100.0,39.1,23.5022,4,4,-1,135.0
9,55,0.0024,0.0002,100.0,518.67,642.27,1583.8,1400.69,14.62,21.61,554.74,2387.99,9063.78,1.3,47.15,522.81,2388.02,8145.53,8.4109,0.03,391,2388,100.0,39.02,23.3817,4,4,-1,134.0
9,55,0.0022,0.0003,100.0,518.67,641.68,1581.56,1396.23,14.62,21.6,556.06,2388.12,9070.37,1.3,47.23,524.52,2388.02,8144.82,8.387,0.03,392,2388,100.0,38.88,23.4938,4,4,-1,133.0
9,56,-0.0011,-0.0002,100.0,518.67,642.01,1582.0,1397.74,14.62,21.61,554.13,2388.03,9062.3,1.3,47.18,522.78,2388.0,8146.01,8.4563,0.03,393,2388,100.0,38.92,23.4822,4,4,4,132.0
9,56,0.0016,-0.0004,100.0,518.67,642.2,1585.21,1396.33,14.62,21.6,556.8,2388.02,9059.44,1.3,47.34,524.8,2388.09,8147.81,8.3533,0.03,392,2388,100.0,39.14,23.3913,4,4,-1,131.0
9,57,-0.0016,0.0001,100.0,518.67,642.44,1577.63,1398.72,14.62,21.61,554.86,2388.06,9068.03,1.3,47.12,522.45,2387.99,8146.66,8.3993,0.03,392,2388,100.0,39.05,23.3403,4,4,4,130.0
9,57,0.001,-0.0001,100.0,518.67,642.39,1583.89,1399.5,14.62,21.6,557.41,2388.06,9056.53,1.3,47.15,524.09,2388.14,8144.76,8.3856,0.03,391,2388,100.0,39.14,23.5393,4,4,4,129.0
9,58,-0.0028,-0.0005,100.0,518.67,642.62,1585.2,1402.6,14.62,21.61,554.52,2388.05,9060.94,1.3,47.27,522.41,2388.01,8149.06,8.4227,0.03,392,2388,100.0,38.92,23.4016,4,4,4,128.0
9,58,0.0018,0.0005,100.0,518.67,641.58,1596.69,1399.07,14.62,21.6,556.56,2388.11,9061.75,1.3,47.32,524.85,2388.06,8146.73,8.3547,0.03,393,2388,100.0,39.15,23.4423,4,4,-1,127.0
9,59,-0.003,0.0004,100.0,518.67,642.14,1589.48,1401.5,14.62,21.61,554.46,2388.02,9068.72,1.3,47.06,522.63,2388.04,8151.81,8.4091,0.03,391,2388,100.0,39.11,23.4678,4,4,-1,126.0
9,59,0.0011,0.0002,100.0,518.67,642.09,1583.23,1398.86,14.62,21.6,558.2,2388.1,9059.58,1.3,47.06,524.87,2388.09,8144.92,8.3316,0.03,392,2388,100.0,39.17,23.58,4,4,-1,125.0
9,60,-0.0024,0.0001,100.0,518.67,642.54,1584.68,1398.98,14.62,21.61,553.98,2388.01,9068.77,1.3,47.33,522.21,2388.0,8147.12,8.4107,0.03,391,2388,100.0,38.93,23.4029,4,4,-1,124.0
9,60,0.0011,-0.0001,100.0,518.67,642.36,1585.23,1399.72,14.62,21.6,556.84,2388.03,9060.25,1.3,47.37,524.98,2388.07,8145.91,8.3162,0.03,391,2388,100.0,39.18,23.5385,4,4,-1,123.0
9,61,-0.001,-0.0004,100.0,518.67,642.27,1582.62,1389.95,14.62,21.61,555.0,2388.03,9060.32,1.3,47.18,522.54,2388.01,8152.77,8.4093,0.03,392,2388,100.0,39.01,23.3036,4,4,-1,122.0
9,61,-0.0025,0.0,100.0,518.67,641.95,1584.15,1402.17,14.62,21.6,556.72,2388.09,9059.15,1.3,47.17,524.29,2388.15,8142.75,8.3783,0.03,391,2388,100.0,39.09,23.4857,4,4,-1,121.0
9,62,0.0044,-0.0005,100.0,518.67,642.3,1586.22,1396.13,14.62,21.61,554.45,2388.02,9068.29,1.3,47.34,521.74,2388.04,8150.2,8.3948,0.03,392,2388,100.0,39.05,23.4236,4,4,-1,120.0
9,62,-0.0023,-0.0004,100.0,518.67,642.15,1577.25,1400.16,14.62,21.6,557.59,2388.03,9077.53,1.3,47.46,525.09,2388.03,8150.46,8.3225,0.03,392,2388,100.0,39.09,23.458,4,4,-1,119.0
9,63,0.0005,-0.0002,100.0,518.67,642.62,1582.67,1393.77,14.62,21.61,554.42,2388.03,9068.46,1.3,47.19,522.27,2387.89,8150.42,8.4121,0.03,391,2388,100.0,38.95,23.3899,4,4,-1,118.0
9,63,-0.0004,-0.0004,100.0,518.67,642.77,1582.39,1400.16,14.62,21.6,557.0,2388.14,9062.59,1.3,47.3,525.31,2388.12,8144.08,8.3523,0.03,391,2388,100.0,39.27,23.5978,4,4,-1,117.0
9,64,-0.001,-0.0003,100.0,518.67,641.99,1584.05,1398.39,14.62,21.61,554.98,2387.95,9069.14,1.3,47.18,521.97,2388.02,8147.58,8.3769,0.03,391,2388,100.0,38.96,23.3703,4,4,-1,116.0
9,64,-0.0027,-0.0001,100.0,518.67,642.54,1582.84,1403.06,14.62,21.6,556.6,2388.09,9063.25,1.3,47.24,524.45,2388.15,8141.72,8.3529,0.03,393,2388,100.0,39.28,23.4844,4,4,-1,115.0
9,65,0.0016,0.0003,100.0,518.67,642.64,1582.06,1400.38,14.62,21.61,554.36,2387.98,9070.65,1.3,47.31,522.63,2387.95,8147.06,8.4003,0.03,391,2388,100.0,39.06,23.3906,4,4,-1,114.0
9,65,0.0005,-0.0004,100.0,518.67,641.87,1585.06,1402.92,14.62,21.6,556.57,2388.04,9059.11,1.3,47.23,524.67,2388.09,8142.72,8.394,0.03,392,2388,100.0,39.31,23.4346,4,4,-1,113.0
9,66,0.0003,-0.0001,100.0,518.67,642.2,1585.41,1394.61,14.62,21.61,554.37,2388.02,9068.65,1.3,47.08,522.31,2388.0,8148.44,8.4314,0.03,392,2388,100.0,39.05,23.387,4,4,-1,112.0
9,66,-0.0014,0.0001,100.0,518.67,641.89,1589.34,1397.6,14.62,21.6,557.12,2388.06,9054.4,1.3,47.21,524.92,2388.09,8146.38,8.3729,0.03,392,2388,100.0,39.26,23.4959,4,4,-1,111.0
9,67,0.0017,0.0002,100.0,518.67,641.9,1586.88,1403.17,14.62,21.61,554.07,2388.04,9068.95,1.3,47.2,522.56,2387.95,8151.98,8.4011,0.03,393,2388,100.0,39.05,23.4275,4,4,-1,110.0
9,67,-0.0007,0.0003,100.0,518.67,642.72,1590.88,1403.14,14.62,21.6,555.92,2388.07,9069.84,1.3,47.19,524.87,2388.01,8146.46,8.3717,0.03,393,2388,100.0,39.28,23.4791,4,4,-1,109.0
9,68,0.0007,0.0003,100.0,518.67,642.07,1584.94,1399.61,14.62,21.61,554.41,2387.99,9065.31,1.3,47.19,521.7,2387.97,8146.7,8.3892,0.03,391,2388,100.0,38.93,23.4194,4,4,-1,108.0
9,68,-0.0005,-0.0004,100.0,518.67,642.43,1587.57,1396.07,14.62,21.6,556.52,2388.11,9060.63,1.3,47.22,524.52,2388.06,8146.0,8.3579,0.03,392,2388,100.0,38.97,23.4797,4,4,-1,107.0
9,69,-0.0003,0.0003,100.0,518.67,642.04,1584.82,1392.73,14.62,21.61,554.73,2388.02,9066.51,1.3,47.36,521.99,2387.99,8147.94,8.4043,0.03,392,2388,100.0,38.96,23.3616,4,4,-1,106.0
9,69,-0.0018,0.0001,100.0,518.67,642.77,1586.38,1395.77,14.62,21.6,556.84,2388.05,9064.68,1.3,47.26,525.04,2388.1,8146.91,8.3149,0.03,392,2388,100.0,39.14,23.5704,4,4,-1,105.0
9,70,0.0009,-0.0005,100.0,518.67,641.94,1585.09,1398.8,14.62,21.61,553.79,2388.07,9070.96,1.3,47.34,522.29,2387.98,8148.64,8.3855,0.03,391,2388,100.0,39.17,23.4468,4,4,-1,104.0
9,70,0.0045,0.0002,100.0,518.67,642.6,1584.42,1396.47,14.62,21.6,556.57,2388.11,9067.11,1.3,47.29,524.86,2388.09,8145.18,8.3652,0.03,393,2388,100.0,39.11,23.4563,4,4,-1,103.0
9,71,-0.0014,0.0003,100.0,518.67,641.82,1590.96,1407.83,14.62,21.61,554.27,2388.03,9065.51,1.3,47.39,522.06,2388.01,8147.37,8.3736,0.03,391,2388,100.0,38.94,23.3084,4,4,3,102.0
9,71,0.001,-0.0001,100.0,518.67,642.45,1584.42,1401.7,14.62,21.6,555.87,2388.07,9061.09,1.3,47.23,525.1,2388.09,8140.81,8.3617,0.03,392,2388,100.0,39.2,23.6732,4,4,-1,101.0
9,72,0.0022,-0.0,100.0,518.67,641.85,1577.38,1406.79,14.62,21.6,554.34,2387.98,9071.52,1.3,47.17,522.22,2387.98,8155.36,8.4274,0.03,392,2388,100.0,38.9,23.4287,4,4,-1,100.0
9,72,-0.0031,0.0002,100.0,518.67,642.23,1585.49,1400.18,14.62,21.6,556.71,2388.06,9061.84,1.3,47.22,524.85,2388.06,8138.85,8.3654,0.03,392,2388,100.0,39.13,23.4423,4,4,-1,99.0
9,73,0.0,-0.0,100.0,518.67,641.8,1582.66,1399.71,14.62,21.61,554.45,2388.02,9071.69,1.3,47.27,521.68,2387.98,8151.29,8.3972,0.03,392,2388,100.0,38.96,23.3687,4,4,-1,98.0
9,73,-0.002,-0.0001,100.0,518.67,642.06,1585.53,1394.84,14.62,21.6,556.24,2388.07,9063.26,1.3,47.32,524.92,2388.05,8146.0,8.3649,0.03,391,2388,100.0,39.08,23.4558,4,4,-1,97.0
9,74,-0.0035,0.0003,100.0,518.67,642.33,1583.15,1400.1,14.62,21.6,554.15,2388.0,9067.25,1.3,47.14,522.13,2387.98,8151.86,8.3887,0.03,392,2388,100.0,38.86,23.5318,4,4,-1,96.0
9,74,-0.0018,0.0005,100.0,518.67,641.68,1587.52,1399.65,14.62,21.6,557.39,2388.05,9062.35,1.3,47.37,524.51,2388.06,8134.76,8.3668,0.03,392,2388,100.0,39.02,23.5511,4,4,-1,95.0
9,75,0.0,0.0001,100.0,518.67,642.81,1587.78,1406.51,14.62,21.6,554.04,2388.03,9065.02,1.3,47.26,522.57,2387.94,8149.09,8.3924,0.03,391,2388,100.0,39.01,23.3706,4,4,-1,94.0
9,75,0.0041,0.0002,100.0,518.67,642.23,1586.48,1392.79,14.62,21.6,556.88,2388.01,9060.89,1.3,47.39,524.84,2388.04,8145.53,8.3731,0.03,393,2388,100.0,39.24,23.574,4,4,-1,93.0
9,76,-0.0018,-0.0003,100.0,518.67,642.01,1574.3,1400.42,14.62,21.61,554.23,2388.03,9068.44,1.3,47.24,522.24,2388.04,8152.8,8.403,0.03,391,2388,100.0,38.77,23.3159,4,4,-1,92.0
9,76,0.0015,0.0005,100.0,518.67,642.23,1589.25,1409.93,14.62,21.6,556.26,2388.05,9060.95,1.3,47.36,524.26,2388.01,8141.07,8.3893,0.03,393,2388,100.0,39.3,23.5007,4,4,-1,91.0
9,77,0.0008,-0.0005,100.0,518.67,642.03,1585.42,1404.25,14.62,21.61,554.24,2387.96,9073.93,1.3,47.2,522.74,2388.03,8153.67,8.4063,0.03,392,2388,100.0,39.03,23.3879,4,4,-1,90.0
9,77,0.003,-0.0005,100.0,518.67,641.87,1585.47,1399.66,14.62,21.6,556.67,2388.1,9067.91,1.3,47.23,524.61,2388.07,8138.49,8.3621,0.03,392,2388,100.0,39.19,23.4736,4,4,-1,89.0
9,78,-0.0005,-0.0001,100.0,518.67,641.81,1586.47,1406.3,14.62,21.61,554.52,2387.99,9068.45,1.3,47.18,522.23,2388.08,8151.19,8.3749,0.03,391,2388,100.0,39.09,23.4532,4,4,-1,88.0
9,78,0.0053,0.0001,100.0,518.67,642.12,1580.64,1403.94,14.62,21.6,556.68,2388.04,9060.82,1.3,47.31,524.93,2388.07,8138.79,8.3803,0.03,394,2388,100.0,38.95,23.4965,4,4,-1,87.0
9,79,-0.0027,-0.0005,100.0,518.67,642.22,1587.87,1392.83,14.62,21.61,554.18,2388.01,9066.73,1.3,47.25,522.58,2387.95,8152.76,8.4097,0.03,390,2388,100.0,39.0,23.4879,4,4,-1,86.0
9,79,0.0016,-0.0002,100.0,518.67,642.78,1586.93,1396.0,14.62,21.6,556.51,2388.13,9060.72,1.3,47.39,524.52,2388.12,8140.55,8.4106,0.03,393,2388,100.0,39.3,23.5669,4,4,-1,85.0
9,80,-0.0046,-0.0002,100.0,518.67,641.88,1584.25,1400.68,14.62,21.61,554.89,2387.96,9073.04,1.3,47.33,522.78,2388.01,8156.11,8.4186,0.03,392,2388,100.0,38.99,23.4188,4,4,-1,84.0
9,80,-0.0022,0.0001,100.0,518.67,642.3,1582.08,1396.5,14.62,21.6,556.61,2388.06,9063.72,1.3,47.4,524.9,2388.06,8145.92,8.3896,0.03,393,2388,100.0,39.07,23.4949,4,4,-1,83.0
9,81,0.0001,0.0004,100.0,518.67,642.16,1586.42,1399.24,14.62,21.61,554.03,2388.02,9072.77,1.3,47.23,522.25,2388.0,8145.57,8.4188,0.03,392,2388,100.0,38.84,23.4484,4,4,-1,82.0
9,81,0.0031,0.0003,100.0,518.67,642.3,1580.59,1399.51,14.62,21.6,556.64,2388.09,9061.62,1.3,47.17,524.25,2388.03,8137.77,8.3401,0.03,392,2388,100.0,39.17,23.5545,4,4,-1,81.0
9,82,0.001,0.0003,100.0,518.67,642.17,1585.45,1402.04,14.62,21.61,554.26,2387.96,9069.07,1.3,47.26,522.01,2388.0,8155.38,8.4205,0.03,392,2388,100.0,39.13,23.3747,4,4,-1,80.0
9,82,-0.0009,0.0001,100.0,518.67,641.99,1590.61,1398.16,14.62,21.6,556.75,2388.1,9066.0,1.3,47.32,524.89,2388.1,8152.88,8.3348,0.03,390,2388,100.0,39.32,23.4517,4,4,4,79.0
9,83,-0.0021,0.0003,100.0,518.67,641.76,1585.4,1397.5,14.62,21.61,554.15,2387.98,9069.92,1.3,47.17,521.97,2388.0,8150.5,8.4005,0.03,392,2388,100.0,38.83,23.4324,4,4,-1,78.0
9,83,-0.001,-0.0001,100.0,518.67,641.74,1591.8,1396.17,14.62,21.6,556.93,2388.13,9060.13,1.3,47.31,524.57,2388.12,8146.78,8.3752,0.03,392,2388,100.0,39.14,23.467,4,4,-1,77.0
9,84,-0.0008,-0.0002,100.0,518.67,642.1,1583.96,1398.43,14.62,21.6,555.01,2388.01,9065.65,1.3,47.34,522.16,2387.99,8149.19,8.3936,0.03,394,2388,100.0,38.87,23.3995,4,4,-1,76.0
9,84,-0.0006,0.0001,100.0,518.67,642.83,1587.31,1400.36,14.62,21.6,556.04,2388.14,9061.47,1.3,47.41,525.27,2388.05,8143.04,8.3397,0.03,393,2388,100.0,39.2,23.5692,4,4,-1,75.0
9,85,-0.0015,-0.0002,100.0,518.67,641.95,1586.76,1400.9,14.62,21.6,553.89,2388.03,9072.14,1.3,47.21,522.73,2387.98,8154.59,8.4401,0.03,393,2388,100.0,39.02,23.3644,4,4,-1,74.0
9,85,0.0016,-0.0002,100.0,518.67,642.33,1583.93,1396.52,14.62,21.6,556.89,2388.09,9062.5,1.3,47.38,525.05,2388.11,8144.9,8.3414,0.03,393,2388,100.0,39.05,23.447,4,4,-1,73.0
9,86,-0.0009,0.0003,100.0,518.67,641.67,1588.86,1403.43,14.62,21.6,553.78,2387.98,9066.2,1.3,47.31,522.22,2387.96,8151.48,8.4162,0.03,392,2388,100.0,39.16,23.4124,4,4,-1,72.0
9,86,0.0036,-0.0,100.0,518.67,642.48,1588.31,1396.38,14.62,21.6,557.74,2388.08,9060.91,1.3,47.19,524.84,2388.09,8145.01,8.3686,0.03,392,2388,100.0,39.12,23.5524,4,4,-1,71.0
9,87,0.0005,0.0004,100.0,518.67,642.34,1591.24,1392.08,14.62,21.61,553.78,2388.03,9067.77,1.3,47.24,522.91,2388.02,8150.58,8.3987,0.03,391,2388,100.0,38.99,23.3438,4,4,-1,70.0
9,87,0.0002,-0.0002,100.0,518.67,642.19,1588.46,1406.51,14.62,21.6,557.66,2388.11,9062.54,1.3,47.27,524.64,2388.12,8147.37,8.385,0.03,393,2388,100.0,39.29,23.5626,4,4,-1,69.0
9,88,-0.0001,-0.0003,100.0,518.67,641.71,1580.37,1398.54,14.62,21.61,553.98,2387.95,9078.18,1.3,47.36,522.2,2387.93,8152.78,8.3972,0.03,392,2388,100.0,38.97,23.4347,4,4,-1,68.0
9,88,0.0013,-0.0005,100.0,518.67,642.3,1586.0,1407.35,14.62,21.6,556.27,2388.08,9057.12,1.3,47.35,524.64,2388.03,8143.83,8.3962,0.03,390,2388,100.0,39.12,23.5204,4,4,-1,67.0
9,89,-0.0007,0.0003,100.0,518.67,642.21,1592.17,1399.66,14.62,21.61,554.21,2387.99,9071.3,1.3,47.15,522.37,2387.99,8148.86,8.3678,0.03,392,2388,100.0,39.03,23.3618,4,4,-1,66.0
9,89,-0.0055,0.0004,100.0,518.67,642.69,1589.13,1406.77,14.62,21.6,556.96,2388.04,9065.23,1.3,47.2,525.72,2388.12,8145.62,8.3689,0.03,391,2388,100.0,39.22,23.5172,4,4,-1,65.0
9,90,0.0024,0.0003,100.0,518.67,642.44,1584.42,1401.57,14.62,21.61,554.56,2388.04,9073.48,1.3,47.13,522.23,2388.03,8149.62,8.3955,0.03,392,2388,100.0,39.06,23.2989,4,4,4,64.0
9,90,-0.0033,-0.0004,100.0,518.67,641.97,1589.16,1399.66,14.62,21.6,556.9,2388.05,9057.65,1.3,47.37,524.05,2388.05,8143.38,8.3616,0.03,392,2388,100.0,39.21,23.4495,4,4,-1,63.0
9,91,0.0008,-0.0003,100.0,518.67,642.05,1579.7,1405.67,14.62,21.61,554.48,2388.04,9074.45,1.3,47.26,522.54,2388.03,8153.95,8.3967,0.03,391,2388,100.0,38.91,23.3828,4,4,4,62.0
9,91,-0.0014,-0.0004,100.0,518.67,641.65,1585.91,1398.23,14.62,21.6,556.79,2388.03,9059.03,1.3,47.31,524.37,2388.05,8146.1,8.3753,0.03,392,2388,100.0,39.03,23.5379,4,4,-1,61.0
9,92,-0.0007,0.0,100.0,518.67,642.02,1585.64,1399.92,14.62,21.6,554.41,2387.96,9080.53,1.3,47.36,522.54,2388.03,8152.65,8.3487,0.03,392,2388,100.0,38.97,23.4963,4,4,-1,60.0
9,92,-0.0032,0.0,100.0,518.67,642.49,1585.77,1399.17,14.62,21.6,557.18,2388.15,9061.04,1.3,47.24,524.81,2388.08,8148.31,8.3729,0.03,394,2388,100.0,39.1,23.5417,4,4,-1,59.0
9,93,0.0005,0.0003,100.0,518.67,642.08,1591.47,1405.21,14.62,21.61,553.49,2388.03,9077.37,1.3,47.26,522.51,2387.98,8150.27,8.3908,0.03,390,2388,100.0,38.97,23.4075,4,4,-1,58.0
9,93,-0.0015,-0.0003,100.0,518.67,642.29,1585.04,1395.39,14.62,21.6,557.1,2388.02,9063.31,1.3,47.3,524.96,2388.03,8148.41,8.3502,0.03,391,2388,100.0,39.07,23.4988,4,4,-1,57.0
9,94,-0.0027,-0.0003,100.0,518.67,642.05,1593.45,1401.46,14.62,21.61,554.6,2387.99,9075.05,1.3,47.41,522.31,2387.98,8155.41,8.3753,0.03,392,2388,100.0,39.13,23.4523,4,4,-1,56.0
9,94,-0.0006,0.0004,100.0,518.67,643.01,1589.37,1390.7,14.62,21.6,556.77,2388.08,9064.82,1.3,47.42,525.33,2388.09,8144.16,8.3182,0.03,392,2388,100.0,39.2,23.5246,4,4,-1,55.0
9,95,-0.0017,-0.0003,100.0,518.67,642.38,1585.12,1395.08,14.62,21.61,553.67,2388.02,9074.81,1.3,47.18,522.39,2388.03,8155.83,8.4258,0.03,392,2388,100.0,39.13,23.3849,4,4,-1,54.0
9,95,0.0007,0.0004,100.0,518.67,642.12,1589.5,1397.01,14.62,21.6,557.06,2388.07,9059.19,1.3,47.31,525.36,2388.07,8142.2,8.3605,0.03,393,2388,100.0,39.09,23.4375,4,4,-1,53.0
9,96,0.001,-0.0001,100.0,518.67,642.41,1584.72,1397.68,14.62,21.61,554.18,2387.96,9068.23,1.3,47.35,521.87,2388.01,8152.14,8.4256,0.03,391,2388,100.0,39.03,23.4274,4,4,-1,52.0
9,96,-0.0002,0.0005,100.0,518.67,642.42,1581.31,1401.4,14.62,21.6,557.79,2388.03,9064.86,1.3,47.45,524.51,2388.06,8149.46,8.365,0.03,393,2388,100.0,39.25,23.3302,4,4,-1,51.0
9,97,-0.0021,0.0003,100.0,518.67,642.41,1586.47,1404.15,14.62,21.61,554.51,2387.99,9069.02,1.3,47.3,521.99,2388.03,8154.01,8.387,0.03,391,2388,100.0,39.09,23.3229,4,4,-1,50.0
9,97,0.002,0.0004,100.0,518.67,642.19,1580.4,1391.94,14.62,21.6,556.4,2388.09,9059.52,1.3,47.27,525.44,2388.1,8143.54,8.3358,0.03,391,2388,100.0,39.2,23.449,4,4,-1,49.0
9,98,-0.001,0.0005,100.0,518.67,642.75,1586.33,1400.38,14.62,21.61,553.98,2388.02,9069.2,1.3,47.28,522.05,2387.97,8155.49,8.4246,0.03,393,2388,100.0,38.99,23.4708,4,4,-1,48.0
9,98,-0.0033,0.0005,100.0,518.67,642.33,1584.53,1393.73,14.62,21.6,557.44,2388.06,9056.97,1.3,47.19,524.69,2388.07,8142.26,8.3618,0.03,391,2388,100.0,39.29,23.5556,4,4,-1,47.0
9,99,-0.0041,0.0002,100.0,518.67,642.39,1583.53,1400.32,14.62,21.61,554.47,2388.04,9082.33,1.3,47.19,522.45,2388.01,8151.13,8.4133,0.03,391,2388,100.0,38.79,23.3398,4,4,-1,46.0
9,99,-0.0018,0.0003,100.0,518.67,642.24,1588.74,1400.46,14.62,21.6,557.14,2388.09,9069.63,1.3,47.24,524.36,2388.08,8147.07,8.3741,0.03,392,2388,100.0,39.18,23.4955,4,4,-1,45.0
9,100,-0.0021,0.0003,100.0,518.67,642.24,1589.51,1394.51,14.62,21.61,553.9,2388.01,9079.17,1.3,47.12,522.18,2387.98,8158.78,8.4205,0.03,393,2388,100.0,38.99,23.4565,4,4,4,44.0
9,100,0.0011,0.0005,100.0,518.67,642.77,1580.11,1396.28,14.62,21.6,556.32,2388.06,9063.1,1.3,47.17,524.41,2388.08,8140.39,8.3433,0.03,392,2388,100.0,39.18,23.6211,4,4,-1,43.0
9,101,0.0033,0.0005,100.0,518.67,642.47,1587.89,1401.94,14.62,21.61,554.71,2388.04,9077.43,1.3,47.33,521.98,2388.06,8151.73,8.4567,0.03,394,2388,100.0,38.99,23.3922,4,4,-1,42.0
9,101,-0.0005,0.0005,100.0,518.67,642.64,1582.49,1394.01,14.62,21.6,557.47,2388.05,9066.43,1.3,47.26,524.48,2388.03,8145.38,8.4013,0.03,393,2388,100.0,39.22,23.4811,4,4,4,41.0
9,102,0.0002,-0.0001,100.0,518.67,642.33,1586.42,1396.58,14.62,21.61,554.31,2387.98,9076.51,1.3,47.3,522.19,2387.96,8161.15,8.3901,0.03,391,2388,100.0,38.94,23.3951,4,4,-1,40.0
9,102,0.0025,0.0004,100.0,518.67,642.09,1579.97,1392.77,14.62,21.6,557.32,2388.05,9061.46,1.3,47.38,525.35,2388.12,8144.34,8.3635,0.03,391,2388,100.0,39.03,23.5209,4,4,-1,39.0
9,103,-0.0011,0.0004,100.0,518.67,641.93,1590.3,1403.32,14.62,21.61,554.04,2387.99,9068.58,1.3,47.2,521.86,2387.99,8158.97,8.4505,0.03,390,2388,100.0,39.06,23.3906,4,4,-1,38.0
9,103,-0.0016,-0.0004,100.0,518.67,641.83,1595.73,1399.65,14.62,21.6,556.58,2388.1,9066.54,1.3,47.3,525.25,2388.07,8141.93,8.345,0.03,392,2388,100.0,39.32,23.41,4,4,-1,37.0
9,104,-0.0008,-0.0003,100.0,518.67,642.35,1588.74,1403.04,14.62,21.61,554.32,2387.99,9076.04,1.3,47.35,522.2,2388.0,8158.55,8.397,0.03,391,2388,100.0,38.9,23.3719,4,4,-1,36.0
9,104,-0.0019,0.0,100.0,518.67,641.86,1580.97,1397.48,14.62,21.6,556.86,2388.05,9059.51,1.3,47.39,524.11,2388.1,8147.29,8.3496,0.03,392,2388,100.0,39.01,23.4994,4,4,-1,35.0
9,105,0.0037,0.0001,100.0,518.67,641.81,1590.74,1399.4,14.62,21.61,554.71,2388.05,9077.35,1.3,47.2,522.21,2387.96,8155.38,8.4489,0.03,393,2388,100.0,39.01,23.4281,4,4,-1,34.0
9,105,0.001,0.0001,100.0,518.67,642.0,1588.82,1402.76,14.62,21.6,557.11,2388.12,9069.08,1.3,47.22,525.49,2388.13,8145.65,8.3563,0.03,391,2388,100.0,39.11,23.5664,4,4,-1,33.0
9,106,0.0045,0.0003,100.0,518.67,642.68,1590.52,1401.0,14.62,21.61,554.37,2388.02,9078.93,1.3,47.33,522.04,2388.0,8160.08,8.3934,0.03,393,2388,100.0,38.99,23.5181,4,4,-1,32.0
9,106,0.0012,0.0003,100.0,518.67,641.79,1579.96,1403.74,14.62,21.6,556.8,2388.08,9062.37,1.3,47.28,524.56,2388.02,8144.95,8.3824,0.03,393,2388,100.0,39.19,23.5103,4,4,-1,31.0
9,107,-0.0014,0.0002,100.0,518.67,641.9,1582.4,1405.78,14.62,21.61,554.79,2387.98,9065.64,1.3,47.14,522.06,2387.98,8159.11,8.4203,0.03,391,2388,100.0,38.98,23.3048,4,4,-1,30.0
9,107,-0.0017,-0.0004,100.0,518.67,642.14,1583.97,1402.86,14.62,21.6,557.1,2388.05,9067.39,1.3,47.26,524.49,2388.12,8149.42,8.3383,0.03,392,2388,100.0,39.18,23.5023,4,4,-1,29.0
9,108,-0.0028,0.0002,100.0,518.67,642.46,1582.5,1396.02,14.62,21.6,554.53,2388.02,9082.82,1.3,47.18,522.43,2387.97,8152.65,8.444,0.03,394,2388,100.0,38.83,23.5016,4,4,4,28.0
9,108,-0.0023,-0.0002,100.0,518.67,642.21,1578.77,1401.82,14.62,21.6,557.38,2388.1,9061.12,1.3,47.3,524.62,2388.1,8146.29,8.331,0.03,392,2388,100.0,39.09,23.5083,4,4,-1,27.0
9,109,0.0024,0.0004,100.0,518.67,642.18,1583.91,1406.15,14.62,21.61,554.2,2388.03,9074.04,1.3,47.51,522.14,2388.0,8152.11,8.4282,0.03,392,2388,100.0,38.88,23.4369,4,4,-1,26.0
9,109,-0.0006,-0.0,100.0,518.67,642.49,1584.18,1400.06,14.62,21.6,557.55,2388.08,9066.61,1.3,47.28,525.32,2388.11,8144.21,8.3626,0.03,394,2388,100.0,39.13,23.4512,4,4,-1,25.0
9,110,-0.0002,-0.0002,100.0,518.67,642.03,1588.57,1394.19,14.62,21.61,553.57,2387.99,9082.4,1.3,47.19,522.4,2388.01,8156.46,8.3732,0.03,392,2388,100.0,38.88,23.3791,4,4,-1,24.0
9,110,0.0008,0.0001,100.0,518.67,641.73,1578.59,1400.24,14.62,21.6,556.46,2388.12,9066.11,1.3,47.12,524.36,2388.13,8141.51,8.3456,0.03,393,2388,100.0,39.05,23.5095,4,4,-1,23.0
9,111,-0.0005,0.0002,100.0,518.67,642.9,1584.82,1398.69,14.62,21.6,554.72,2388.0,9075.53,1.3,47.03,522.63,2388.03,8161.05,8.3941,0.03,391,2388,100.0,38.94,23.3019,4,4,-1,22.0
9,111,0.0002,0.0005,100.0,518.67,641.94,1586.58,1397.07,14.62,21.6,556.33,2388.08,9068.8,1.3,47.33,525.21,2388.04,8151.1,8.3643,0.03,392,2388,100.0,39.21,23.4948,4,4,-1,21.0
9,112,0.0029,0.0001,100.0,518.67,642.69,1588.48,1403.69,14.62,21.61,554.19,2388.06,9075.18,1.3,47.36,522.39,2387.98,8161.98,8.3856,0.03,393,2388,100.0,38.85,23.3845,4,4,-1,20.0
9,112,-0.0053,0.0001,100.0,518.67,641.97,1585.37,1399.31,14.62,21.6,557.58,2388.06,9065.3,1.3,47.22,524.6,2388.08,8149.18,8.3749,0.03,393,2388,100.0,39.05,23.5345,4,4,-1,19.0
9,113,-0.0001,-0.0003,100.0,518.67,642.0,1578.0,1401.6,14.62,21.61,554.66,2388.04,9083.15,1.3,47.18,521.89,2387.96,8160.21,8.4436,0.03,391,2388,100.0,39.0,23.3882,4,4,-1,18.0
9,113,-0.0001,0.0001,100.0,518.67,642.31,1581.96,1398.28,14.62,21.6,556.68,2388.1,9058.95,1.3,47.04,524.19,2387.99,8142.12,8.3675,0.03,391,2388,100.0,39.32,23.4376,4,4,-1,17.0
9,114,0.005,-0.0003,100.0,518.67,642.03,1588.62,1399.35,14.62,21.61,554.06,2388.02,9077.51,1.3,47.28,522.36,2388.0,8160.97,8.4107,0.03,393,2388,100.0,38.86,23.3366,4,4,-1,16.0
9,114,0.0033,-0.0004,100.0,518.67,642.36,1583.47,1396.23,14.62,21.6,557.39,2388.12,9071.71,1.3,47.29,525.27,2388.09,8138.38,8.3483,0.03,391,2388,100.0,39.36,23.4662,4,4,-1,15.0
9,115,-0.0024,0.0,100.0,518.67,642.6,1584.83,1400.65,14.62,21.61,554.71,2388.01,9079.4,1.3,47.24,521.72,2387.99,8158.25,8.4247,0.03,391,2388,100.0,38.81,23.4275,4,4,-1,14.0
9,115,0.0027,0.0005,100.0,518.67,641.91,1590.83,1396.18,14.62,21.6,556.9,2388.1,9067.19,1.3,47.33,524.75,2388.09,8145.21,8.3506,0.03,392,2388,100.0,39.11,23.4703,4,4,-1,13.0
9,116,0.0025,0.0,100.0,518.67,642.53,1584.24,1386.43,14.62,21.61,553.94,2388.0,9084.13,1.3,47.24,521.82,2388.03,8159.54,8.4003,0.03,394,2388,100.0,38.98,23.3225,4,4,4,12.0
9,116,0.002,0.0,100.0,518.67,641.97,1586.2,1402.54,14.62,21.6,557.35,2388.08,9070.94,1.3,47.37,525.22,2388.12,8147.11,8.3774,0.03,391,2388,100.0,39.18,23.5866,4,4,-1,11.0
9,117,-0.0024,0.0002,100.0,518.67,641.76,1588.65,1402.37,14.62,21.61,554.35,2388.02,9076.57,1.3,47.49,521.9,2387.99,8163.99,8.3758,0.03,393,2388,100.0,39.07,23.3912,4,4,-1,10.0
9,117,-0.0006,-0.0002,100.0,518.67,642.23,1581.48,1397.06,14.62,21.6,557.15,2388.12,9062.76,1.3,47.39,525.25,2388.08,8142.85,8.3611,0.03,392,2388,100.0,39.16,23.4998,4,4,-1,9.0
9,118,0.0017,-0.0,100.0,518.67,642.31,1588.73,1412.17,14.62,21.61,554.0,2387.97,9086.7,1.3,47.16,522.19,2388.0,8161.35,8.4304,0.03,393,2388,100.0,38.86,23.3916,4,4,-1,8.0
9,118,-0.0021,0.0002,100.0,518.67,642.06,1593.68,1398.81,14.62,21.6,556.95,2388.12,9065.76,1.3,47.16,524.71,2388.11,8150.51,8.3774,0.03,392,2388,100.0,39.27,23.5439,4,4,-1,7.0
9,119,-0.0034,-0.0002,100.0,518.67,642.37,1586.73,1397.87,14.62,21.61,554.56,2388.02,9079.72,1.3,47.12,521.91,2388.0,8161.07,8.4293,0.03,393,2388,100.0,38.95,23.4278,4,4,-1,6.0
9,119,-0.0001,-0.0,100.0,518.67,642.41,1580.25,1398.51,14.62,21.6,557.23,2388.03,9067.67,1.3,47.09,525.12,2388.15,8145.43,8.3328,0.03,391,2388,100.0,39.05,23.4013,4,4,-1,5.0
9,120,-0.0011,0.0001,100.0,518.67,642.01,1580.71,1394.99,14.62,21.6,554.4,2388.02,9087.44,1.3,47.18,521.88,2388.0,8160.93,8.4111,0.03,394,2388,100.0,38.89,23.4211,4,4,-1,4.0
9,120,0.0021,0.0,100.0,518.67,642.04,1591.88,1401.44,14.62,21.6,557.36,2388.1,9063.54,1.3,47.24,525.35,2388.14,8146.29,8.3563,0.03,393,2388,100.0,39.25,23.5182,4,4,-1,3.0
9,121,-0.0012,0.0003,100.0,518.67,642.21,1587.72,1398.53,14.62,21.61,554.55,2387.99,9073.08,1.3,47.48,521.92,2388.03,8158.78,8.4736,0.03,393,2388,100.0,39.03,23.2865,4,4,3,2.0
9,121,0.0018,-0.0001,100.0,518.67,642.6,1579.99,1398.34,14.62,21.6,557.15,2388.11,9064.33,1.3,47.47,524.85,2388.07,8148.12,8.3016,0.03,393,2388,100.0,39.29,23.4695,4,4,-1,1.0
9,122,-0.0003,-0.0002,100.0,518.67,642.55,1596.55,1404.44,14.62,21.61,553.64,2388.04,9085.01,1.3,47.22,522.22,2387.99,8161.89,8.4564,0.03,395,2388,100.0,38.92,23.3283,0,3,-1,1.0
9,122,0.0029,0.0001,100.0,518.67,642.09,1580.72,1405.53,14.62,21.6,557.19,2388.11,9067.45,1.3,47.22,525.35,2388.09,8148.98,8.3466,0.03,392,2388,100.0,39.21,23.4697,4,4,-1,27.0
9,123,-0.0013,-0.0002,100.0,518.67,642.56,1597.71,1398.36,14.62,21.61,553.52,2387.98,9082.43,1.3,47.41,522.51,2387.98,8160.55,8.3994,0.03,394,2388,100.0,38.93,23.4026,4,4,-1,26.0
9,123,-0.0027,-0.0004,100.0,518.67,642.0,1587.82,1397.03,14.62,21.6,557.0,2388.09,9061.75,1.3,47.29,524.61,2388.07,8141.11,8.3469,0.03,393,2388,100.0,39.29,23.3886,4,4,-1,25.0
9,124,-0.0029,0.0003,100.0,518.67,642.42,1588.05,1396.84,14.62,21.61,553.83,2388.02,9086.53,1.3,47.52,521.79,2387.98,8161.35,8.4077,0.03,392,2388,100.0,38.86,23.3782,4,4,-1,24.0
9,124,0.0011,0.0003,100.0,518.67,642.11,1589.38,1397.48,14.62,21.6,557.66,2388.08,9067.03,1.3,47.23,524.92,2388.11,8147.34,8.355,0.03,393,2388,100.0,39.16,23.5685,4,4,-1,23.0
9,125,-0.0037,-0.0005,100.0,518.67,642.74,1586.93,1402.64,14.62,21.6,554.35,2388.05,9081.28,1.3,47.31,522.01,2388.0,8165.9,8.4323,0.03,392,2388,100.0,38.77,23.4928,4,4,-1,22.0
9,125,0.0042,0.0001,100.0,518.67,642.48,1585.54,1396.66,14.62,21.6,557.42,2388.1,9064.83,1.3,47.16,524.81,2388.09,8145.64,8.3705,0.03,392,2388,100.0,39.01,23.509,4,4,-1,21.0
9,126,-0.0015,0.0,100.0,518.67,642.68,1583.34,1398.03,14.62,21.61,553.9,2387.98,9080.82,1.3,47.28,521.66,2387.96,8163.95,8.4223,0.03,392,2388,100.0,38.99,23.2663,4,4,-1,20.0
9,126,-0.001,0.0003,100.0,518.67,642.04,1583.99,1398.15,14.62,21.6,557.76,2388.07,9066.33,1.3,47.35,524.83,2388.09,8150.79,8.3761,0.03,392,2388,100.0,39.26,23.5744,4,4,4,19.0
9,127,-0.0057,0.0004,100.0,518.67,642.36,1588.29,1403.56,14.62,21.61,554.1,2388.04,9084.48,1.3,47.25,522.3,2387.96,8160.31,8.4028,0.03,393,2388,100.0,39.09,23.3348,4,4,-1,18.0
9,127,0.0009,0.0005,100.0,518.67,642.4,1586.0,1397.08,14.62,21.6,556.57,2388.08,9058.12,1.3,47.3,524.65,2388.08,8144.25,8.3562,0.03,392,2388,100.0,39.2,23.5195,4,4,4,17.0
9,128,-0.0057,0.0001,100.0,518.67,642.43,1589.84,1406.91,14.62,21.61,554.93,2388.03,9086.47,1.3,47.36,521.64,2388.05,8163.24,8.4079,0.03,392,2388,100.0,38.97,23.3642,4,4,-1,16.0
9,128,-0.001,-0.0,100.0,518.67,642.32,1587.76,1398.83,14.62,21.6,557.04,2388.07,9068.65,1.3,47.22,524.5,2388.05,8143.29,8.3594,0.03,393,2388,100.0,39.19,23.596,4,4,4,15.0
9,129,-0.0049,0.0,100.0,518.67,642.77,1588.02,1399.03,14.62,21.61,553.8,2387.99,9082.14,1.3,47.4,522.08,2388.02,8169.03,8.4154,0.03,393,2388,100.0,38.85,23.4363,4,4,-1,14.0
9,129,-0.0055,-0.0,100.0,518.67,641.77,1585.84,1398.33,14.62,21.6,557.53,2388.07,9063.35,1.3,47.4,525.26,2388.1,8143.04,8.3577,0.03,393,2388,100.0,39.15,23.4205,4,4,-1,13.0
9,130,-0.0014,0.0002,100.0,518.67,642.6,1589.58,1399.16,14.62,21.61,554.4,2387.98,9089.94,1.3,47.37,522.07,2387.98,8172.39,8.408,0.03,393,2388,100.0,39.02,23.4145,4,4,-1,12.0
9,130,0.0017,-0.0001,100.0,518.67,642.78,1589.91,1406.9,14.62,21.6,556.61,2388.05,9059.12,1.3,47.34,525.23,2388.12,8142.96,8.3509,0.03,393,2388,100.0,39.26,23.4179,4,4,-1,11.0
9,131,-0.0023,0.0003,100.0,518.67,642.25,1589.06,1395.46,14.62,21.61,553.95,2387.98,9086.07,1.3,47.43,522.04,2388.01,8171.99,8.375,0.03,394,2388,100.0,38.84,23.3274,4,4,-1,10.0
9,131,-0.0005,-0.0,100.0,518.67,642.55,1585.23,1397.57,14.62,21.6,557.41,2388.06,9060.26,1.3,47.31,525.2,2388.08,8147.5,8.3628,0.03,392,2388,100.0,39.33,23.4281,4,4,-1,9.0
9,132,0.0034,-0.0004,100.0,518.67,642.15,1593.99,1397.84,14.62,21.61,553.57,2388.04,9082.92,1.3,47.38,522.34,2388.04,8168.49,8.416,0.03,392,2388,100.0,38.87,23.306,4,4,-1,8.0
9,132,0.0025,0.0001,100.0,518.67,642.35,1583.4,1390.43,14.62,21.6,556.15,2388.09,9058.0,1.3,47.36,525.03,2388.03,8139.43,8.3403,0.03,394,2388,100.0,39.32,23.5445,4,4,-1,7.0
9,133,-0.0001,0.0004,100.0,518.67,642.73,1587.86,1406.84,14.62,21.61,554.48,2387.97,9088.3,1.3,47.28,521.8,2387.97,8162.61,8.4072,0.03,392,2388,100.0,39.06,23.2638,4,4,-1,6.0
9,133,0.0017,0.0001,100.0,518.67,642.46,1584.07,1402.34,14.62,21.6,557.84,2388.12,9066.98,1.3,47.51,525.58,2388.11,8148.15,8.3405,0.03,393,2388,100.0,39.34,23.5661,4,4,-1,5.0
9,134,0.0033,-0.0004,100.0,518.67,642.61,1593.65,1408.87,14.62,21.61,553.87,2388.01,9091.7,1.3,47.26,522.42,2388.02,8171.6,8.4193,0.03,391,2388,100.0,38.97,23.3152,4,4,-1,4.0
9,134,-0.0033,-0.0003,100.0,518.67,642.25,1590.7,1398.66,14.62,21.6,557.34,2388.11,9066.2,1.3,47.25,525.28,2388.12,8141.76,8.3459,0.03,393,2388,100.0,39.3,23.5006,4,4,4,3.0
9,135,0.0006,-0.0,100.0,518.67,642.26,1594.48,1397.92,14.62,21.61,553.79,2388.05,9093.5,1.3,47.49,522.14,2387.98,8172.74,8.3921,0.03,393,2388,100.0,38.95,23.3671,4,4,-1,2.0
9,135,-0.0008,0.0004,100.0,518.67,641.87,1587.75,1397.99,14.62,21.6,557.88,2388.13,9068.72,1.3,47.34,525.57,2388.09,8143.72,8.3632,0.03,392,2388,100.0,39.2,23.5894,4,4,-1,1.0
9,136,-0.0003,0.0003,100.0,518.67,642.57,1588.21,1405.17,14.62,21.61,554.32,2388.03,9093.1,1.3,47.44,521.96,2388.06,8169.7,8.4226,0.03,392,2388,100.0,38.75,23.3723,0,3,-1,1.0
9,136,-0.0038,0.0003,100.0,518.67,642.12,1585.58,1407.76,14.62,21.6,557.48,2388.08,9064.3,1.3,47.32,525.5,2388.14,8150.25,8.3499,0.03,391,2388,100.0,39.26,23.6207,4,4,-1,15.0
9,137,-0.0048,-0.0001,100.0,518.67,642.63,1594.85,1404.57,14.62,21.61,554.2,2388.02,9092.35,1.3,47.26,521.37,2387.97,8166.88,8.4244,0.03,392,2388,100.0,38.99,23.3045,4,4,-1,14.0
9,137,-0.0016,-0.0004,100.0,518.67,642.39,1586.95,1406.31,14.62,21.6,557.43,2388.08,9065.73,1.3,47.25,524.97,2388.07,8146.9,8.3444,0.03,392,2388,100.0,39.0,23.5,4,4,-1,13.0
9,138,-0.0023,0.0005,100.0,518.67,642.6,1590.0,1401.97,14.62,21.61,554.07,2387.94,9096.42,1.3,47.29,521.83,2387.88,8171.26,8.4119,0.03,391,2388,100.0,38.85,23.4244,4,4,-1,12.0
9,138,0.0023,0.0004,100.0,518.67,641.68,1583.9,1397.67,14.62,21.6,557.17,2388.08,9064.53,1.3,47.34,525.75,2388.04,8145.2,8.3898,0.03,393,2388,100.0,39.21,23.4348,4,4,-1,11.0
9,139,-0.0045,-0.0003,100.0,518.67,642.67,1593.77,1405.55,14.62,21.61,554.29,2388.04,9100.05,1.3,47.16,522.16,2387.96,8174.39,8.4192,0.03,393,2388,100.0,38.8,23.3646,4,4,-1,10.0
9,139,0.0003,-0.0003,100.0,518.67,642.52,1588.16,1395.56,14.62,21.6,556.99,2388.08,9055.82,1.3,47.46,524.68,2388.12,8143.81,8.373,0.03,392,2388,100.0,39.06,23.5162,4,4,-1,9.0
9,140,0.0005,-0.0005,100.0,518.67,642.9,1595.5,1399.53,14.62,21.61,553.82,2388.02,9091.95,1.3,47.37,521.92,2388.03,8169.43,8.4102,0.03,393,2388,100.0,39.06,23.4891,4,4,4,8.0
9,140,0.0017,0.0002,100.0,518.67,641.61,1583.41,1402.17,14.62,21.6,557.56,2388.03,9065.27,1.3,47.27,525.18,2388.11,8147.29,8.3563,0.03,393,2388,100.0,39.31,23.5318,4,4,-1,7.0
9,141,-0.002,-0.0001,100.0,518.67,642.57,1589.27,1402.76,14.62,21.61,554.32,2387.98,9094.64,1.3,47.29,522.24,2387.96,8171.09,8.4445,0.03,394,2388,100.0,38.95,23.2601,4,4,0,6.0
9,141,0.0011,0.0004,100.0,518.67,643.03,1583.71,1402.0,14.62,21.6,558.02,2388.11,9067.47,1.3,47.41,525.32,2388.1,8142.65,8.3257,0.03,390,2388,100.0,39.15,23.45,4,4,-1,5.0
9,142,0.001,-0.0002,100.0,518.67,642.15,1582.78,1403.63,14.62,21.61,554.09,2388.03,9102.75,1.3,47.31,521.54,2388.03,8174.26,8.4111,0.03,394,2388,100.0,38.87,23.2932,4,4,-1,4.0
9,142,-0.0001,0.0002,100.0,518.67,642.11,1585.56,1398.25,14.62,21.6,557.11,2388.09,9067.74,1.3,47.26,524.51,2388.09,8146.44,8.356,0.03,392,2388,100.0,39.26,23.5839,4,4,-1,3.0
9,143,-0.0009,-0.0002,100.0,518.67,642.16,1591.78,1405.24,14.62,21.61,554.33,2388.04,9099.46,1.3,47.43,522.49,2388.03,8175.63,8.4191,0.03,393,2388,100.0,38.86,23.412,4,4,-1,2.0
9,143,0.0026,0.0005,100.0,518.67,642.3,1587.33,1403.98,14.62,21.6,557.8,2388.12,9063.15,1.3,47.33,524.94,2388.05,8143.34,8.3785,0.03,392,2388,100.0,39.07,23.4503,4,4,-1,1.0
9,144,0.0003,-0.0005,100.0,518.67,642.58,1593.66,1405.62,14.62,21.61,553.87,2387.99,9091.19,1.3,47.38,521.85,2388.02,8175.2,8.4566,0.03,391,2388,100.0,38.78,23.2728,0,3,-1,1.0
9,144,0.0004,0.0001,100.0,518.67,642.47,1587.7,1395.21,14.62,21.6,557.47,2388.08,9062.81,1.3,47.15,524.65,2388.07,8148.12,8.4112,0.03,393,2388,100.0,39.31,23.4938,4,4,-1,15.0
9,145,0.0024,-0.0004,100.0,518.67,642.16,1591.9,1399.45,14.62,21.61,554.12,2387.96,9091.96,1.3,47.35,521.85,2388.03,8175.43,8.4392,0.03,392,2388,100.0,38.86,23.2554,4,4,-1,14.0
9,145,-0.001,-0.0001,100.0,518.67,641.83,1588.12,1400.48,14.62,21.6,557.01,2388.05,9070.74,1.3,47.23,525.12,2388.14,8143.95,8.3588,0.03,390,2388,100.0,39.14,23.5935,4,4,-1,13.0
9,146,0.0006,-0.0005,100.0,518.67,642.96,1582.97,1405.57,14.62,21.61,553.96,2387.99,9095.13,1.3,47.5,522.19,2387.98,8173.26,8.438,0.03,392,2388,100.0,38.91,23.3391,4,4,-1,12.0
9,146,-0.001,-0.0005,100.0,518.67,641.82,1585.97,1400.37,14.62,21.6,557.06,2388.11,9061.98,1.3,47.22,525.36,2388.11,8148.85,8.3722,0.03,392,2388,100.0,39.16,23.4958,4,4,-1,11.0
9,147,0.002,0.0003,100.0,518.67,642.18,1588.5,1404.5,14.62,21.61,554.07,2387.96,9100.27,1.3,47.37,522.08,2387.99,8171.61,8.4109,0.03,394,2388,100.0,38.78,23.3047,4,4,-1,10.0
9,147,-0.0011,0.0002,100.0,518.67,642.67,1596.08,1400.8,14.62,21.6,557.08,2388.13,9067.69,1.3,47.21,525.27,2388.07,8148.47,8.3592,0.03,391,2388,100.0,39.0,23.5237,4,4,-1,9.0
9,148,0.0029,-0.0003,100.0,518.67,641.94,1591.11,1400.75,14.62,21.61,553.62,2388.07,9099.55,1.3,47.47,521.9,2388.04,8177.85,8.3997,0.03,393,2388,100.0,38.77,23.3213,4,4,-1,8.0
9,148,-0.0027,-0.0003,100.0,518.67,642.11,1578.05,1395.35,14.62,21.6,557.51,2388.06,9062.15,1.3,47.18,525.5,2388.06,8145.87,8.3581,0.03,393,2388,100.0,39.16,23.5391,4,4,-1,7.0
9,149,-0.0019,0.0004,100.0,518.67,642.6,1589.07,1401.45,14.62,21.61,554.24,2387.99,9106.83,1.3,47.05,522.38,2388.03,8178.21,8.4184,0.03,392,2388,100.0,38.86,23.3484,4,4,-1,6.0
9,149,0.001,0.0,100.0,518.67,642.51,1594.6,1396.5,14.62,21.6,557.47,2388.06,9061.76,1.3,47.19,524.98,2388.12,8144.75,8.3662,0.03,394,2388,100.0,39.37,23.5078,4,4,4,5.0
9,150,0.0008,0.0004,100.0,518.67,642.32,1594.79,1406.44,14.62,21.61,553.97,2388.04,9102.61,1.3,47.33,521.78,2387.99,8178.9,8.4054,0.03,392,2388,100.0,38.98,23.2999,4,4,-1,4.0
9,150,0.0004,0.0003,100.0,518.67,642.23,1584.92,1393.45,14.62,21.6,557.02,2388.08,9056.1,1.3,47.32,525.11,2388.08,8144.5,8.3643,0.03,392,2388,100.0,39.04,23.4557,4,4,-1,3.0
9,151,-0.0042,-0.0003,100.0,518.67,641.94,1583.76,1407.19,14.62,21.61,553.95,2388.03,9110.49,1.3,47.41,522.21,2387.94,8179.13,8.4205,0.03,393,2388,100.0,39.1,23.3506,4,4,-1,2.0
9,151,-0.0025,0.0002,100.0,518.67,642.22,1588.11,1397.28,14.62,21.6,557.0,2388.12,9065.99,1.3,47.24,524.58,2388.13,8149.8,8.3446,0.03,392,2388,100.0,39.26,23.5497,4,4,-1,1.0
9,152,-0.0007,-0.0002,100.0,518.67,642.65,1586.94,1419.46,14.62,21.61,554.41,2388.0,9105.06,1.3,47.56,522.89,2388.0,8182.54,8.4164,0.03,394,2388,100.0,38.89,23.172,0,3,-1,1.0
9,152,0.0022,0.0,100.0,518.67,641.89,1581.94,1400.98,14.62,21.6,556.73,2388.11,9064.94,1.3,47.43,524.95,2388.07,8147.17,8.3544,0.03,392,2388,100.0,39.16,23.6239,4,4,-1,1.0
9,153,0.0016,0.0001,100.0,518.67,642.2,1589.11,1410.85,14.62,21.61,553.88,2388.01,9109.33,1.3,47.48,521.62,2388.02,8179.42,8.418,0.03,394,2388,100.0,38.86,23.2934,0,3,-1,1.0
9,153,-0.0007,-0.0003,100.0,518.67,642.35,1583.18,1406.87,14.62,21.6,557.55,2388.11,9059.37,1.3,47.23,525.09,2388.06,8144.2,8.3759,0.03,390,2388,100.0,39.08,23.5051,4,4,-1,1.0
9,154,-0.0013,-0.0004,100.0,518.67,642.66,1593.14,1405.96,14.62,21.61,554.24,2388.02,9102.94,1.3,47.37,521.6,2388.03,8185.48,8.4437,0.03,395,2388,100.0,38.71,23.2834,0,3,-1,1.0
9,154,-0.0002,0.0002,100.0,518.67,642.17,1579.62,1396.01,14.62,21.6,557.59,2388.09,9063.65,1.3,47.31,525.07,2388.12,8145.97,8.3371,0.03,392,2388,100.0,39.16,23.4895,4,4,-1,1.0
9,155,0.0008,0.0001,100.0,518.67,642.86,1588.68,1411.51,14.62,21.61,553.61,2388.04,9105.08,1.3,47.46,522.01,2388.03,8182.74,8.4114,0.03,393,2388,100.0,38.89,23.2729,0,3,0,1.0
9,155,0.0015,0.0001,100.0,518.67,641.86,1591.64,1398.21,14.62,21.6,557.99,2388.15,9065.81,1.3,47.37,525.58,2388.1,8145.71,8.3699,0.03,392,2388,100.0,39.18,23.5243,4,4,-1,1.0
9,156,-0.0,0.0002,100.0,518.67,642.68,1585.05,1404.54,14.62,21.61,554.5,2388.07,9106.52,1.3,47.45,521.33,2388.01,8180.85,8.4406,0.03,394,2388,100.0,38.8,23.3428,0,3,-1,1.0
9,156,0.0033,-0.0004,100.0,518.67,641.98,1582.21,1394.17,14.62,21.6,557.36,2388.08,9062.05,1.3,47.48,525.1,2388.11,8141.38,8.3271,0.03,390,2388,100.0,39.18,23.5681,4,4,-1,1.0
9,157,-0.0005,-0.0,100.0,518.67,642.82,1591.95,1401.39,14.62,21.61,554.36,2388.05,9117.58,1.3,47.5,522.01,2388.01,8180.59,8.4341,0.03,393,2388,100.0,38.86,23.2617,0,3,-1,1.0
9,157,0.0062,0.0001,100.0,518.67,642.66,1593.48,1403.73,14.62,21.6,557.63,2388.07,9068.64,1.31,47.35,525.07,2388.09,8144.28,8.3593,0.03,393,2388,100.0,39.19,23.5512,4,4,-1,3.0
9,158,0.003,-0.0004,100.0,518.67,642.61,1594.78,1399.17,14.62,21.6,553.56,2387.97,9116.11,1.3,47.44,521.89,2388.02,8188.3,8.4119,0.03,392,2388,100.0,38.89,23.2962,4,4,0,2.0
9,158,-0.0033,0.0003,100.0,518.67,642.76,1587.26,1400.36,14.62,21.6,557.43,2388.02,9068.3,1.3,47.29,525.39,2388.04,8144.65,8.3842,0.03,392,2388,100.0,39.42,23.5083,4,4,-1,1.0
9,159,0.0005,0.0003,100.0,518.67,642.67,1585.67,1401.96,14.62,21.61,554.01,2388.04,9115.42,1.3,47.41,521.28,2388.01,8185.06,8.4398,0.03,394,2388,100.0,38.72,23.4176,0,3,-1,1.0
9,159,0.001,-0.0005,100.0,518.67,642.3,1585.87,1395.97,14.62,21.6,556.87,2388.09,9066.02,1.3,47.27,524.95,2388.14,8141.49,8.3387,0.03,392,2388,100.0,39.28,23.4597,4,4,-1,1.0
9,160,-0.0026,-0.0003,100.0,518.67,642.47,1588.7,1407.75,14.62,21.61,555.05,2388.02,9116.9,1.3,47.49,521.52,2387.99,8192.76,8.39,0.03,394,2388,100.0,38.64,23.2255,0,3,-1,1.0
9,160,0.0035,0.0001,100.0,518.67,642.61,1589.46,1397.5,14.62,21.6,557.61,2388.1,9061.4,1.3,47.1,525.19,2388.09,8145.96,8.3636,0.03,392,2388,100.0,39.27,23.4844,4,4,-1,1.0
9,161,0.0006,0.0001,100.0,518.67,642.96,1584.58,1412.27,14.62,21.61,554.44,2388.01,9111.74,1.3,47.44,521.51,2388.01,8189.92,8.4236,0.03,393,2388,100.0,38.76,23.2392,0,3,-1,1.0
9,161,0.0003,-0.0,100.0,518.67,642.94,1577.53,1400.41,14.62,21.6,557.02,2388.06,9067.09,1.3,47.4,525.11,2388.06,8150.41,8.3113,0.03,394,2388,100.0,39.21,23.5126,4,4,-1,1.0
9,162,-0.0019,-0.0003,100.0,518.67,642.76,1592.35,1411.12,14.62,21.61,553.91,2388.02,9115.02,1.3,47.65,521.97,2388.02,8194.28,8.4316,0.03,394,2388,100.0,39.0,23.2257,2,0,0,1.0
9,162,-0.0003,-0.0002,100.0,518.67,642.46,1587.2,1402.08,14.62,21.6,558.0,2388.06,9062.67,1.3,47.28,525.48,2388.09,8147.22,8.3521,0.03,393,2388,100.0,39.2,23.4168,4,4,-1,1.0
9,163,0.0012,0.0001,100.0,518.67,642.64,1589.33,1411.84,14.62,21.61,553.2,2388.02,9120.72,1.3,47.48,522.05,2388.04,8190.5,8.4667,0.03,393,2388,100.0,38.75,23.282,0,3,-1,1.0
9,163,0.001,0.0005,100.0,518.67,642.58,1586.82,1407.06,14.62,21.6,557.33,2388.07,9069.23,1.3,47.29,525.42,2388.03,8147.99,8.3131,0.03,392,2388,100.0,39.19,23.361,4,4,-1,1.0
9,164,0.0041,-0.0001,100.0,518.67,643.05,1596.45,1402.53,14.62,21.61,553.77,2388.08,9122.91,1.3,47.35,522.3,2387.98,8189.68,8.4182,0.03,392,2388,100.0,38.76,23.3422,0,3,-1,1.0
9,164,0.0004,0.0005,100.0,518.67,642.21,1581.29,1401.26,14.62,21.6,558.26,2388.1,9070.24,1.3,47.15,525.03,2388.11,8139.25,8.3429,0.03,392,2388,100.0,39.29,23.5209,4,4,-1,1.0
9,165,-0.0004,0.0001,100.0,518.67,642.56,1595.52,1411.15,14.62,21.61,553.75,2388.03,9131.26,1.3,47.65,521.93,2388.06,8189.52,8.4529,0.03,394,2388,100.0,38.9,23.3964,2,0,0,1.0
9,165,0.0008,-0.0003,100.0,518.67,642.43,1590.33,1393.7,14.62,21.6,558.16,2388.07,9067.28,1.3,47.25,525.53,2388.11,8147.76,8.3459,0.03,391,2388,100.0,39.38,23.4893,4,4,4,1.0
9,166,0.0015,0.0003,100.0,518.67,642.96,1592.6,1411.1,14.62,21.61,553.73,2387.99,9123.34,1.3,47.58,521.47,2387.99,8194.4,8.4258,0.03,393,2388,100.0,38.89,23.3474,0,3,-1,1.0
9,166,0.0018,0.0,100.0,518.67,642.07,1590.26,1400.92,14.62,21.61,558.09,2388.13,9067.47,1.3,47.34,525.8,2388.11,8143.41,8.3935,0.03,394,2388,100.0,39.09,23.475,4,4,-1,1.0
9,167,0.0025,-0.0001,100.0,518.67,642.81,1589.01,1403.24,14.62,21.61,554.35,2388.04,9122.81,1.3,47.51,520.92,2388.09,8197.22,8.4609,0.03,393,2388,100.0,38.8,23.1219,2,0,-1,1.0
9,167,-0.0006,-0.0002,100.0,518.67,642.63,1588.9,1394.37,14.62,21.6,557.31,2388.05,9058.15,1.3,47.17,525.26,2388.12,8144.47,8.3799,0.03,394,2388,100.0,39.15,23.4519,4,4,-1,1.0
9,168,0.0015,-0.0003,100.0,518.67,642.77,1590.97,1411.1,14.62,21.61,553.62,2387.98,9131.74,1.3,47.51,521.1,2388.05,8194.48,8.4335,0.03,395,2388,100.0,38.8,23.3069,2,0,-1,1.0
9,168,0.0035,-0.0003,100.0,518.67,642.52,1584.52,1397.9,14.62,21.6,557.23,2388.07,9065.39,1.3,47.35,524.91,2388.04,8149.59,8.3403,0.03,392,2388,100.0,39.18,23.5492,4,4,-1,1.0
9,169,-0.0033,-0.0002,100.0,518.67,642.83,1594.76,1404.33,14.62,21.61,554.16,2388.03,9128.49,1.3,47.39,521.84,2388.01,8198.27,8.4545,0.03,395,2388,100.0,38.66,23.2603,2,0,-1,1.0
9,169,-0.0005,0.0005,100.0,518.67,642.8,1578.1,1403.06,14.62,21.6,557.12,2388.08,9064.31,1.3,47.35,525.48,2388.04,8147.54,8.3559,0.03,394,2388,100.0,39.11,23.5255,4,4,-1,1.0
9,170,0.001,-0.0003,100.0,518.67,642.61,1588.33,1410.55,14.62,21.61,553.2,2388.07,9135.12,1.3,47.69,521.8,2388.14,8209.53,8.4699,0.03,394,2388,100.0,38.8,23.2649,2,0,-1,1.0
9,170,-0.0018,0.0004,100.0,518.67,642.85,1590.43,1407.88,14.62,21.6,556.76,2388.08,9064.59,1.3,47.29,525.21,2388.05,8144.88,8.3342,0.03,392,2388,100.0,39.31,23.5885,4,4,-1,1.0
9,171,0.0024,0.0002,100.0,518.67,642.34,1587.08,1418.0,14.62,21.61,552.79,2388.1,9142.03,1.3,47.83,521.36,2388.06,8202.43,8.4846,0.03,393,2388,100.0,39.06,23.2852,2,0,-1,1.0
9,171,-0.002,0.0,100.0,518.67,642.28,1587.41,1403.15,14.62,21.6,557.71,2388.15,9065.79,1.3,47.31,525.06,2388.13,8150.01,8.3737,0.03,392,2388,100.0,39.3,23.5493,4,4,-1,1.0
9,172,0.0041,0.0004,100.0,518.67,643.07,1593.98,1410.93,14.62,21.61,553.53,2388.01,9133.2,1.3,47.58,521.37,2388.08,8202.5,8.4565,0.03,393,2388,100.0,38.78,23.2069,2,0,-1,1.0
9,172,-0.0021,0.0,100.0,518.67,642.47,1589.4,1399.3,14.62,21.6,557.66,2388.07,9070.64,1.3,47.2,525.37,2388.11,8151.34,8.3539,0.03,393,2388,100.0,39.21,23.4938,4,4,-1,1.0
9,173,-0.0029,-0.0004,100.0,518.67,642.57,1589.82,1403.42,14.62,21.61,553.84,2388.04,9131.44,1.3,47.51,521.43,2388.07,8209.55,8.4393,0.03,394,2388,100.0,38.75,23.2196,2,0,-1,1.0
9,173,0.001,0.0,100.0,518.67,642.46,1584.27,1399.92,14.62,21.6,557.39,2388.11,9062.56,1.3,47.18,524.68,2388.07,8142.44,8.3469,0.03,392,2388,100.0,39.07,23.6064,4,4,-1,1.0
9,174,0.0002,0.0001,100.0,518.67,642.57,1595.3,1417.95,14.62,21.61,553.52,2388.05,9143.61,1.3,47.57,520.99,2388.03,8210.34,8.4596,0.03,393,2388,100.0,38.73,23.2271,2,0,-1,1.0
9,174,-0.0002,-0.0002,100.0,518.67,642.18,1580.3,1405.21,14.62,21.6,558.3,2388.12,9072.52,1.3,47.37,525.54,2388.1,8144.8,8.3444,0.03,393,2388,100.0,39.33,23.5451,4,4,-1,1.0
9,175,0.0023,0.0001,100.0,518.67,642.89,1595.01,1412.09,14.62,21.61,552.79,2388.02,9137.19,1.3,47.45,521.28,2388.05,8207.79,8.4407,0.03,393,2388,100.0,38.79,23.2424,2,0,-1,1.0
9,175,-0.0007,0.0002,100.0,518.67,642.65,1585.17,1408.32,14.62,21.6,557.99,2388.08,9068.02,1.3,47.22,525.42,2388.05,8145.93,8.3462,0.03,393,2388,100.0,39.13,23.4728,4,4,-1,1.0
9,176,0.001,-0.0001,100.0,518.67,643.16,1591.56,1408.48,14.62,21.61,553.89,2388.01,9139.98,1.3,47.6,521.38,2388.01,8214.49,8.4672,0.03,395,2388,100.0,38.78,23.2337,2,0,-1,1.0
9,176,-0.0012,0.0001,100.0,518.67,642.27,1590.5,1397.91,14.62,21.6,557.29,2388.1,9063.69,1.3,47.3,525.29,2388.08,8140.36,8.353,0.03,392,2388,100.0,39.26,23.5641,4,4,-1,1.0
9,177,-0.0047,0.0003,100.0,518.67,642.83,1595.84,1408.22,14.62,21.61,553.54,2388.07,9147.59,1.3,47.43,521.46,2388.08,8212.23,8.4358,0.03,396,2388,100.0,38.89,23.186,2,0,0,1.0
9,177,0.0014,-0.0002,100.0,518.67,641.91,1578.08,1396.36,14.62,21.6,556.19,2388.0,9064.98,1.3,47.34,524.81,2388.04,8147.09,8.3873,0.03,390,2388,100.0,39.17,23.4979,4,4,-1,1.0
9,178,-0.0013,-0.0002,100.0,518.67,643.3,1594.77,1407.18,14.62,21.61,552.79,2388.09,9151.39,1.3,47.72,521.66,2388.05,8217.98,8.4521,0.03,394,2388,100.0,38.72,23.3195,2,0,-1,1.0
9,178,-0.0021,0.0004,100.0,518.67,642.17,1574.81,1406.2,14.62,21.6,556.92,2388.11,9063.14,1.3,47.49,524.99,2388.06,8148.31,8.3278,0.03,393,2388,100.0,39.24,23.5325,4,4,-1,1.0
9,179,0.0007,0.0003,100.0,518.67,643.01,1600.05,1412.2,14.62,21.61,553.9,2388.09,9156.95,1.3,47.66,521.22,2388.04,8216.9,8.4385,0.03,394,2388,100.0,38.73,23.2207,2,0,-1,1.0
9,179,0.0023,-0.0003,100.0,518.67,642.42,1594.97,1406.34,14.62,21.6,557.2,2388.1,9063.8,1.3,47.31,525.97,2388.13,8151.27,8.3422,0.03,391,2388,100.0,39.3,23.6076,4,4,-1,1.0
9,180,-0.0008,0.0002,100.0,518.67,643.05,1594.96,1406.19,14.62,21.61,553.86,2388.05,9155.81,1.3,47.5,521.24,2388.1,8227.97,8.4948,0.03,394,2388,100.0,38.48,23.1341,2,0,-1,1.0
9,180,0.0,-0.0001,100.0,518.67,642.09,1592.86,1399.32,14.62,21.6,558.42,2388.12,9068.83,1.3,47.36,525.11,2388.14,8146.78,8.3599,0.03,392,2388,100.0,39.22,23.616,4,4,-1,1.0
9,181,-0.0008,-0.0004,100.0,518.67,643.23,1602.99,1417.63,14.62,21.61,553.83,2388.0,9144.98,1.3,47.59,520.87,2388.08,8223.18,8.4468,0.03,395,2388,100.0,38.91,23.1923,2,0,-1,1.0
9,181,-0.0017,-0.0003,100.0,518.67,642.62,1586.77,1408.01,14.62,21.6,558.5,2388.12,9067.31,1.3,47.2,525.8,2388.08,8145.67,8.3375,0.03,392,2388,100.0,39.13,23.4666,4,4,-1,1.0
9,182,0.0002,-0.0004,100.0,518.67,643.01,1596.98,1416.51,14.62,21.61,552.95,2388.11,9162.89,1.3,47.59,520.88,2388.1,8220.13,8.4763,0.03,395,2388,100.0,38.66,23.1898,2,0,-1,1.0
9,182,-0.0041,-0.0002,100.0,518.67,642.1,1589.69,1402.53,14.62,21.6,556.72,2388.14,9062.11,1.3,47.29,525.15,2388.0,8146.42,8.3735,0.03,393,2388,100.0,39.29,23.4319,4,4,-1,1.0
9,183,0.0015,0.0004,100.0,518.67,643.07,1590.68,1410.37,14.62,21.61,552.94,2388.09,9167.16,1.3,47.68,521.63,2388.09,8229.79,8.4718,0.03,394,2388,100.0,38.61,23.2067,2,0,-1,1.0
9,183,-0.0018,-0.0002,100.0,518.67,642.55,1586.1,1404.65,14.62,21.6,557.65,2388.1,9063.79,1.3,47.4,525.13,2388.12,8148.85,8.3711,0.03,392,2388,100.0,39.35,23.5241,4,4,-1,1.0
9,184,-0.0024,-0.0001,100.0,518.67,643.55,1602.59,1415.55,14.62,21.61,553.87,2388.08,9163.47,1.3,47.76,521.04,2388.08,8230.96,8.4605,0.03,395,2388,100.0,38.62,23.1689,2,0,-1,1.0
9,184,-0.0003,-0.0002,100.0,518.67,642.04,1586.04,1400.86,14.62,21.6,557.66,2388.13,9072.17,1.3,47.49,525.77,2388.09,8146.54,8.3994,0.03,393,2388,100.0,39.07,23.4929,4,4,-1,1.0
9,185,0.002,-0.0004,100.0,518.67,643.2,1601.8,1420.83,14.62,21.61,552.81,2388.07,9162.66,1.3,47.78,521.04,2388.08,8229.33,8.5005,0.03,393,2388,100.0,38.63,23.1598,2,0,-1,1.0
9,185,-0.0012,-0.0002,100.0,518.67,642.45,1592.51,1400.76,14.62,21.6,557.29,2388.1,9067.24,1.3,47.26,525.73,2388.17,8149.23,8.385,0.03,393,2388,100.0,39.27,23.5821,4,4,-1,1.0
9,186,-0.0004,0.0,100.0,518.67,643.16,1593.59,1415.44,14.62,21.61,552.4,2388.06,9171.18,1.3,47.66,521.29,2388.05,8238.32,8.4461,0.03,395,2388,100.0,38.71,23.1954,2,0,-1,1.0
9,186,-0.0013,-0.0002,100.0,518.67,642.62,1585.96,1396.29,14.62,21.6,557.29,2388.12,9073.4,1.3,47.32,525.61,2388.06,8148.85,8.3391,0.03,394,2388,100.0,39.22,23.3787,4,4,-1,1.0
9,187,-0.0022,-0.0,100.0,518.67,643.55,1607.04,1421.69,14.62,21.61,552.45,2388.07,9164.94,1.3,47.67,520.93,2388.08,8237.87,8.4938,0.03,395,2388,100.0,38.79,23.168,2,0,-1,1.0
9,187,-0.0037,0.0004,100.0,518.67,642.26,1580.36,1398.61,14.62,21.6,557.99,2388.14,9064.21,1.3,47.37,525.57,2388.14,8150.72,8.3475,0.03,394,2388,100.0,39.3,23.4622,4,4,4,1.0
9,188,-0.006,0.0003,100.0,518.67,642.83,1601.88,1417.4,14.62,21.61,552.83,2388.13,9171.99,1.3,47.85,520.79,2388.07,8240.06,8.4992,0.03,395,2388,100.0,38.46,23.2898,2,0,-1,1.0
9,188,-0.0008,0.0002,100.0,518.67,641.84,1592.3,1398.63,14.62,21.6,557.2,2388.12,9069.86,1.3,47.48,525.12,2388.13,8147.86,8.3332,0.03,392,2388,100.0,39.14,23.559,4,4,-1,1.0
9,189,0.0025,-0.0002,100.0,518.67,642.84,1596.03,1418.62,14.62,21.61,552.84,2388.04,9178.37,1.3,47.9,521.39,2388.11,8243.94,8.4522,0.03,396,2388,100.0,38.64,23.0994,2,0,-1,1.0
9,189,0.0004,-0.0002,100.0,518.67,642.35,1583.8,1408.25,14.62,21.6,557.81,2388.18,9067.75,1.3,47.41,525.94,2388.11,8146.12,8.3247,0.03,393,2388,100.0,39.29,23.5145,4,4,-1,1.0
9,190,-0.0016,0.0002,100.0,518.67,643.73,1595.56,1417.78,14.62,21.61,553.36,2388.12,9188.49,1.3,47.92,520.98,2388.1,8242.41,8.4987,0.03,396,2388,100.0,38.52,23.1614,2,0,0,1.0
9,190,0.0017,0.0003,100.0,518.67,642.62,1585.56,1401.33,14.62,21.6,557.12,2388.08,9067.13,1.3,47.16,524.83,2388.05,8149.46,8.3626,0.03,391,2388,100.0,39.03,23.478,4,4,-1,1.0
9,191,-0.0001,-0.0001,100.0,518.67,643.38,1602.92,1423.1,14.62,21.61,552.52,2388.12,9183.92,1.3,47.89,520.79,2388.1,8248.3,8.4932,0.03,395,2388,100.0,38.68,23.2104,2,0,-1,1.0
9,191,-0.0003,-0.0003,100.0,518.67,642.04,1586.75,1399.33,14.62,21.6,557.48,2388.13,9060.96,1.3,47.34,525.95,2388.09,8149.61,8.3471,0.03,392,2388,100.0,39.2,23.4901,4,4,-1,1.0
9,192,0.0015,0.0004,100.0,518.67,643.23,1598.22,1420.21,14.62,21.61,552.31,2388.15,9189.49,1.3,47.91,520.11,2388.08,8251.76,8.5037,0.03,396,2388,100.0,38.68,23.1819,2,0,-1,1.0
9,192,-0.0007,-0.0002,100.0,518.67,642.42,1586.66,1395.97,14.62,21.6,557.44,2388.11,9066.69,1.3,47.27,525.13,2388.09,8146.46,8.3597,0.03,392,2388,100.0,39.23,23.538,4,4,-1,1.0
9,193,-0.0011,-0.0004,100.0,518.67,643.32,1602.15,1427.4,14.62,21.61,552.36,2388.12,9191.59,1.3,47.91,520.78,2388.17,8255.79,8.498,0.03,396,2388,100.0,38.67,23.0226,2,0,-1,1.0
9,193,0.0015,0.0005,100.0,518.67,642.6,1584.34,1400.31,14.62,21.6,558.01,2388.1,9067.26,1.3,47.29,525.12,2388.07,8142.28,8.3347,0.03,392,2388,100.0,39.08,23.5588,4,4,-1,1.0
9,194,-0.0001,-0.0,100.0,518.67,643.13,1599.34,1418.42,14.62,21.61,552.36,2388.16,9207.36,1.3,48.08,521.07,2388.07,8257.19,8.4414,0.03,396,2388,100.0,38.39,23.2319,2,0,0,1.0
9,194,0.0008,-0.0005,100.0,518.67,642.71,1589.58,1407.75,14.62,21.6,556.71,2388.08,9068.5,1.3,47.08,525.3,2388.05,8146.85,8.3476,0.03,393,2388,100.0,39.24,23.5077,4,4,-1,1.0
9,195,0.0007,0.0001,100.0,518.67,642.7,1602.99,1431.01,14.62,21.61,552.15,2388.09,9205.71,1.3,48.04,520.71,2388.13,8262.08,8.4908,0.03,396,2388,100.0,38.54,23.1513,2,0,-1,1.0
9,195,-0.0016,0.0001,100.0,518.67,641.86,1589.94,1406.15,14.62,21.6,557.27,2388.11,9070.61,1.3,47.47,525.5,2388.07,8154.73,8.3464,0.03,393,2388,100.0,39.28,23.5604,4,4,4,1.0
9,196,-0.0018,-0.0001,100.0,518.67,643.24,1597.81,1424.02,14.62,21.61,551.75,2388.12,9199.59,1.3,47.85,520.59,2388.07,8262.57,8.4898,0.03,396,2388,100.0,38.55,23.0542,2,0,0,1.0
9,196,0.0002,-0.0004,100.0,518.67,641.92,1585.06,1406.03,14.62,21.6,557.32,2388.13,9061.34,1.3,47.45,526.26,2388.16,8148.35,8.3331,0.03,394,2388,100.0,39.28,23.456,4,4,-1,1.0
9,197,0.0006,0.0005,100.0,518.67,643.42,1596.7,1417.01,14.62,21.61,552.63,2388.15,9206.31,1.3,47.94,520.35,2388.09,8266.83,8.5095,0.03,396,2388,100.0,38.51,23.181,2,0,-1,1.0
9,197,-0.0019,-0.0003,100.0,518.67,642.98,1588.74,1405.52,14.62,21.6,557.32,2388.1,9063.64,1.3,47.41,525.87,2388.06,8142.67,8.3377,0.03,393,2388,100.0,39.04,23.5208,4,4,-1,1.0
9,198,0.0022,-0.0002,100.0,518.67,643.46,1599.45,1433.83,14.62,21.61,552.86,2388.15,9214.62,1.3,47.85,519.86,2388.13,8271.39,8.5206,0.03,397,2388,100.0,38.49,23.1286,2,0,-1,1.0
9,198,0.0,0.0004,100.0,518.67,642.38,1586.78,1407.57,14.62,21.6,559.19,2388.1,9071.54,1.3,47.57,526.48,2388.1,8151.76,8.3195,0.03,393,2388,100.0,39.3,23.5807,4,4,-1,1.0
9,199,-0.0026,0.0002,100.0,518.67,643.69,1603.7,1429.19,14.62,21.61,551.71,2388.09,9220.88,1.3,47.82,520.5,2388.1,8272.83,8.5282,0.03,396,2388,100.0,38.4,23.0677,2,0,-1,1.0
9,199,0.0008,-0.0,100.0,518.67,642.35,1585.56,1397.87,14.62,21.6,557.91,2388.15,9068.04,1.3,47.33,525.99,2388.06,8153.06,8.3434,0.03,391,2388,100.0,39.15,23.6231,4,4,-1,1.0
9,200,-0.0014,-0.0004,100.0,518.67,643.4,1602.89,1431.95,14.62,21.61,552.29,2388.44,9224.87,1.3,47.98,520.35,2388.44,8279.79,8.4968,0.03,397,2388,100.0,38.43,23.1008,2,0,-1,1.0
9,200,-0.0034,0.0003,100.0,518.67,641.91,1586.01,1404.83,14.62,21.6,557.42,2388.12,9069.22,1.3,47.32,525.78,2388.14,8142.6,8.3736,0.03,393,2388,100.0,39.17,23.4821,4,4,4,1.0
9,201,-0.0016,0.0004,100.0,518.67,644.04,1595.36,1428.43,14.62,21.61,552.3,2388.5,9239.76,1.3,48.11,520.28,2388.56,8289.63,8.5156,0.03,399,2388,100.0,38.45,23.0284,2,0,-1,1.0
9,201,-0.0042,-0.0004,100.0,518.67,641.95,1592.52,1403.24,14.62,21.6,558.65,2388.14,9069.97,1.3,47.47,525.74,2388.1,8151.62,8.3395,0.03,392,2388,100.0,39.25,23.5551,4,4,-1,22.0
9,202,-0.0023,0.0,100.0,518.67,642.35,1581.55,1401.13,14.62,21.6,558.58,2388.15,9063.1,1.3,47.4,526.17,2388.17,8144.8,8.3359,0.03,391,2388,100.0,39.32,23.5319,4,4,-1,21.0
9,203,0.0031,-0.0003,100.0,518.67,642.43,1585.96,1401.87,14.62,21.6,558.06,2388.08,9069.36,1.3,47.46,525.67,2388.1,8141.41,8.3466,0.03,392,2388,100.0,39.12,23.5332,4,4,-1,20.0
9,204,0.0004,0.0003,100.0,518.67,642.38,1586.05,1396.05,14.62,21.6,558.63,2388.16,9058.69,1.3,47.38,525.33,2388.12,8147.27,8.3495,0.03,392,2388,100.0,39.18,23.5653,4,4,-1,19.0
9,205,0.0038,-0.0002,100.0,518.67,642.62,1583.51,1400.41,14.62,21.6,557.8,2388.08,9069.54,1.3,47.36,525.28,2388.14,8148.37,8.3318,0.03,393,2388,100.0,39.13,23.5318,4,4,4,18.0
9,206,-0.001,-0.0004,100.0,518.67,642.09,1590.37,1397.27,14.62,21.6,557.93,2388.14,9069.04,1.3,47.26,525.4,2388.05,8147.5,8.286,0.03,392,2388,100.0,39.28,23.5511,4,4,4,17.0
9,207,-0.0009,-0.0003,100.0,518.67,642.55,1589.57,1405.93,14.62,21.6,557.5,2388.12,9064.95,1.3,47.49,525.79,2388.12,8147.53,8.3427,0.03,393,2388,100.0,39.18,23.5717,4,4,-1,16.0
9,208,0.0009,0.0004,100.0,518.67,641.99,1581.33,1399.27,14.62,21.6,557.91,2388.18,9062.88,1.3,47.33,525.8,2388.2,8146.53,8.3634,0.03,393,2388,100.0,39.41,23.5003,4,4,-1,15.0
9,209,-0.0056,-0.0003,100.0,518.67,642.59,1579.69,1398.06,14.62,21.6,557.75,2388.1,9068.95,1.3,47.24,525.49,2388.11,8141.99,8.3244,0.03,392,2388,100.0,39.14,23.5173,4,4,-1,14.0
9,210,-0.0015,0.0002,100.0,518.67,642.13,1582.71,1398.87,14.62,21.6,558.18,2388.14,9078.29,1.3,47.35,525.97,2388.14,8149.02,8.3521,0.03,391,2388,100.0,39.24,23.4905,4,4,-1,13.0
9,211,0.0025,-0.0003,100.0,518.67,642.39,1585.35,1402.55,14.62,21.6,558.06,2388.09,9067.34,1.31,47.2,525.89,2388.1,8148.04,8.3458,0.03,393,2388,100.0,39.26,23.439,4,4,-1,12.0
9,212,-0.0015,-0.0001,100.0,518.67,642.1,1593.97,1402.23,14.62,21.6,557.44,2388.1,9068.27,1.31,47.31,525.56,2388.06,8148.78,8.3529,0.03,392,2388,100.0,39.19,23.5492,4,4,-1,11.0
9,213,0.0029,0.0003,100.0,518.67,642.07,1583.16,1401.96,14.62,21.6,557.75,2388.1,9065.48,1.3,47.41,525.52,2388.11,8147.89,8.3306,0.03,392,2388,100.0,39.15,23.4966,4,4,-1,10.0
9,214,0.0003,-0.0004,100.0,518.67,642.64,1584.15,1404.99,14.62,21.6,558.96,2388.1,9066.36,1.3,47.32,525.82,2388.1,8149.81,8.3464,0.03,392,2388,100.0,39.34,23.4612,4,4,-1,9.0
9,215,-0.0005,0.0004,100.0,518.67,643.34,1588.54,1397.82,14.62,21.6,557.93,2388.09,9069.14,1.3,47.37,525.57,2388.06,8149.22,8.3553,0.03,392,2388,100.0,39.34,23.4304,4,4,-1,8.0
9,216,-0.0011,-0.0001,100.0,518.67,642.09,1578.12,1402.04,14.62,21.6,558.13,2388.14,9075.87,1.3,47.34,525.81,2388.15,8151.5,8.3292,0.03,392,2388,100.0,39.28,23.588,4,4,-1,7.0
9,217,-0.0051,-0.0004,100.0,518.67,642.34,1592.86,1401.34,14.62,21.6,557.95,2388.13,9061.5,1.3,47.14,525.88,2388.15,8147.09,8.3383,0.03,392,2388,100.0,39.18,23.5189,4,4,-1,6.0
9,218,-0.0017,-0.0004,100.0,518.67,642.23,1594.16,1404.66,14.62,21.6,558.09,2388.11,9063.0,1.3,47.46,525.82,2388.15,8151.41,8.3657,0.03,393,2388,100.0,39.43,23.5448,4,4,-1,5.0
9,219,-0.0017,-0.0002,100.0,518.67,641.82,1589.12,1397.78,14.62,21.6,557.42,2388.07,9070.88,1.3,47.57,526.25,2388.1,8140.96,8.3757,0.03,392,2388,100.0,39.28,23.6044,4,4,-1,4.0
9,220,-0.005,0.0004,100.0,518.67,642.05,1590.86,1401.84,14.62,21.6,558.23,2388.12,9070.02,1.3,47.37,525.86,2388.1,8150.64,8.3726,0.03,392,2388,100.0,39.27,23.4984,4,4,-1,3.0
9,221,-0.0014,-0.0002,100.0,518.67,642.2,1593.62,1406.32,14.62,21.6,557.79,2388.07,9076.6,1.3,47.43,526.19,2388.11,8148.22,8.3652,0.03,393,2388,100.0,39.25,23.6424,4,4,-1,2.0
9,222,-0.0014,0.0004,100.0,518.67,642.52,1589.64,1394.41,14.62,21.6,558.19,2388.12,9073.8,1.3,47.41,526.25,2388.09,8148.4,8.3493,0.03,390,2388,100.0,39.03,23.4431,4,4,-1,1.0
9,223,-0.0018,0.0,100.0,518.67,642.44,1594.71,1407.45,14.62,21.6,557.97,2388.12,9070.55,1.31,47.32,525.87,2388.13,8153.21,8.3324,0.03,392,2388,100.0,39.23,23.7036,3,1,-1,1.0
9,224,-0.0003,-0.0,100.0,518.67,642.33,1582.9,1402.74,14.62,21.6,558.15,2388.1,9065.07,1.3,47.52,526.35,2388.14,8149.41,8.3451,0.03,393,2388,100.0,39.21,23.5053,4,4,-1,9.0
9,225,0.0026,-0.0001,100.0,518.67,642.31,1588.9,1402.44,14.62,21.6,558.75,2388.16,9063.75,1.31,47.44,525.69,2388.08,8147.8,8.3517,0.03,392,2388,100.0,39.08,23.5636,4,4,-1,8.0
9,226,0.0003,-0.0001,100.0,518.67,642.27,1581.65,1400.05,14.62,21.6,558.91,2388.19,9065.77,1.3,47.32,526.7,2388.11,8147.08,8.3591,0.03,392,2388,100.0,39.21,23.6107,4,4,-1,7.0
9,227,0.0012,-0.0003,100.0,518.67,641.97,1588.26,1399.74,14.62,21.6,558.22,2388.14,9065.41,1.3,47.33,525.9,2388.13,8152.71,8.3425,0.03,391,2388,100.0,39.25,23.5431,4,4,-1,6.0
9,228,-0.0054,-0.0001,100.0,518.67,642.29,1593.16,1406.99,14.62,21.6,558.11,2388.09,9066.49,1.3,47.3,525.97,2388.1,8147.94,8.3301,0.03,393,2388,100.0,39.36,23.4463,4,4,-1,5.0
9,229,-0.0031,-0.0004,100.0,518.67,642.13,1589.32,1412.81,14.62,21.6,558.14,2388.08,9069.29,1.3,47.35,525.89,2388.09,8149.97,8.3142,0.03,393,2388,100.0,39.39,23.4818,4,4,-1,4.0
9,230,-0.0002,0.0002,100.0,518.67,642.71,1580.76,1401.91,14.62,21.6,558.37,2388.12,9063.41,1.3,47.38,525.81,2388.14,8147.51,8.3464,0.03,392,2388,100.0,39.25,23.4698,4,4,-1,3.0
9,231,-0.0002,-0.0003,100.0,518.67,642.99,1587.68,1402.79,14.62,21.6,558.21,2388.15,9070.59,1.3,47.44,526.4,2388.15,8146.13,8.28,0.03,393,2388,100.0,39.21,23.4801,4,4,-1,2.0
9,232,-0.0013,0.0001,100.0,518.67,642.32,1589.19,1404.11,14.62,21.6,557.85,2388.11,9069.66,1.3,47.16,526.11,2388.14,8143.09,8.3478,0.03,394,2388,100.0,39.14,23.5355,4,4,-1,1.0
9,233,-0.0012,0.0004,100.0,518.67,642.48,1588.37,1407.0,14.62,21.6,558.75,2388.12,9072.24,1.31,47.3,526.15,2388.08,8147.17,8.3315,0.03,393,2388,100.0,39.43,23.6812,3,1,-1,1.0
9,234,-0.0012,-0.0001,100.0,518.67,642.4,1581.66,1402.62,14.62,21.6,558.74,2388.14,9068.52,1.3,47.5,526.05,2388.18,8149.69,8.371,0.03,392,2388,100.0,39.21,23.5996,4,4,-1,13.0
9,235,-0.0029,-0.0004,100.0,518.67,642.05,1593.03,1403.09,14.62,21.6,558.86,2388.16,9065.66,1.3,47.44,525.9,2388.17,8147.42,8.3528,0.03,391,2388,100.0,39.29,23.5142,4,4,-1,12.0
9,236,-0.0045,0.0005,100.0,518.67,642.36,1587.13,1403.76,14.62,21.6,558.78,2388.14,9071.3,1.3,47.5,525.95,2388.09,8154.78,8.3533,0.03,393,2388,100.0,39.24,23.5307,4,4,-1,11.0
9,237,0.0015,-0.0004,100.0,518.67,642.56,1583.77,1399.27,14.62,21.6,558.42,2388.13,9065.2,1.3,47.66,526.67,2388.14,8148.59,8.3565,0.03,393,2388,100.0,39.24,23.5713,4,4,-1,10.0
9,238,0.0007,-0.0002,100.0,518.67,642.49,1595.01,1414.4,14.62,21.6,558.34,2388.1,9071.04,1.3,47.36,526.62,2388.08,8149.26,8.3475,0.03,393,2388,100.0,39.2,23.4617,4,4,-1,9.0
9,239,0.0019,-0.0005,100.0,518.67,641.72,1588.83,1404.5,14.62,21.6,557.95,2388.14,9069.81,1.3,47.47,526.21,2388.15,8147.68,8.3592,0.03,392,2388,100.0,39.22,23.5731,4,4,-1,8.0
9,240,0.0009,-0.0003,100.0,518.67,643.2,1586.91,1406.96,14.62,21.6,558.42,2388.17,9076.42,1.3,47.41,526.51,2388.11,8154.62,8.3673,0.03,391,2388,100.0,39.27,23.5344,4,4,-1,7.0
9,241,0.0005,0.0003,100.0,518.67,642.35,1589.44,1405.63,14.62,21.6,559.13,2388.15,9066.9,1.3,47.45,525.57,2388.19,8153.46,8.3634,0.03,392,2388,100.0,39.28,23.5826,4,4,-1,6.0
9,242,0.0008,0.0001,100.0,518.67,642.01,1584.2,1399.17,14.62,21.6,558.28,2388.09,9064.3,1.3,47.36,525.72,2388.13,8151.64,8.2954,0.03,392,2388,100.0,39.08,23.5295,4,4,-1,5.0
9,243,0.0025,0.0,100.0,518.67,642.14,1586.51,1411.1,14.62,21.6,558.36,2388.14,9072.61,1.3,47.45,525.99,2388.12,8153.78,8.3635,0.03,392,2388,100.0,39.36,23.5555,4,4,-1,4.0
9,244,-0.0023,-0.0004,100.0,518.67,643.13,1586.36,1401.3,14.62,21.6,557.78,2388.16,9067.79,1.3,47.36,526.31,2388.11,8150.35,8.3418,0.03,391,2388,100.0,39.34,23.5375,4,4,-1,3.0
9,245,0.0029,0.0005,100.0,518.67,642.21,1587.01,1401.6,14.62,21.6,558.69,2388.08,9079.56,1.3,47.41,527.21,2388.17,8149.29,8.34,0.03,394,2388,100.0,39.24,23.4769,4,4,-1,2.0
9,246,0.0031,-0.0003,100.0,518.67,641.81,1582.93,1398.37,14.62,21.6,557.86,2388.09,9075.86,1.3,47.39,525.76,2388.09,8144.58,8.371,0.03,393,2388,100.0,39.28,23.5859,4,4,-1,1.0
9,247,0.0052,-0.0003,100.0,518.67,642.27,1588.7,1400.91,14.62,21.6,558.48,2388.16,9078.93,1.31,47.22,526.32,2388.15,8153.12,8.3457,0.03,393,2388,100.0,39.23,23.5127,3,1,-1,1.0
9,248,-0.0002,0.0005,100.0,518.67,642.58,1591.17,1404.66,14.62,21.6,558.86,2388.15,9071.62,1.3,47.41,526.55,2388.16,8153.69,8.3428,0.03,394,2388,100.0,39.34,23.5511,4,4,-1,1.0
9,249,0.0014,0.0003,100.0,518.67,642.0,1599.22,1407.53,14.62,21.6,558.03,2388.18,9069.11,1.31,47.37,526.97,2388.19,8158.16,8.3584,0.03,392,2388,100.0,39.24,23.6216,3,1,-1,1.0
9,250,-0.0032,-0.0001,100.0,518.67,642.62,1584.91,1410.55,14.62,21.6,558.77,2388.18,9080.78,1.3,47.33,526.56,2388.18,8144.68,8.3096,0.03,392,2388,100.0,39.32,23.5034,4,4,-1,2.0
9,251,-0.0032,0.0005,100.0,518.67,642.31,1588.94,1403.61,14.62,21.6,558.18,2388.09,9068.22,1.3,47.33,526.72,2388.1,8150.72,8.371,0.03,393,2388,100.0,39.27,23.6043,4,4,4,1.0
9,252,-0.0058,0.0,100.0,518.67,642.61,1579.04,1397.24,14.62,21.6,559.37,2388.15,9074.13,1.31,47.47,527.1,2388.13,8154.52,8.346,0.03,395,2388,100.0,39.05,23.5912,3,1,-1,4.0
9,253,-0.0023,-0.0004,100.0,518.67,642.59,1590.48,1400.14,14.62,21.6,558.38,2388.14,9068.14,1.31,47.46,526.45,2388.15,8149.43,8.3446,0.03,391,2388,100.0,39.27,23.473,3,1,-1,3.0
9,254,-0.0023,0.0,100.0,518.67,642.75,1584.15,1408.19,14.62,21.6,558.52,2388.16,9069.22,1.31,47.49,526.46,2388.14,8153.43,8.33,0.03,391,2388,100.0,39.4,23.5749,3,1,-1,2.0
9,255,-0.0025,0.0005,100.0,518.67,642.29,1585.35,1401.69,14.62,21.6,558.98,2388.2,9073.9,1.31,47.32,526.61,2388.18,8152.23,8.3511,0.03,393,2388,100.0,39.27,23.5421,3,1,-1,1.0
9,256,0.0021,-0.0,100.0,518.67,641.81,1591.26,1400.58,14.62,21.6,557.78,2388.15,9067.21,1.3,47.36,526.94,2388.14,8151.86,8.3217,0.03,392,2388,100.0,39.24,23.6122,4,4,-1,6.0
9,257,-0.0006,-0.0001,100.0,518.67,642.16,1580.42,1398.61,14.62,21.6,558.16,2388.15,9066.23,1.31,47.19,526.39,2388.13,8147.65,8.3168,0.03,393,2388,100.0,39.28,23.5922,4,4,-1,5.0
9,258,0.0024,0.0004,100.0,518.67,642.24,1590.23,1403.16,14.62,21.6,558.84,2388.1,9069.29,1.3,47.2,526.5,2388.11,8156.97,8.3774,0.03,392,2388,100.0,39.3,23.4655,4,4,-1,4.0
9,259,0.0014,0.0002,100.0,518.67,642.45,1590.66,1400.25,14.62,21.6,559.3,2388.11,9069.36,1.3,47.56,526.15,2388.14,8149.31,8.3579,0.03,393,2388,100.0,39.23,23.5017,4,4,-1,3.0
9,260,0.0019,0.0005,100.0,518.67,642.63,1588.81,1402.07,14.62,21.6,559.93,2388.11,9075.37,1.3,47.31,526.42,2388.15,8149.13,8.3507,0.03,393,2388,100.0,39.11,23.5558,4,4,-1,2.0
9,261,-0.0034,-0.0001,100.0,518.67,642.16,1593.94,1401.41,14.62,21.6,559.88,2388.14,9073.66,1.3,47.6,527.03,2388.16,8151.97,8.36,0.03,392,2388,100.0,39.28,23.4309,4,4,-1,1.0
9,262,-0.0026,0.0003,100.0,518.67,642.83,1582.14,1402.11,14.62,21.6,559.79,2388.15,9074.42,1.31,47.58,526.81,2388.16,8150.76,8.3341,0.03,393,2388,100.0,39.17,23.4937,3,1,-1,2.0
9,263,-0.0007,0.0005,100.0,518.67,642.46,1586.54,1401.74,14.62,21.6,559.14,2388.14,9076.32,1.31,47.27,526.7,2388.18,8149.68,8.3425,0.03,393,2388,100.0,39.1,23.4802,3,1,-1,1.0
9,264,-0.0022,0.0005,100.0,518.67,642.31,1590.53,1402.62,14.62,21.6,559.03,2388.17,9074.9,1.3,47.38,526.89,2388.1,8151.67,8.3408,0.03,392,2388,100.0,39.27,23.5673,4,4,4,1.0
9,265,-0.0,-0.0004,100.0,518.67,642.53,1588.9,1403.79,14.62,21.6,559.19,2388.17,9074.95,1.31,47.3,526.51,2388.13,8155.36,8.3236,0.03,392,2388,100.0,39.16,23.5774,3,1,-1,1.0
9,266,-0.0025,-0.0001,100.0,518.67,642.33,1587.73,1398.88,14.62,21.6,559.17,2388.15,9079.02,1.3,47.56,527.15,2388.16,8149.07,8.338,0.03,394,2388,100.0,39.42,23.6727,4,4,-1,1.0
9,267,-0.0018,0.0002,100.0,518.67,642.48,1585.03,1408.48,14.62,21.6,558.91,2388.11,9062.37,1.31,47.49,526.64,2388.19,8153.36,8.37,0.03,393,2388,100.0,39.2,23.5212,3,1,-1,4.0
9,268,-0.0028,0.0001,100.0,518.67,642.19,1589.64,1392.6,14.62,21.6,559.47,2388.17,9071.61,1.31,47.55,526.39,2388.17,8148.55,8.3643,0.03,394,2388,100.0,39.17,23.5746,3,1,1,3.0
9,269,-0.0035,0.0002,100.0,518.67,642.19,1587.21,1400.81,14.62,21.6,559.39,2388.15,9067.78,1.31,47.54,527.03,2388.14,8153.9,8.3426,0.03,392,2388,100.0,39.37,23.6129,3,1,-1,2.0
9,270,-0.0016,0.0001,100.0,518.67,642.5,1587.29,1406.42,14.62,21.6,559.87,2388.19,9078.0,1.31,47.48,527.3,2388.19,8151.92,8.2904,0.03,393,2388,100.0,39.34,23.5499,3,1,-1,1.0
9,271,0.0006,-0.0002,100.0,518.67,642.34,1590.56,1401.11,14.62,21.6,558.93,2388.13,9073.82,1.3,47.49,527.0,2388.12,8155.25,8.3276,0.03,393,2388,100.0,39.07,23.5981,4,4,-1,2.0
9,272,0.0025,-0.0002,100.0,518.67,642.42,1586.06,1411.68,14.62,21.6,559.58,2388.19,9080.03,1.3,47.59,527.31,2388.16,8154.79,8.3689,0.03,392,2388,100.0,39.5,23.6449,4,4,-1,1.0
9,273,0.001,0.0003,100.0,518.67,642.37,1592.1,1411.33,14.62,21.6,559.55,2388.18,9083.26,1.31,47.46,527.41,2388.16,8158.09,8.3067,0.03,392,2388,100.0,39.38,23.5056,3,1,-1,2.0
9,274,-0.0021,0.0002,100.0,518.67,642.33,1595.86,1405.31,14.62,21.6,559.89,2388.18,9071.71,1.31,47.34,526.71,2388.2,8150.54,8.3353,0.03,392,2388,100.0,39.07,23.5013,3,1,-1,1.0
9,275,-0.0001,-0.0004,100.0,518.67,642.95,1595.67,1401.91,14.62,21.6,560.25,2388.16,9079.46,1.3,47.72,527.1,2388.15,8159.56,8.3084,0.03,393,2388,100.0,39.38,23.554,4,4,-1,1.0
9,276,-0.0022,-0.0002,100.0,518.67,642.7,1589.94,1405.12,14.62,21.6,559.45,2388.17,9075.52,1.31,47.45,527.66,2388.14,8152.38,8.3424,0.03,394,2388,100.0,39.21,23.5089,3,1,-1,1.0
9,277,-0.0022,-0.0004,100.0,518.67,642.17,1592.72,1408.26,14.62,21.6,559.46,2388.2,9074.4,1.3,47.5,527.33,2388.16,8157.35,8.3196,0.03,394,2388,100.0,39.14,23.5944,4,4,-1,1.0
9,278,-0.0014,-0.0004,100.0,518.67,642.37,1595.31,1403.64,14.62,21.6,558.69,2388.15,9075.76,1.31,47.45,527.24,2388.12,8152.08,8.2943,0.03,391,2388,100.0,39.31,23.5365,3,1,-1,3.0
9,279,0.0041,-0.0002,100.0,518.67,641.99,1589.96,1400.78,14.62,21.6,560.09,2388.18,9074.83,1.31,47.46,527.37,2388.22,8155.36,8.3362,0.03,393,2388,100.0,39.4,23.5945,3,1,-1,2.0
9,280,0.0004,-0.0,100.0,518.67,642.12,1599.09,1399.13,14.62,21.6,559.36,2388.24,9071.58,1.31,47.5,526.92,2388.15,8156.74,8.3381,0.03,393,2388,100.0,39.4,23.5107,3,1,-1,1.0
9,281,-0.002,-0.0002,100.0,518.67,642.61,1588.07,1401.33,14.62,21.6,559.41,2388.17,9078.93,1.3,47.23,527.32,2388.15,8153.01,8.3413,0.03,394,2388,100.0,39.35,23.4502,4,4,4,1.0
9,282,-0.0001,0.0,100.0,518.67,642.89,1591.92,1407.48,14.62,21.6,560.25,2388.17,9077.95,1.31,47.62,527.71,2388.17,8153.82,8.3203,0.03,395,2388,100.0,39.41,23.5319,3,1,-1,25.0
9,283,-0.0021,-0.0004,100.0,518.67,642.4,1593.48,1403.24,14.62,21.6,559.61,2388.2,9078.93,1.31,47.45,527.31,2388.13,8154.95,8.3381,0.03,392,2388,100.0,39.43,23.5614,3,1,-1,24.0
9,284,0.001,0.0003,100.0,518.67,643.21,1589.15,1403.12,14.62,21.6,559.91,2388.12,9076.32,1.31,47.61,527.11,2388.17,8151.57,8.3055,0.03,391,2388,100.0,39.37,23.5748,3,1,-1,23.0
9,285,0.0021,-0.0001,100.0,518.67,642.33,1584.04,1412.06,14.62,21.6,559.08,2388.19,9078.2,1.31,47.63,527.78,2388.18,8152.75,8.3203,0.03,394,2388,100.0,39.35,23.5198,3,1,-1,22.0
9,286,0.0007,0.0004,100.0,518.67,642.62,1583.18,1409.18,14.62,21.6,559.83,2388.17,9076.79,1.31,47.68,527.18,2388.21,8150.03,8.332,0.03,393,2388,100.0,39.25,23.5987,3,1,-1,21.0
9,287,0.0001,-0.0002,100.0,518.67,642.51,1591.88,1410.66,14.62,21.6,559.97,2388.21,9078.46,1.31,47.48,527.51,2388.2,8159.12,8.3306,0.03,392,2388,100.0,39.2,23.6247,3,1,-1,20.0
9,288,-0.0011,-0.0003,100.0,518.67,642.64,1585.39,1401.88,14.62,21.6,559.61,2388.2,9072.21,1.31,47.47,527.06,2388.13,8148.52,8.3236,0.03,394,2388,100.0,39.22,23.5434,3,1,-1,19.0
9,289,-0.0006,0.0002,100.0,518.67,642.1,1589.26,1402.5,14.62,21.6,560.04,2388.14,9080.37,1.31,47.54,527.8,2388.2,8152.91,8.3271,0.03,392,2388,100.0,39.46,23.4457,3,1,-1,18.0
9,290,0.0006,0.0,100.0,518.67,642.32,1591.06,1412.14,14.62,21.6,559.61,2388.23,9089.79,1.31,47.54,527.53,2388.13,8155.79,8.3395,0.03,394,2388,100.0,39.21,23.6306,3,1,-1,17.0
9,291,0.0042,-0.0004,100.0,518.67,642.22,1593.66,1404.23,14.62,21.6,560.58,2388.2,9078.97,1.31,47.29,527.22,2388.15,8155.68,8.3524,0.03,393,2388,100.0,39.15,23.7604,3,1,1,16.0
9,292,-0.0015,0.0002,100.0,518.67,643.08,1585.77,1414.44,14.62,21.6,559.79,2388.21,9084.4,1.31,47.43,528.05,2388.24,8155.7,8.3258,0.03,392,2388,100.0,39.37,23.5599,3,1,1,15.0
9,293,0.0021,-0.0001,100.0,518.67,642.06,1591.35,1407.05,14.62,21.6,560.07,2388.15,9082.32,1.31,47.49,527.8,2388.17,8149.07,8.3591,0.03,391,2388,100.0,39.33,23.5463,3,1,-1,14.0
9,294,0.0018,-0.0004,100.0,518.67,642.72,1593.27,1415.01,14.62,21.6,559.23,2388.17,9076.91,1.31,47.55,528.68,2388.26,8153.58,8.3275,0.03,392,2388,100.0,39.4,23.6246,3,1,-1,13.0
9,295,-0.0011,0.0001,100.0,518.67,642.4,1591.43,1404.83,14.62,21.6,560.01,2388.21,9079.26,1.31,47.55,528.11,2388.23,8160.25,8.3522,0.03,394,2388,100.0,39.29,23.6375,3,1,-1,12.0
9,296,-0.0019,-0.0001,100.0,518.67,642.43,1587.02,1403.9,14.62,21.6,560.78,2388.21,9084.22,1.31,47.52,528.0,2388.22,8157.78,8.3228,0.03,394,2388,100.0,39.46,23.5939,3,1,-1,11.0
9,297,-0.0007,-0.0002,100.0,518.67,643.14,1590.38,1398.78,14.62,21.6,559.52,2388.17,9077.36,1.31,47.73,527.74,2388.16,8153.23,8.3268,0.03,394,2388,100.0,39.2,23.5777,3,1,-1,10.0
9,298,-0.0009,0.0001,100.0,518.67,642.32,1595.0,1409.9,14.62,21.6,559.76,2388.25,9077.09,1.31,47.52,527.34,2388.15,8158.91,8.3215,0.03,393,2388,100.0,39.24,23.6074,3,1,-1,9.0
9,299,0.0007,0.0005,100.0,518.67,642.42,1589.3,1407.99,14.62,21.6,560.99,2388.21,9082.85,1.31,47.6,528.32,2388.23,8157.35,8.3057,0.03,393,2388,100.0,39.44,23.6649,3,1,-1,8.0
9,300,0.0001,-0.0002,100.0,518.67,642.22,1591.41,1405.55,14.62,21.6,560.62,2388.22,9082.59,1.31,47.53,527.88,2388.19,8158.83,8.3623,0.03,394,2388,100.0,39.13,23.5785,3,1,1,7.0
9,301,0.0007,-0.0,100.0,518.67,642.68,1586.54,1398.0,14.62,21.6,560.17,2388.2,9082.58,1.31,47.64,527.91,2388.23,8153.48,8.3473,0.03,392,2388,100.0,39.52,23.5902,3,1,-1,6.0
9,302,0.0029,-0.0,100.0,518.67,642.98,1584.48,1413.07,14.62,21.6,560.06,2388.22,9081.94,1.31,47.63,528.63,2388.24,8160.69,8.3284,0.03,394,2388,100.0,39.19,23.5744,3,1,-1,5.0
9,303,-0.0034,0.0004,100.0,518.67,642.53,1593.58,1413.33,14.62,21.6,560.78,2388.24,9084.34,1.31,47.52,528.31,2388.19,8154.14,8.3176,0.03,392,2388,100.0,39.09,23.6439,3,1,-1,4.0
9,304,-0.0036,-0.0003,100.0,518.67,642.56,1592.72,1401.46,14.62,21.6,560.5,2388.25,9077.08,1.31,47.63,528.42,2388.18,8156.15,8.3543,0.03,394,2388,100.0,39.29,23.5715,3,1,-1,3.0
9,305,0.0001,0.0003,100.0,518.67,642.19,1590.45,1406.28,14.62,21.6,560.93,2388.24,9080.58,1.31,47.73,528.68,2388.22,8161.08,8.3346,0.03,394,2388,100.0,39.32,23.4776,3,1,-1,2.0
9,306,-0.0011,-0.0002,100.0,518.67,642.52,1589.59,1402.55,14.62,21.6,560.03,2388.25,9087.26,1.31,47.62,528.11,2388.21,8158.95,8.3033,0.03,393,2388,100.0,39.28,23.6633,3,1,-1,1.0
9,307,0.0004,0.0001,100.0,518.67,642.74,1591.41,1421.38,14.62,21.6,559.92,2388.19,9080.38,1.3,47.36,527.65,2388.2,8152.15,8.3142,0.03,393,2388,100.0,39.27,23.6309,4,4,-1,1.0
20,1,0.0023,0.0002,100.0,518.67,643.0,1589.87,1404.3,14.62,21.61,553.44,2388.1,9063.7,1.3,47.56,521.93,2388.02,8136.61,8.4498,0.03,391,2388,100.0,38.88,23.2767,0,3,-1,1.0
20,1,0.0002,0.0,100.0,518.67,642.14,1588.39,1394.66,14.62,21.6,555.44,2388.02,9052.57,1.3,47.29,523.07,2388.02,8143.47,8.3748,0.03,390,2388,100.0,39.07,23.5551,4,4,4,1.0
20,2,0.0002,0.0,100.0,518.67,642.72,1588.75,1406.6,14.62,21.61,553.77,2388.13,9055.4,1.3,47.67,520.66,2388.06,8136.47,8.4217,0.03,393,2388,100.0,38.79,23.2626,0,3,-1,1.0
20,2,0.0029,0.0004,100.0,518.67,642.22,1582.28,1393.97,14.62,21.6,555.57,2388.0,9058.93,1.3,47.03,523.32,2388.01,8135.32,8.3726,0.03,391,2388,100.0,39.06,23.5163,4,4,-1,1.0
20,3,-0.001,-0.0001,100.0,518.67,642.9,1587.31,1404.3,14.62,21.61,552.91,2388.05,9055.83,1.3,47.49,521.14,2388.07,8136.89,8.4432,0.03,391,2388,100.0,38.79,23.276,0,3,-1,1.0
20,3,0.0,0.0,100.0,518.67,642.04,1580.78,1395.05,14.62,21.6,555.78,2388.03,9056.51,1.3,47.29,523.25,2388.06,8132.14,8.3514,0.03,391,2388,100.0,39.07,23.5379,4,4,4,1.0
20,4,0.0013,-0.0,100.0,518.67,642.42,1583.0,1417.06,14.62,21.61,553.69,2388.04,9057.87,1.3,47.61,521.63,2388.09,8133.4,8.439,0.03,393,2388,100.0,38.87,23.2784,0,3,-1,1.0
20,4,0.0035,-0.0004,100.0,518.67,642.59,1579.03,1393.4,14.62,21.6,555.92,2388.04,9053.63,1.3,47.33,523.83,2388.04,8138.49,8.3732,0.03,390,2388,100.0,39.17,23.4119,4,4,-1,1.0
20,5,-0.0009,-0.0003,100.0,518.67,642.55,1585.71,1406.9,14.62,21.61,553.06,2388.06,9054.13,1.3,47.55,521.48,2388.09,8135.61,8.4171,0.03,392,2388,100.0,38.88,23.2748,0,3,-1,1.0
20,5,0.001,-0.0003,100.0,518.67,641.98,1585.6,1394.45,14.62,21.6,555.49,2388.0,9058.25,1.3,47.13,522.58,2388.05,8137.16,8.383,0.03,392,2388,100.0,39.07,23.4331,4,4,-1,1.0
20,6,0.001,-0.0003,100.0,518.67,643.16,1586.19,1403.67,14.62,21.61,552.42,2388.07,9054.09,1.3,47.48,521.62,2388.05,8130.93,8.4453,0.03,393,2388,100.0,38.82,23.3133,0,3,-1,1.0
20,6,0.0003,-0.0002,100.0,518.67,641.63,1590.75,1390.29,14.62,21.61,556.16,2388.06,9057.16,1.3,47.0,523.57,2388.04,8142.02,8.374,0.03,391,2388,100.0,39.04,23.4287,4,4,-1,1.0
20,7,0.0014,0.0004,100.0,518.67,642.44,1583.76,1404.13,14.62,21.61,554.4,2388.07,9058.45,1.3,47.56,521.07,2388.08,8142.14,8.4528,0.03,392,2388,100.0,38.94,23.2666,0,3,-1,1.0
20,7,-0.0,0.0002,100.0,518.67,642.11,1588.33,1397.76,14.62,21.6,555.56,2388.04,9057.26,1.3,47.14,523.7,2387.95,8146.61,8.4163,0.03,390,2388,100.0,39.03,23.4678,4,4,4,1.0
20,8,-0.0017,-0.0005,100.0,518.67,642.66,1589.12,1408.09,14.62,21.61,553.43,2388.11,9051.23,1.3,47.46,521.09,2388.06,8132.59,8.4364,0.03,392,2388,100.0,38.79,23.2775,0,3,3,1.0
20,8,0.0029,0.0003,100.0,518.67,641.96,1582.62,1394.22,14.62,21.6,556.02,2388.03,9057.07,1.3,47.06,523.28,2388.04,8139.67,8.384,0.03,391,2388,100.0,39.04,23.4015,4,4,-1,1.0
20,9,0.0039,0.0004,100.0,518.67,642.39,1584.35,1403.87,14.62,21.61,553.46,2388.1,9056.89,1.3,47.61,521.43,2388.09,8135.27,8.4559,0.03,392,2388,100.0,38.88,23.3822,0,3,-1,1.0
20,9,-0.001,-0.0004,100.0,518.67,642.32,1588.05,1400.49,14.62,21.6,554.86,2388.06,9052.41,1.3,47.27,523.48,2388.04,8135.96,8.3997,0.03,392,2388,100.0,39.07,23.5636,4,4,-1,1.0
20,10,0.0025,-0.0005,100.0,518.67,642.73,1585.04,1397.76,14.62,21.61,553.64,2388.09,9054.98,1.3,47.48,521.9,2388.12,8131.19,8.4414,0.03,392,2388,100.0,38.89,23.4045,0,3,-1,1.0
20,10,0.0009,-0.0004,100.0,518.67,642.36,1584.21,1391.62,14.62,21.6,556.26,2388.02,9063.02,1.3,47.07,523.36,2388.02,8139.04,8.3895,0.03,391,2388,100.0,39.18,23.4808,4,4,-1,1.0
20,11,0.0019,0.0002,100.0,518.67,642.56,1586.04,1410.55,14.62,21.61,553.34,2388.08,9055.25,1.3,47.42,521.51,2388.11,8138.91,8.4197,0.03,394,2388,100.0,38.84,23.2635,0,3,-1,1.0
20,11,-0.0002,-0.0001,100.0,518.67,641.94,1594.55,1395.77,14.62,21.6,555.78,2388.06,9061.59,1.3,47.12,524.02,2388.05,8140.52,8.411,0.03,392,2388,100.0,39.03,23.5713,4,4,-1,1.0
20,12,0.0037,0.0003,100.0,518.67,642.39,1585.47,1407.66,14.62,21.61,554.31,2388.06,9058.02,1.3,47.54,521.69,2388.1,8134.99,8.4545,0.03,393,2388,100.0,38.66,23.3024,0,3,-1,1.0
20,12,-0.0027,-0.0001,100.0,518.67,641.76,1578.45,1399.9,14.62,21.6,555.55,2387.96,9062.11,1.3,47.33,523.76,2388.05,8133.9,8.3731,0.03,391,2388,100.0,39.15,23.4415,4,4,-1,1.0
20,13,-0.0026,0.0003,100.0,518.67,642.76,1589.63,1405.47,14.62,21.61,553.92,2388.11,9050.25,1.3,47.37,521.45,2388.07,8133.4,8.4751,0.03,394,2388,100.0,38.7,23.2503,0,3,-1,1.0
20,13,-0.0012,-0.0003,100.0,518.67,641.86,1585.23,1402.62,14.62,21.6,555.94,2388.04,9054.35,1.3,47.18,523.19,2388.02,8143.7,8.326,0.03,392,2388,100.0,39.32,23.4485,4,4,-1,1.0
20,14,0.0019,0.0002,100.0,518.67,642.31,1591.06,1411.72,14.62,21.61,552.96,2388.06,9059.48,1.3,47.6,521.67,2388.12,8136.14,8.4054,0.03,392,2388,100.0,38.93,23.3803,0,3,3,1.0
20,14,-0.0005,0.0003,100.0,518.67,642.23,1577.93,1399.2,14.62,21.6,556.19,2388.05,9059.17,1.3,47.21,523.6,2388.13,8139.83,8.3987,0.03,393,2388,100.0,39.16,23.449,4,4,-1,1.0
20,15,-0.0046,-0.0005,100.0,518.67,641.83,1592.49,1406.63,14.62,21.61,553.42,2388.03,9057.06,1.3,47.61,521.28,2388.13,8137.29,8.4377,0.03,393,2388,100.0,38.94,23.3967,0,3,-1,1.0
20,15,-0.0013,-0.0002,100.0,518.67,642.33,1583.52,1402.71,14.62,21.6,555.18,2388.1,9062.28,1.3,47.09,523.49,2388.02,8140.78,8.405,0.03,391,2388,100.0,39.05,23.5465,4,4,-1,1.0
20,16,0.0023,0.0003,100.0,518.67,642.45,1589.62,1399.9,14.62,21.61,553.36,2388.09,9058.45,1.3,47.42,522.03,2388.14,8135.58,8.4111,0.03,394,2388,100.0,38.83,23.3011,0,3,-1,1.0
20,16,0.0022,0.0001,100.0,518.67,642.24,1580.34,1399.65,14.62,21.61,556.14,2388.08,9057.78,1.3,47.04,523.71,2387.98,8136.23,8.4047,0.03,392,2388,100.0,39.0,23.397,4,4,-1,1.0
20,17,-0.0009,0.0004,100.0,518.67,642.52,1588.52,1405.1,14.62,21.61,552.78,2388.16,9059.77,1.3,47.54,521.52,2388.1,8139.99,8.446,0.03,391,2388,100.0,38.78,23.231,0,3,-1,1.0
20,17,0.0013,-0.0004,100.0,518.67,642.31,1584.79,1394.96,14.62,21.6,555.58,2388.06,9056.32,1.3,47.13,523.37,2387.99,8140.18,8.3689,0.03,391,2388,100.0,39.1,23.5251,4,4,-1,1.0
20,18,-0.0027,0.0001,100.0,518.67,642.63,1589.33,1404.53,14.62,21.61,554.07,2388.09,9050.6,1.3,47.52,520.19,2388.08,8137.14,8.4085,0.03,393,2388,100.0,38.9,23.3501,0,3,-1,1.0
20,18,0.0006,0.0002,100.0,518.67,641.8,1583.33,1403.43,14.62,21.6,555.59,2388.04,9057.17,1.3,47.08,523.56,2388.01,8136.66,8.3681,0.03,391,2388,100.0,39.1,23.5184,4,4,-1,1.0
20,19,0.0038,0.0005,100.0,518.67,643.1,1593.38,1403.45,14.62,21.61,553.66,2388.06,9059.7,1.3,47.37,520.99,2388.05,8142.76,8.4607,0.03,393,2388,100.0,38.89,23.2071,0,3,-1,1.0
20,19,0.0023,-0.0002,100.0,518.67,641.84,1583.9,1398.75,14.62,21.6,555.06,2388.02,9058.28,1.3,47.29,523.33,2388.03,8138.4,8.3729,0.03,392,2388,100.0,38.97,23.5209,4,4,-1,1.0
20,20,-0.0013,-0.0001,100.0,518.67,642.78,1592.77,1406.23,14.62,21.61,553.05,2388.11,9060.11,1.3,47.35,521.31,2388.09,8134.9,8.44,0.03,392,2388,100.0,38.78,23.3233,0,3,-1,1.0
20,20,0.0028,0.0001,100.0,518.67,641.95,1585.48,1394.97,14.62,21.6,555.17,2388.07,9054.07,1.3,47.03,523.8,2388.0,8142.56,8.3443,0.03,391,2388,100.0,38.98,23.3689,4,4,-1,1.0
20,21,-0.0023,0.0004,100.0,518.67,642.59,1583.52,1411.61,14.62,21.61,554.02,2388.07,9052.34,1.3,47.57,521.48,2388.11,8131.8,8.4344,0.03,394,2388,100.0,38.78,23.4263,0,3,-1,1.0
20,21,0.0021,-0.0001,100.0,518.67,642.39,1580.73,1400.65,14.62,21.6,555.43,2388.05,9056.28,1.3,47.34,523.43,2388.06,8139.81,8.3829,0.03,392,2388,100.0,39.29,23.4201,4,4,-1,1.0
20,22,-0.0027,-0.0001,100.0,518.67,642.59,1585.06,1405.34,14.62,21.61,553.23,2388.11,9063.25,1.3,47.53,521.68,2388.09,8133.22,8.4422,0.03,392,2388,100.0,38.94,23.3007,0,3,-1,1.0
20,22,0.0025,0.0,100.0,518.67,641.95,1579.12,1394.31,14.62,21.6,555.26,2388.01,9059.0,1.3,47.07,522.96,2388.02,8137.72,8.3563,0.03,392,2388,100.0,39.24,23.4951,4,4,-1,1.0
20,23,-0.0001,-0.0003,100.0,518.67,643.3,1601.08,1406.85,14.62,21.61,553.68,2388.1,9056.81,1.3,47.69,521.3,2388.12,8141.68,8.4479,0.03,394,2388,100.0,38.94,23.3758,0,3,-1,1.0
20,23,-0.001,0.0004,100.0,518.67,642.15,1583.51,1397.64,14.62,21.6,555.85,2388.01,9062.31,1.3,46.93,523.12,2388.02,8135.19,8.358,0.03,390,2388,100.0,39.12,23.4084,4,4,-1,1.0
20,24,-0.0007,-0.0005,100.0,518.67,642.61,1588.31,1402.29,14.62,21.61,553.14,2388.07,9059.5,1.3,47.37,521.22,2388.03,8140.57,8.4664,0.03,393,2388,100.0,38.86,23.2466,0,3,4,1.0
20,24,0.0019,-0.0001,100.0,518.67,641.61,1586.3,1391.2,14.62,21.6,554.89,2388.02,9054.4,1.3,47.3,522.65,2388.09,8144.0,8.374,0.03,390,2388,100.0,39.19,23.4782,4,4,-1,1.0
20,25,0.0014,-0.0003,100.0,518.67,642.22,1582.05,1407.26,14.62,21.61,553.85,2388.11,9051.94,1.3,47.54,521.52,2388.09,8142.21,8.4509,0.03,393,2388,100.0,38.97,23.2967,0,3,-1,1.0
20,25,0.0027,0.0004,100.0,518.67,642.31,1578.0,1398.01,14.62,21.61,556.13,2387.98,9055.49,1.3,47.21,523.74,2388.12,8140.73,8.343,0.03,392,2388,100.0,39.13,23.5303,4,4,-1,1.0
20,26,0.0036,-0.0003,100.0,518.67,642.48,1596.63,1410.81,14.62,21.61,553.57,2388.08,9054.64,1.3,47.43,521.34,2388.08,8138.44,8.4508,0.03,394,2388,100.0,38.71,23.3192,0,3,-1,1.0
20,26,0.0029,0.0004,100.0,518.67,642.3,1587.81,1402.96,14.62,21.6,555.19,2387.98,9058.78,1.3,47.35,523.66,2388.01,8141.73,8.3716,0.03,390,2388,100.0,39.18,23.5147,4,4,-1,1.0
20,27,-0.0016,0.0003,100.0,518.67,643.11,1583.9,1404.13,14.62,21.61,553.25,2388.1,9049.63,1.3,47.56,521.67,2388.15,8138.66,8.4485,0.03,393,2388,100.0,38.85,23.3431,0,3,-1,1.0
20,27,0.0002,-0.0,100.0,518.67,642.08,1588.68,1398.35,14.62,21.6,557.08,2388.0,9056.92,1.3,47.09,523.66,2388.02,8140.13,8.384,0.03,391,2388,100.0,38.92,23.4581,4,4,-1,1.0
20,28,-0.0029,-0.0002,100.0,518.67,642.52,1586.56,1404.01,14.62,21.61,553.3,2388.08,9061.35,1.3,47.4,521.17,2388.05,8139.86,8.4256,0.03,391,2388,100.0,38.78,23.3833,0,3,-1,1.0
20,28,-0.0024,0.0005,100.0,518.67,642.39,1591.51,1403.57,14.62,21.6,556.04,2388.01,9049.33,1.3,47.15,523.41,2388.06,8139.44,8.3636,0.03,391,2388,100.0,39.06,23.3999,4,4,-1,1.0
20,29,0.0031,-0.0,100.0,518.67,642.78,1587.38,1412.5,14.62,21.61,553.51,2388.06,9056.46,1.3,47.67,521.6,2388.13,8144.09,8.418,0.03,393,2388,100.0,38.85,23.3385,0,3,-1,1.0
20,29,-0.0015,-0.0004,100.0,518.67,642.26,1590.92,1390.89,14.62,21.6,555.44,2388.07,9062.31,1.3,46.97,523.55,2387.98,8136.19,8.3549,0.03,391,2388,100.0,39.16,23.5503,4,4,-1,1.0
20,30,0.0009,-0.0005,100.0,518.67,642.92,1596.94,1405.78,14.62,21.61,553.37,2388.09,9051.02,1.3,47.53,520.94,2388.11,8137.16,8.4731,0.03,393,2388,100.0,38.7,23.1653,0,3,-1,1.0
20,30,0.0003,-0.0005,100.0,518.67,642.23,1581.41,1402.77,14.62,21.6,555.7,2387.99,9066.63,1.3,46.95,522.84,2387.99,8141.3,8.3862,0.03,391,2388,100.0,39.06,23.5337,4,4,-1,1.0
20,31,-0.0017,0.0002,100.0,518.67,642.91,1591.65,1404.61,14.62,21.61,554.19,2388.11,9050.49,1.3,47.57,521.78,2388.16,8129.1,8.4334,0.03,395,2388,100.0,38.76,23.3442,0,3,-1,1.0
20,31,0.0004,-0.0004,100.0,518.67,642.31,1585.01,1394.53,14.62,21.61,556.2,2388.0,9059.43,1.3,47.18,523.76,2388.03,8141.84,8.3677,0.03,392,2388,100.0,38.94,23.515,4,4,-1,1.0
20,32,-0.0006,-0.0002,100.0,518.67,642.39,1590.01,1403.95,14.62,21.61,553.61,2388.05,9057.81,1.3,47.3,521.53,2388.04,8139.98,8.4505,0.03,394,2388,100.0,38.76,23.26,0,3,-1,1.0
20,32,0.0026,0.0,100.0,518.67,642.87,1581.46,1390.98,14.62,21.6,555.49,2388.06,9055.21,1.3,47.06,523.36,2388.07,8137.97,8.3421,0.03,391,2388,100.0,39.0,23.4181,4,4,-1,1.0
20,33,-0.0014,-0.0001,100.0,518.67,642.87,1590.95,1405.04,14.62,21.61,552.91,2388.09,9055.79,1.3,47.45,521.35,2388.1,8136.69,8.4725,0.03,393,2388,100.0,38.88,23.2933,0,3,-1,1.0
20,33,0.0009,-0.0002,100.0,518.67,641.9,1582.61,1388.69,14.62,21.6,555.53,2388.01,9058.1,1.3,47.24,523.87,2388.05,8134.45,8.3921,0.03,392,2388,100.0,38.87,23.4697,4,4,-1,1.0
20,34,-0.0004,-0.0001,100.0,518.67,642.68,1594.78,1400.07,14.62,21.61,553.27,2388.07,9063.98,1.3,47.57,521.35,2388.05,8135.04,8.4479,0.03,393,2388,100.0,38.78,23.23,0,3,-1,1.0
20,34,-0.0038,0.0005,100.0,518.67,642.63,1587.29,1398.71,14.62,21.6,554.91,2388.08,9056.49,1.3,47.12,523.4,2387.98,8138.0,8.3977,0.03,391,2388,100.0,39.26,23.408,4,4,4,1.0
20,35,0.0008,-0.0,100.0,518.67,642.68,1593.0,1408.04,14.62,21.61,553.62,2388.05,9060.8,1.3,47.53,520.92,2388.08,8140.74,8.4404,0.03,393,2388,100.0,38.83,23.2435,0,3,-1,1.0
20,35,0.0007,-0.0004,100.0,518.67,642.18,1576.5,1401.21,14.62,21.6,555.13,2388.08,9057.73,1.3,47.21,523.98,2387.99,8140.87,8.3735,0.03,392,2388,100.0,39.01,23.4535,4,4,-1,1.0
20,36,0.0021,-0.0004,100.0,518.67,642.39,1590.16,1406.21,14.62,21.61,554.66,2388.12,9064.41,1.3,47.37,521.54,2388.07,8135.67,8.4676,0.03,393,2388,100.0,38.76,23.4161,0,3,-1,1.0
20,36,-0.002,-0.0004,100.0,518.67,642.48,1582.76,1394.41,14.62,21.6,555.87,2388.01,9056.22,1.3,47.2,523.24,2388.06,8138.96,8.4184,0.03,391,2388,100.0,39.12,23.458,4,4,-1,1.0
20,37,0.0,-0.0001,100.0,518.67,642.86,1585.03,1408.03,14.62,21.61,553.27,2388.09,9057.37,1.3,47.33,521.05,2388.1,8139.38,8.4277,0.03,395,2388,100.0,38.72,23.39,0,3,-1,1.0
20,37,-0.0013,0.0001,100.0,518.67,642.47,1584.0,1400.73,14.62,21.6,554.78,2387.98,9056.88,1.3,47.08,523.61,2388.0,8142.85,8.3705,0.03,390,2388,100.0,39.11,23.5084,4,4,-1,1.0
20,38,-0.0034,0.0001,100.0,518.67,642.9,1593.58,1404.38,14.62,21.61,553.14,2388.08,9061.65,1.3,47.53,521.42,2388.11,8138.99,8.4333,0.03,392,2388,100.0,38.87,23.2588,0,3,3,1.0
20,38,0.0024,0.0002,100.0,518.67,642.29,1577.0,1387.62,14.62,21.61,556.83,2388.06,9058.5,1.3,47.27,523.47,2388.13,8139.42,8.3571,0.03,392,2388,100.0,39.17,23.4937,4,4,-1,1.0
20,39,0.0025,-0.0003,100.0,518.67,642.76,1590.26,1404.61,14.62,21.61,554.11,2388.07,9059.52,1.3,47.38,521.62,2388.1,8137.09,8.4304,0.03,392,2388,100.0,39.04,23.3827,0,3,-1,1.0
20,39,-0.003,-0.0004,100.0,518.67,642.47,1584.21,1393.56,14.62,21.6,555.5,2388.05,9056.6,1.3,47.26,523.68,2388.03,8138.77,8.3757,0.03,392,2388,100.0,39.12,23.5348,4,4,-1,1.0
20,40,-0.0003,-0.0003,100.0,518.67,642.85,1582.87,1409.39,14.62,21.61,553.29,2388.12,9059.76,1.3,47.63,521.86,2388.08,8139.35,8.4449,0.03,392,2388,100.0,38.75,23.3017,0,3,-1,1.0
20,40,-0.0029,0.0,100.0,518.67,642.09,1587.62,1389.96,14.62,21.6,555.13,2387.98,9056.55,1.3,47.0,523.11,2388.02,8139.02,8.3615,0.03,390,2388,100.0,39.15,23.4896,4,4,-1,1.0
20,41,-0.0021,0.0004,100.0,518.67,642.69,1588.76,1403.24,14.62,21.61,554.24,2388.14,9053.84,1.3,47.61,521.38,2388.1,8134.28,8.3917,0.03,394,2388,100.0,38.9,23.3647,0,3,-1,1.0
20,41,-0.0016,-0.0001,100.0,518.67,641.72,1584.53,1393.96,14.62,21.6,555.44,2387.99,9055.56,1.3,47.22,523.4,2388.01,8141.22,8.3852,0.03,392,2388,100.0,39.27,23.487,4,4,-1,1.0
20,42,0.0026,-0.0004,100.0,518.67,642.68,1588.26,1410.67,14.62,21.61,553.31,2388.06,9054.51,1.3,47.57,521.68,2388.08,8135.62,8.435,0.03,393,2388,100.0,38.75,23.1774,0,3,-1,1.0
20,42,0.0025,0.0002,100.0,518.67,642.39,1587.38,1391.11,14.62,21.6,555.68,2388.0,9054.59,1.3,47.1,523.5,2388.04,8142.52,8.3517,0.03,392,2388,100.0,39.07,23.4194,4,4,-1,1.0
20,43,-0.0036,0.0003,100.0,518.67,642.25,1588.46,1402.22,14.62,21.61,553.41,2388.14,9057.93,1.3,47.46,521.04,2388.17,8135.28,8.4702,0.03,392,2388,100.0,39.09,23.3041,0,3,-1,1.0
20,43,0.0028,0.0002,100.0,518.67,641.95,1582.11,1393.46,14.62,21.6,556.05,2387.99,9061.43,1.3,47.2,523.88,2388.02,8141.84,8.3852,0.03,392,2388,100.0,39.07,23.5162,4,4,-1,1.0
20,44,0.0008,-0.0004,100.0,518.67,642.55,1579.43,1406.18,14.62,21.61,554.13,2388.08,9058.31,1.3,47.28,521.41,2388.08,8143.42,8.4699,0.03,394,2388,100.0,38.69,23.3076,0,3,-1,1.0
20,44,-0.0003,-0.0003,100.0,518.67,642.16,1586.35,1391.11,14.62,21.6,556.08,2387.99,9056.93,1.3,47.16,523.33,2387.98,8140.76,8.3809,0.03,391,2388,100.0,38.86,23.5343,4,4,-1,1.0
20,45,-0.0035,0.0004,100.0,518.67,642.91,1589.92,1412.98,14.62,21.61,553.39,2388.12,9058.56,1.3,47.4,521.36,2388.13,8132.16,8.442,0.03,393,2388,100.0,38.83,23.2619,0,3,-1,1.0
20,45,-0.001,-0.0003,100.0,518.67,642.73,1592.44,1394.35,14.62,21.6,555.2,2388.04,9054.43,1.3,47.13,523.38,2388.09,8139.6,8.3507,0.03,392,2388,100.0,39.15,23.4485,4,4,-1,1.0
20,46,-0.0006,0.0002,100.0,518.67,641.94,1587.3,1406.72,14.62,21.61,552.68,2388.14,9060.33,1.3,47.54,521.65,2388.07,8137.34,8.4218,0.03,395,2388,100.0,38.93,23.2239,0,3,3,1.0
20,46,-0.0035,0.0001,100.0,518.67,641.81,1579.8,1398.68,14.62,21.6,555.8,2388.01,9050.44,1.3,47.38,523.94,2388.07,8138.71,8.3815,0.03,392,2388,100.0,39.18,23.4363,4,4,-1,1.0
20,47,-0.0004,0.0004,100.0,518.67,642.59,1586.41,1403.2,14.62,21.61,553.54,2388.09,9047.97,1.3,47.61,521.51,2388.13,8135.78,8.434,0.03,395,2388,100.0,38.93,23.3577,0,3,-1,1.0
20,47,0.0007,0.0001,100.0,518.67,641.78,1582.71,1398.43,14.62,21.6,555.72,2388.07,9061.04,1.3,47.32,523.11,2388.01,8143.84,8.3905,0.03,392,2388,100.0,39.13,23.4421,4,4,-1,1.0
20,48,0.0004,-0.0004,100.0,518.67,642.7,1587.24,1415.13,14.62,21.61,553.59,2388.07,9054.79,1.3,47.58,521.31,2388.12,8141.39,8.4339,0.03,394,2388,100.0,38.78,23.3285,0,3,-1,1.0
20,48,-0.0006,0.0003,100.0,518.67,642.26,1585.75,1387.7,14.62,21.6,555.37,2388.0,9050.71,1.3,47.2,522.85,2388.02,8137.37,8.3785,0.03,391,2388,100.0,38.99,23.5009,4,4,-1,1.0
20,49,0.0002,0.0001,100.0,518.67,642.52,1595.78,1410.36,14.62,21.61,553.26,2388.13,9055.89,1.3,47.54,521.41,2388.07,8138.41,8.4592,0.03,393,2388,100.0,38.8,23.3159,0,3,-1,1.0
20,49,0.0005,0.0003,100.0,518.67,642.55,1584.96,1390.39,14.62,21.6,555.55,2387.99,9057.59,1.3,47.13,523.39,2388.04,8140.56,8.3854,0.03,391,2388,100.0,39.17,23.5023,4,4,-1,1.0
20,50,-0.0007,-0.0003,100.0,518.67,642.56,1589.15,1404.24,14.62,21.61,553.59,2388.1,9057.09,1.3,47.53,521.06,2388.07,8132.64,8.4435,0.03,393,2388,100.0,38.81,23.2622,0,3,-1,1.0
20,50,-0.0031,0.0002,100.0,518.67,642.17,1581.21,1397.23,14.62,21.6,556.49,2387.97,9059.61,1.3,47.09,523.66,2387.98,8139.33,8.3828,0.03,391,2388,100.0,39.13,23.4248,4,4,-1,1.0
20,51,0.0026,-0.0,100.0,518.67,643.17,1588.28,1406.11,14.62,21.61,553.11,2388.1,9062.12,1.3,47.46,521.13,2388.11,8141.1,8.4609,0.03,393,2388,100.0,38.9,23.233,0,3,-1,1.0
20,51,-0.0011,0.0003,100.0,518.67,642.31,1580.89,1395.0,14.62,21.6,555.37,2388.03,9059.64,1.3,47.27,523.01,2388.03,8132.88,8.394,0.03,391,2388,100.0,39.12,23.4598,4,4,-1,1.0
20,52,-0.0052,0.0005,100.0,518.67,643.46,1589.91,1407.67,14.62,21.61,553.68,2388.11,9053.88,1.3,47.42,521.76,2388.06,8140.52,8.4438,0.03,393,2388,100.0,38.83,23.2739,0,3,-1,1.0
20,52,0.0004,0.0001,100.0,518.67,642.26,1585.63,1393.76,14.62,21.6,555.72,2388.02,9059.67,1.3,47.09,523.59,2388.08,8141.65,8.3732,0.03,391,2388,100.0,39.17,23.45,4,4,-1,1.0
20,53,0.0031,0.0002,100.0,518.67,642.68,1585.19,1407.01,14.62,21.61,553.45,2388.11,9056.14,1.3,47.64,521.99,2388.09,8142.38,8.4658,0.03,395,2388,100.0,39.05,23.2878,0,3,-1,1.0
20,53,0.0029,-0.0005,100.0,518.67,642.0,1579.48,1399.74,14.62,21.6,555.61,2387.97,9055.98,1.3,47.04,522.94,2388.06,8136.5,8.4096,0.03,391,2388,100.0,39.09,23.4948,4,4,-1,1.0
20,54,0.0045,-0.0,100.0,518.67,642.76,1584.28,1408.61,14.62,21.61,553.74,2388.08,9055.32,1.3,47.61,521.49,2388.13,8140.54,8.4488,0.03,393,2388,100.0,38.98,23.4201,0,3,-1,1.0
20,54,0.0011,-0.0003,100.0,518.67,641.64,1586.0,1398.52,14.62,21.6,555.6,2387.95,9059.02,1.3,47.04,523.25,2388.04,8133.45,8.4054,0.03,392,2388,100.0,39.22,23.4279,4,4,-1,1.0
20,55,-0.0007,0.0,100.0,518.67,642.67,1595.03,1409.77,14.62,21.61,553.3,2388.14,9057.93,1.3,47.51,521.66,2388.1,8136.72,8.4483,0.03,393,2388,100.0,38.96,23.2591,0,3,-1,1.0
20,55,0.0008,0.0001,100.0,518.67,641.97,1587.29,1399.49,14.62,21.6,555.88,2388.04,9057.48,1.3,47.16,523.64,2388.02,8139.9,8.3613,0.03,392,2388,100.0,39.06,23.4946,4,4,-1,1.0
20,56,0.002,0.0001,100.0,518.67,643.0,1589.89,1415.21,14.62,21.61,553.4,2388.1,9066.92,1.3,47.58,521.67,2388.1,8141.42,8.4164,0.03,393,2388,100.0,38.94,23.2907,0,3,-1,1.0
20,56,0.0003,-0.0003,100.0,518.67,642.08,1585.07,1397.37,14.62,21.6,555.43,2388.01,9055.75,1.3,47.21,523.27,2388.02,8135.47,8.4203,0.03,392,2388,100.0,39.13,23.6091,4,4,4,1.0
20,57,-0.0005,0.0001,100.0,518.67,642.69,1584.64,1404.85,14.62,21.61,553.99,2388.11,9049.47,1.3,47.51,521.59,2388.04,8136.4,8.4343,0.03,390,2388,100.0,38.86,23.294,0,3,3,1.0
20,57,0.0008,-0.0004,100.0,518.67,642.04,1581.14,1396.23,14.62,21.6,555.94,2388.01,9059.57,1.3,47.18,523.31,2388.01,8142.94,8.3604,0.03,391,2388,100.0,39.29,23.5769,4,4,-1,1.0
20,58,0.0006,0.0005,100.0,518.67,642.56,1592.77,1410.07,14.62,21.61,552.63,2388.14,9059.35,1.3,47.49,521.61,2388.06,8146.61,8.4387,0.03,392,2388,100.0,38.88,23.2305,0,3,-1,1.0
20,58,-0.0029,-0.0005,100.0,518.67,642.2,1581.92,1402.29,14.62,21.6,556.01,2388.07,9059.59,1.3,47.28,523.5,2388.03,8139.3,8.3414,0.03,393,2388,100.0,39.08,23.5751,4,4,-1,1.0
20,59,-0.0001,0.0003,100.0,518.67,642.89,1586.18,1407.96,14.62,21.61,553.06,2388.14,9062.34,1.3,47.64,521.63,2388.08,8142.79,8.4483,0.03,393,2388,100.0,38.7,23.2829,0,3,-1,1.0
20,59,0.0044,-0.0005,100.0,518.67,642.11,1586.54,1394.66,14.62,21.6,554.8,2388.02,9053.61,1.3,47.24,523.5,2388.03,8140.78,8.3547,0.03,390,2388,100.0,39.0,23.4205,4,4,-1,1.0
20,60,0.0007,0.0003,100.0,518.67,643.15,1585.89,1408.67,14.62,21.61,552.65,2388.04,9057.57,1.3,47.47,521.09,2388.08,8132.59,8.4581,0.03,394,2388,100.0,38.75,23.275,0,3,-1,1.0
20,60,-0.0031,0.0,100.0,518.67,641.91,1583.83,1407.71,14.62,21.6,555.91,2388.07,9057.2,1.3,47.28,523.59,2388.02,8137.19,8.4185,0.03,392,2388,100.0,39.24,23.373,4,4,-1,1.0
20,61,0.0049,-0.0005,100.0,518.67,642.29,1588.64,1409.54,14.62,21.61,553.4,2388.07,9053.22,1.3,47.32,521.81,2388.1,8137.1,8.455,0.03,392,2388,100.0,38.83,23.3002,0,3,-1,1.0
20,61,0.0011,0.0004,100.0,518.67,642.11,1586.88,1401.97,14.62,21.6,555.22,2388.01,9055.08,1.3,47.42,523.89,2387.98,8139.71,8.3389,0.03,391,2388,100.0,39.0,23.4395,4,4,-1,1.0
20,62,-0.0001,-0.0004,100.0,518.67,642.09,1588.38,1402.1,14.62,21.61,552.69,2388.13,9052.94,1.3,47.41,520.83,2388.12,8135.09,8.4092,0.03,391,2388,100.0,38.91,23.2064,0,3,-1,1.0
20,62,-0.0037,-0.0002,100.0,518.67,642.09,1586.97,1391.7,14.62,21.6,555.79,2388.03,9056.72,1.3,47.23,522.98,2388.08,8145.79,8.3738,0.03,391,2388,100.0,39.05,23.3348,4,4,-1,1.0
20,63,-0.0026,0.0004,100.0,518.67,642.7,1588.44,1411.68,14.62,21.61,553.7,2388.08,9057.17,1.3,47.43,521.59,2388.1,8140.71,8.418,0.03,394,2388,100.0,38.78,23.2909,0,3,-1,1.0
20,63,0.0024,0.0,100.0,518.67,642.01,1582.9,1394.74,14.62,21.6,556.53,2388.01,9059.64,1.3,47.1,523.66,2388.04,8141.4,8.3556,0.03,393,2388,100.0,38.97,23.5497,4,4,-1,1.0
20,64,0.0001,0.0005,100.0,518.67,642.56,1589.55,1411.22,14.62,21.61,552.85,2388.09,9057.52,1.3,47.53,521.38,2388.1,8137.34,8.44,0.03,393,2388,100.0,38.84,23.3248,0,3,-1,1.0
20,64,0.0017,-0.0001,100.0,518.67,642.11,1587.88,1398.92,14.62,21.6,556.48,2388.08,9058.57,1.3,47.16,523.86,2388.06,8141.59,8.3683,0.03,391,2388,100.0,39.21,23.4959,4,4,-1,1.0
20,65,-0.0004,0.0004,100.0,518.67,642.81,1580.74,1407.01,14.62,21.61,553.95,2388.14,9053.85,1.3,47.51,521.65,2388.11,8135.77,8.4251,0.03,394,2388,100.0,38.83,23.4223,0,3,-1,1.0
20,65,-0.0025,0.0004,100.0,518.67,642.02,1578.63,1404.09,14.62,21.6,555.33,2388.03,9046.14,1.3,47.31,523.62,2388.01,8134.48,8.3522,0.03,390,2388,100.0,39.01,23.4473,4,4,-1,1.0
20,66,0.0032,-0.0005,100.0,518.67,642.32,1584.07,1404.98,14.62,21.61,551.82,2388.11,9051.49,1.3,47.51,521.2,2388.05,8146.16,8.4593,0.03,392,2388,100.0,38.76,23.2613,0,3,-1,1.0
20,66,0.0013,0.0004,100.0,518.67,642.27,1576.74,1392.36,14.62,21.6,555.65,2388.03,9051.34,1.3,47.27,523.66,2388.02,8147.33,8.3601,0.03,391,2388,100.0,39.05,23.3546,4,4,-1,1.0
20,67,0.0018,-0.0,100.0,518.67,642.5,1593.76,1407.67,14.62,21.61,553.17,2388.06,9062.57,1.3,47.38,521.54,2388.09,8147.16,8.4577,0.03,393,2388,100.0,38.8,23.3067,0,3,3,1.0
20,67,-0.0019,0.0004,100.0,518.67,641.49,1587.98,1394.19,14.62,21.6,555.53,2388.03,9053.41,1.3,47.31,523.43,2387.99,8141.03,8.3488,0.03,393,2388,100.0,38.9,23.4225,4,4,-1,1.0
20,68,0.0016,0.0004,100.0,518.67,642.18,1586.15,1406.39,14.62,21.61,553.02,2388.13,9058.24,1.3,47.54,521.18,2388.15,8138.03,8.4292,0.03,393,2388,100.0,38.66,23.3743,0,3,-1,1.0
20,68,-0.0011,0.0005,100.0,518.67,642.14,1588.71,1390.21,14.62,21.6,555.51,2388.01,9053.88,1.3,47.14,523.07,2388.03,8140.63,8.3668,0.03,392,2388,100.0,39.1,23.393,4,4,4,1.0
20,69,-0.0004,0.0,100.0,518.67,642.28,1592.13,1404.19,14.62,21.61,553.28,2388.11,9051.34,1.3,47.38,521.29,2388.1,8138.39,8.4573,0.03,393,2388,100.0,38.73,23.302,0,3,3,1.0
20,69,-0.0006,0.0004,100.0,518.67,642.37,1578.1,1393.74,14.62,21.6,555.24,2388.0,9055.89,1.3,47.09,523.01,2388.02,8142.99,8.4119,0.03,392,2388,100.0,39.12,23.4183,4,4,4,1.0
20,70,0.0006,-0.0002,100.0,518.67,642.5,1590.96,1408.9,14.62,21.61,553.18,2388.1,9056.14,1.3,47.45,520.96,2388.1,8141.09,8.4021,0.03,393,2388,100.0,38.81,23.3289,0,3,-1,1.0
20,70,0.0007,0.0004,100.0,518.67,641.87,1587.93,1397.2,14.62,21.6,555.41,2387.97,9056.01,1.3,47.3,523.41,2388.06,8140.16,8.3873,0.03,392,2388,100.0,38.96,23.3998,4,4,-1,1.0
20,71,0.0023,0.0002,100.0,518.67,642.34,1588.94,1406.93,14.62,21.61,553.5,2388.12,9051.52,1.3,47.5,521.51,2388.12,8136.06,8.4797,0.03,394,2388,100.0,38.93,23.2532,0,3,3,1.0
20,71,-0.0003,0.0,100.0,518.67,641.84,1582.45,1394.87,14.62,21.6,555.77,2388.05,9055.65,1.3,47.18,523.72,2388.08,8140.05,8.4035,0.03,391,2388,100.0,39.09,23.491,4,4,-1,1.0
20,72,-0.0006,0.0003,100.0,518.67,642.73,1590.7,1398.84,14.62,21.61,553.74,2388.08,9057.53,1.3,47.62,521.81,2388.06,8137.81,8.4701,0.03,391,2388,100.0,38.83,23.2108,0,3,-1,1.0
20,72,-0.0005,-0.0002,100.0,518.67,641.92,1578.52,1399.66,14.62,21.6,556.41,2388.06,9055.79,1.3,47.35,524.59,2388.03,8140.49,8.3667,0.03,392,2388,100.0,39.14,23.5308,4,4,-1,1.0
20,73,-0.0019,0.0001,100.0,518.67,642.35,1594.4,1402.21,14.62,21.61,553.97,2388.07,9054.38,1.3,47.66,521.12,2388.05,8138.22,8.4661,0.03,392,2388,100.0,38.79,23.1704,0,3,-1,1.0
20,73,0.0006,-0.0001,100.0,518.67,642.43,1583.52,1401.6,14.62,21.6,555.86,2388.04,9056.09,1.3,47.26,523.47,2387.98,8139.74,8.3772,0.03,391,2388,100.0,39.28,23.4248,4,4,-1,1.0
20,74,-0.0028,-0.0001,100.0,518.67,642.53,1597.95,1414.01,14.62,21.61,553.44,2388.1,9053.35,1.3,47.5,521.42,2388.1,8138.45,8.4571,0.03,393,2388,100.0,38.95,23.3986,0,3,-1,1.0
20,74,0.0044,0.0002,100.0,518.67,642.33,1582.16,1394.07,14.62,21.6,556.59,2388.1,9066.77,1.3,47.05,523.59,2388.05,8140.82,8.3512,0.03,392,2388,100.0,39.06,23.6193,4,4,-1,1.0
20,75,0.0016,0.0003,100.0,518.67,642.98,1587.91,1406.72,14.62,21.61,553.37,2388.09,9060.42,1.3,47.62,521.87,2388.15,8133.54,8.4613,0.03,394,2388,100.0,38.87,23.3528,0,3,-1,1.0
20,75,-0.0024,0.0005,100.0,518.67,642.56,1576.92,1396.13,14.62,21.6,555.49,2388.06,9057.55,1.3,47.27,523.73,2388.02,8144.82,8.3751,0.03,392,2388,100.0,39.14,23.4894,4,4,4,1.0
20,76,0.0001,-0.0005,100.0,518.67,642.12,1592.48,1399.4,14.62,21.61,553.62,2388.09,9060.13,1.3,47.53,521.42,2388.03,8138.96,8.4348,0.03,394,2388,100.0,38.76,23.3029,0,3,-1,1.0
20,76,0.0023,-0.0004,100.0,518.67,641.76,1577.05,1390.63,14.62,21.6,555.85,2388.02,9062.79,1.3,47.07,524.19,2388.08,8146.03,8.3658,0.03,393,2388,100.0,39.3,23.3958,4,4,4,1.0
20,77,-0.0014,0.0001,100.0,518.67,642.5,1589.91,1410.4,14.62,21.61,552.55,2388.05,9059.14,1.3,47.52,521.94,2388.04,8137.35,8.4364,0.03,393,2388,100.0,38.81,23.3197,0,3,-1,1.0
20,77,-0.002,-0.0001,100.0,518.67,642.15,1584.44,1403.07,14.62,21.6,555.47,2388.0,9055.25,1.3,47.26,523.97,2387.99,8141.82,8.3748,0.03,393,2388,100.0,38.97,23.4428,4,4,4,1.0
20,78,-0.004,-0.0001,100.0,518.67,642.18,1586.29,1406.63,14.62,21.61,552.46,2388.07,9060.2,1.3,47.49,521.75,2388.11,8139.68,8.4145,0.03,393,2388,100.0,38.77,23.3192,0,3,-1,1.0
20,78,0.0016,-0.0003,100.0,518.67,642.24,1584.43,1398.99,14.62,21.6,556.04,2388.05,9051.82,1.3,47.16,524.46,2388.08,8142.86,8.3684,0.03,391,2388,100.0,39.07,23.4077,4,4,-1,1.0
20,79,-0.0005,-0.0004,100.0,518.67,642.58,1586.81,1414.27,14.62,21.61,553.35,2388.12,9064.77,1.3,47.51,521.42,2388.12,8133.79,8.43,0.03,393,2388,100.0,38.83,23.2583,0,3,-1,1.0
20,79,-0.0034,-0.0003,100.0,518.67,642.23,1589.09,1397.82,14.62,21.6,554.99,2388.03,9058.83,1.3,47.24,523.89,2388.08,8137.58,8.3674,0.03,391,2388,100.0,39.11,23.5277,4,4,-1,1.0
20,80,-0.0018,-0.0003,100.0,518.67,642.4,1589.25,1413.43,14.62,21.61,553.35,2388.11,9061.18,1.3,47.46,521.93,2388.08,8144.03,8.4315,0.03,393,2388,100.0,38.8,23.2943,0,3,-1,1.0
20,80,-0.0019,-0.0004,100.0,518.67,642.13,1577.54,1389.04,14.62,21.6,555.9,2387.97,9055.35,1.3,47.28,523.56,2388.07,8134.78,8.3451,0.03,391,2388,100.0,39.2,23.5492,4,4,4,1.0
20,81,0.0011,-0.0003,100.0,518.67,643.09,1589.36,1411.33,14.62,21.61,553.64,2388.11,9059.98,1.3,47.63,521.34,2388.06,8139.33,8.448,0.03,393,2388,100.0,38.76,23.4235,0,3,-1,1.0
20,81,-0.0032,0.0002,100.0,518.67,642.31,1584.49,1396.96,14.62,21.6,555.98,2388.03,9055.71,1.3,47.17,523.35,2388.02,8136.39,8.4102,0.03,391,2388,100.0,38.94,23.4505,4,4,-1,1.0
20,82,0.0057,0.0,100.0,518.67,642.54,1593.93,1411.86,14.62,21.61,553.48,2388.1,9060.64,1.3,47.55,521.62,2388.15,8136.89,8.4394,0.03,391,2388,100.0,38.96,23.2727,0,3,-1,1.0
20,82,-0.0005,-0.0002,100.0,518.67,642.17,1589.87,1399.52,14.62,21.6,555.71,2388.04,9062.27,1.3,47.06,523.76,2388.05,8145.39,8.3838,0.03,392,2388,100.0,39.14,23.4968,4,4,4,1.0
20,83,0.0004,0.0005,100.0,518.67,643.2,1596.52,1402.75,14.62,21.61,552.49,2388.17,9057.86,1.3,47.63,521.06,2388.1,8137.93,8.4846,0.03,391,2388,100.0,38.69,23.3133,0,3,-1,1.0
20,83,0.0035,-0.0003,100.0,518.67,642.21,1578.91,1399.66,14.62,21.6,556.68,2388.05,9056.6,1.3,47.2,523.51,2388.03,8135.87,8.3808,0.03,390,2388,100.0,39.01,23.421,4,4,4,1.0
20,84,-0.0006,-0.0004,100.0,518.67,642.37,1588.61,1408.82,14.62,21.61,553.53,2388.13,9060.71,1.3,47.44,521.36,2388.1,8142.83,8.4453,0.03,392,2388,100.0,38.75,23.2789,0,3,-1,1.0
20,84,0.0026,0.0001,100.0,518.67,642.47,1585.96,1393.47,14.62,21.6,555.96,2388.04,9053.94,1.3,47.19,523.25,2387.98,8140.95,8.4066,0.03,392,2388,100.0,39.11,23.499,4,4,-1,1.0
20,85,-0.0031,0.0001,100.0,518.67,642.22,1587.6,1412.57,14.62,21.61,552.57,2388.08,9061.08,1.3,47.47,521.51,2388.14,8136.87,8.4454,0.03,393,2388,100.0,38.78,23.2369,0,3,-1,1.0
20,85,-0.0015,0.0004,100.0,518.67,642.44,1581.75,1400.95,14.62,21.6,555.85,2388.05,9050.38,1.3,47.15,523.46,2388.09,8141.46,8.345,0.03,392,2388,100.0,39.02,23.4614,4,4,-1,1.0
20,86,-0.0002,-0.0001,100.0,518.67,642.97,1590.15,1406.15,14.62,21.61,553.18,2388.11,9060.7,1.3,47.42,521.61,2388.09,8139.44,8.4384,0.03,394,2388,100.0,38.69,23.4045,0,3,-1,1.0
20,86,-0.0006,0.0002,100.0,518.67,642.28,1583.83,1388.93,14.62,21.6,555.41,2388.05,9055.47,1.3,47.07,523.51,2388.01,8137.83,8.3648,0.03,390,2388,100.0,39.08,23.5338,4,4,-1,1.0
20,87,0.002,-0.0003,100.0,518.67,642.16,1592.56,1410.69,14.62,21.61,553.44,2388.08,9064.7,1.3,47.53,521.61,2388.09,8137.5,8.4147,0.03,393,2388,100.0,38.84,23.2796,0,3,-1,1.0
20,87,0.0008,-0.0005,100.0,518.67,642.54,1587.26,1394.89,14.62,21.6,555.42,2388.01,9057.27,1.3,47.13,523.47,2388.05,8138.87,8.4143,0.03,391,2388,100.0,39.07,23.4052,4,4,-1,1.0
20,88,0.003,-0.0004,100.0,518.67,642.49,1595.1,1411.53,14.62,21.61,553.55,2388.18,9063.09,1.3,47.52,521.16,2388.21,8136.92,8.4409,0.03,392,2388,100.0,38.98,23.3322,0,3,-1,1.0
20,88,-0.0014,-0.0003,100.0,518.67,642.13,1579.59,1393.3,14.62,21.6,555.78,2388.0,9055.77,1.3,47.32,523.88,2387.98,8141.45,8.3146,0.03,391,2388,100.0,39.19,23.4459,4,4,-1,1.0
20,89,-0.0001,0.0,100.0,518.67,642.69,1593.79,1412.23,14.62,21.61,552.42,2388.07,9057.21,1.3,47.46,521.56,2388.12,8140.19,8.4741,0.03,393,2388,100.0,38.84,23.311,0,3,-1,1.0
20,89,0.0012,0.0003,100.0,518.67,641.88,1584.22,1396.4,14.62,21.6,554.68,2388.04,9055.41,1.3,47.15,523.53,2388.01,8138.87,8.3981,0.03,392,2388,100.0,39.22,23.4433,4,4,4,1.0
20,90,-0.0024,-0.0004,100.0,518.67,643.07,1594.25,1408.04,14.62,21.61,552.72,2388.1,9058.73,1.3,47.44,521.64,2388.1,8140.22,8.4137,0.03,394,2388,100.0,38.79,23.3096,0,3,-1,1.0
20,90,-0.0007,-0.0005,100.0,518.67,642.28,1583.88,1398.61,14.62,21.61,556.04,2387.98,9060.97,1.3,47.13,523.54,2388.05,8143.32,8.3628,0.03,390,2388,100.0,39.05,23.5048,4,4,-1,1.0
20,91,-0.0002,-0.0,100.0,518.67,642.47,1589.57,1407.24,14.62,21.61,552.62,2388.11,9054.59,1.3,47.51,521.41,2388.11,8140.43,8.4123,0.03,395,2388,100.0,38.76,23.2504,0,3,-1,1.0
20,91,0.0022,0.0005,100.0,518.67,642.18,1585.4,1395.48,14.62,21.6,556.29,2388.08,9054.37,1.3,47.18,523.13,2388.07,8136.95,8.3638,0.03,392,2388,100.0,39.18,23.4857,4,4,-1,1.0
20,92,-0.0006,-0.0003,100.0,518.67,643.2,1586.33,1414.36,14.62,21.61,554.05,2388.05,9057.93,1.3,47.73,521.25,2388.06,8135.7,8.4384,0.03,393,2388,100.0,38.76,23.1659,0,3,-1,1.0
20,92,-0.0023,0.0002,100.0,518.67,641.7,1584.52,1390.06,14.62,21.6,556.17,2388.02,9058.04,1.3,47.14,523.59,2388.08,8136.37,8.3993,0.03,391,2388,100.0,39.07,23.5211,4,4,-1,1.0
20,93,0.0042,-0.0003,100.0,518.67,642.66,1601.51,1409.78,14.62,21.61,553.41,2388.08,9058.76,1.3,47.62,521.27,2388.1,8141.85,8.466,0.03,393,2388,100.0,38.86,23.2592,0,3,-1,1.0
20,93,-0.0003,0.0002,100.0,518.67,641.86,1577.83,1388.66,14.62,21.6,555.91,2388.03,9051.56,1.3,47.12,523.34,2387.99,8136.49,8.3703,0.03,392,2388,100.0,39.14,23.3923,4,4,-1,1.0
20,94,-0.0006,-0.0002,100.0,518.67,643.05,1589.38,1406.97,14.62,21.61,553.78,2388.1,9067.19,1.3,47.56,521.88,2388.1,8140.89,8.4072,0.03,394,2388,100.0,38.79,23.3717,0,3,-1,1.0
20,94,0.0007,-0.0005,100.0,518.67,642.44,1596.67,1396.33,14.62,21.6,555.01,2388.07,9057.93,1.3,47.27,523.27,2388.08,8139.54,8.3842,0.03,392,2388,100.0,39.14,23.4807,4,4,-1,1.0
20,95,0.0031,-0.0003,100.0,518.67,642.89,1597.01,1403.4,14.62,21.61,552.71,2388.07,9058.17,1.3,47.42,521.86,2388.14,8138.41,8.4386,0.03,394,2388,100.0,38.87,23.3039,0,3,-1,1.0
20,95,0.0034,-0.0001,100.0,518.67,641.26,1589.57,1394.2,14.62,21.6,554.55,2388.04,9053.27,1.3,47.25,523.5,2388.06,8139.57,8.3722,0.03,392,2388,100.0,39.08,23.3792,4,4,4,1.0
20,96,0.0016,0.0001,100.0,518.67,642.86,1593.33,1408.4,14.62,21.61,552.9,2388.04,9062.9,1.3,47.59,521.16,2388.15,8143.51,8.4466,0.03,393,2388,100.0,38.78,23.3181,0,3,-1,1.0
20,96,-0.0019,0.0004,100.0,518.67,641.99,1581.7,1397.22,14.62,21.6,555.65,2388.05,9057.19,1.3,47.34,524.34,2388.04,8140.41,8.3695,0.03,391,2388,100.0,38.96,23.5051,4,4,-1,1.0
20,97,0.004,-0.0002,100.0,518.67,643.38,1590.61,1408.42,14.62,21.61,552.93,2388.12,9060.69,1.3,47.65,521.0,2388.06,8135.99,8.4367,0.03,392,2388,100.0,38.94,23.2089,0,3,-1,1.0
20,97,-0.0005,-0.0004,100.0,518.67,641.68,1577.32,1396.54,14.62,21.6,555.3,2388.02,9055.12,1.3,47.16,523.55,2388.01,8138.2,8.4236,0.03,391,2388,100.0,39.17,23.4296,4,4,-1,1.0
20,98,0.0006,0.0003,100.0,518.67,643.09,1596.53,1403.14,14.62,21.61,553.54,2388.15,9062.55,1.3,47.63,521.71,2388.08,8140.95,8.4485,0.03,393,2388,100.0,38.88,23.335,0,3,3,1.0
20,98,-0.0006,0.0004,100.0,518.67,642.15,1591.88,1392.82,14.62,21.6,555.97,2388.09,9049.72,1.3,47.25,523.63,2387.99,8146.21,8.3796,0.03,392,2388,100.0,39.25,23.5439,4,4,-1,1.0
20,99,0.0023,-0.0001,100.0,518.67,642.29,1591.27,1415.57,14.62,21.61,553.43,2388.13,9060.61,1.3,47.42,521.24,2388.11,8137.55,8.4493,0.03,393,2388,100.0,38.93,23.2234,0,3,-1,1.0
20,99,0.0014,-0.0002,100.0,518.67,642.38,1580.62,1395.08,14.62,21.6,554.89,2388.02,9052.27,1.3,47.26,523.04,2388.03,8143.08,8.3559,0.03,391,2388,100.0,39.13,23.5129,4,4,-1,1.0
20,100,-0.0008,0.0004,100.0,518.67,642.87,1592.56,1405.75,14.62,21.61,553.07,2388.05,9057.92,1.3,47.54,521.03,2388.13,8139.39,8.4343,0.03,394,2388,100.0,38.65,23.2563,0,3,3,1.0
20,100,0.0002,-0.0002,100.0,518.67,641.94,1585.02,1397.29,14.62,21.6,555.24,2388.0,9054.03,1.3,47.32,523.36,2388.03,8140.55,8.3949,0.03,392,2388,100.0,39.18,23.3764,4,4,-1,1.0
20,101,-0.0013,-0.0004,100.0,518.67,642.28,1588.07,1409.94,14.62,21.61,553.09,2388.09,9058.91,1.3,47.62,520.88,2388.11,8133.74,8.4615,0.03,393,2388,100.0,38.97,23.3331,0,3,-1,1.0
20,101,0.002,-0.0003,100.0,518.67,642.16,1581.32,1402.76,14.62,21.6,556.79,2388.07,9056.77,1.3,47.19,524.0,2388.02,8138.64,8.3627,0.03,392,2388,100.0,39.1,23.5157,4,4,-1,1.0
20,102,0.0005,-0.0001,100.0,518.67,642.94,1591.15,1404.37,14.62,21.61,553.17,2388.11,9058.9,1.3,47.66,521.08,2388.08,8141.74,8.457,0.03,393,2388,100.0,38.76,23.2615,0,3,-1,1.0
20,102,-0.0019,-0.0004,100.0,518.67,642.7,1581.13,1396.48,14.62,21.6,555.88,2387.94,9053.9,1.3,46.98,523.74,2388.02,8143.3,8.3343,0.03,390,2388,100.0,39.02,23.5223,4,4,-1,1.0
20,103,-0.0007,0.0003,100.0,518.67,643.16,1594.68,1407.17,14.62,21.61,553.25,2388.08,9058.04,1.3,47.46,521.75,2388.12,8135.38,8.446,0.03,393,2388,100.0,38.8,23.2814,0,3,-1,1.0
20,103,0.0012,0.0001,100.0,518.67,642.04,1583.9,1391.54,14.62,21.6,555.76,2388.04,9054.97,1.3,47.21,523.22,2388.03,8138.31,8.3848,0.03,390,2388,100.0,39.16,23.4657,4,4,-1,1.0
20,104,-0.0058,0.0002,100.0,518.67,643.13,1587.03,1406.89,14.62,21.61,553.12,2388.13,9060.65,1.3,47.34,521.71,2388.04,8139.02,8.4214,0.03,391,2388,100.0,38.82,23.2237,0,3,-1,1.0
20,104,0.0004,-0.0002,100.0,518.67,641.98,1576.59,1392.41,14.62,21.6,556.55,2388.09,9053.52,1.3,47.07,523.22,2388.1,8143.03,8.3897,0.03,393,2388,100.0,39.17,23.5443,4,4,4,1.0
20,105,0.0034,-0.0003,100.0,518.67,642.76,1580.84,1413.8,14.62,21.61,552.45,2388.08,9057.16,1.3,47.66,521.21,2388.06,8145.59,8.4386,0.03,393,2388,100.0,38.79,23.3195,0,3,-1,1.0
20,105,-0.0002,0.0001,100.0,518.67,641.27,1579.09,1395.56,14.62,21.6,555.79,2388.07,9062.48,1.3,47.22,523.27,2388.1,8137.21,8.3552,0.03,392,2388,100.0,39.24,23.4968,4,4,-1,1.0
20,106,-0.0011,-0.0002,100.0,518.67,642.22,1589.26,1413.83,14.62,21.61,553.31,2388.13,9066.42,1.3,47.45,521.45,2388.12,8138.85,8.4393,0.03,395,2388,100.0,38.72,23.2713,0,3,-1,1.0
20,106,-0.0036,-0.0003,100.0,518.67,642.11,1578.81,1400.53,14.62,21.6,555.92,2388.0,9057.41,1.3,47.06,524.0,2388.08,8141.81,8.3513,0.03,392,2388,100.0,39.17,23.423,4,4,-1,1.0
20,107,0.0017,0.0003,100.0,518.67,642.56,1588.92,1410.89,14.62,21.61,552.87,2388.14,9062.07,1.3,47.66,521.11,2388.14,8136.64,8.4372,0.03,393,2388,100.0,38.67,23.2237,0,3,-1,1.0
20,107,-0.0001,0.0004,100.0,518.67,642.3,1587.46,1396.3,14.62,21.6,555.47,2388.03,9049.66,1.3,47.3,523.06,2388.01,8139.92,8.3629,0.03,392,2388,100.0,39.27,23.5238,4,4,-1,1.0
20,108,-0.0007,-0.0002,100.0,518.67,642.32,1585.96,1408.45,14.62,21.61,553.24,2388.12,9060.99,1.3,47.57,521.68,2388.1,8143.61,8.4528,0.03,393,2388,100.0,38.82,23.3125,0,3,3,1.0
20,108,0.0037,-0.0002,100.0,518.67,642.32,1584.17,1401.06,14.62,21.6,556.29,2388.01,9063.3,1.3,47.11,523.08,2388.04,8138.41,8.3836,0.03,392,2388,100.0,39.13,23.4129,4,4,-1,1.0
20,109,0.0028,0.0002,100.0,518.67,642.53,1588.51,1409.0,14.62,21.61,552.52,2388.15,9056.66,1.3,47.45,521.38,2388.1,8141.68,8.4349,0.03,392,2388,100.0,38.79,23.2156,0,3,-1,1.0
20,109,-0.0,0.0002,100.0,518.67,641.98,1585.19,1396.42,14.62,21.6,555.44,2388.02,9057.87,1.3,47.18,523.56,2388.02,8141.18,8.3816,0.03,391,2388,100.0,39.29,23.4652,4,4,-1,1.0
20,110,-0.0006,0.0004,100.0,518.67,642.62,1584.45,1410.61,14.62,21.61,553.03,2388.08,9060.64,1.3,47.78,520.91,2388.09,8135.35,8.4366,0.03,392,2388,100.0,38.74,23.2607,0,3,-1,1.0
20,110,0.0006,0.0002,100.0,518.67,641.74,1587.34,1400.75,14.62,21.6,555.97,2388.07,9060.89,1.3,47.03,524.13,2388.04,8136.36,8.3482,0.03,393,2388,100.0,39.06,23.4313,4,4,-1,1.0
20,111,-0.0035,-0.0004,100.0,518.67,642.86,1590.05,1405.06,14.62,21.61,553.36,2388.1,9053.91,1.3,47.58,521.45,2388.11,8138.37,8.434,0.03,393,2388,100.0,38.94,23.2636,0,3,-1,1.0
20,111,0.0021,0.0002,100.0,518.67,642.28,1587.58,1393.39,14.62,21.6,556.01,2388.06,9058.22,1.3,47.19,523.89,2388.02,8140.22,8.3683,0.03,391,2388,100.0,39.18,23.3257,4,4,-1,1.0
20,112,-0.0011,-0.0005,100.0,518.67,642.58,1592.34,1419.48,14.62,21.61,553.64,2388.16,9061.63,1.3,47.73,520.82,2388.07,8140.16,8.4348,0.03,394,2388,100.0,38.69,23.3227,0,3,-1,1.0
20,112,0.0004,-0.0001,100.0,518.67,642.11,1583.08,1393.18,14.62,21.6,555.91,2388.06,9058.63,1.3,47.2,523.41,2388.12,8137.91,8.364,0.03,391,2388,100.0,39.29,23.5233,4,4,-1,1.0
20,113,-0.0006,0.0003,100.0,518.67,642.96,1592.95,1407.37,14.62,21.61,553.42,2388.07,9063.84,1.3,47.54,520.45,2388.1,8134.47,8.4672,0.03,393,2388,100.0,38.83,23.3092,0,3,3,1.0
20,113,0.0007,0.0001,100.0,518.67,641.92,1584.82,1405.75,14.62,21.6,555.47,2388.07,9052.67,1.3,47.08,524.04,2388.03,8146.1,8.3744,0.03,391,2388,100.0,39.07,23.4565,4,4,-1,1.0
20,114,0.0036,-0.0003,100.0,518.67,642.98,1593.88,1403.16,14.62,21.61,553.35,2388.07,9060.6,1.3,47.59,521.51,2388.06,8136.78,8.47,0.03,393,2388,100.0,38.77,23.2415,0,3,-1,1.0
20,114,0.0017,-0.0001,100.0,518.67,641.99,1582.21,1399.24,14.62,21.6,556.42,2388.1,9060.03,1.3,47.09,523.33,2387.99,8144.01,8.3916,0.03,391,2388,100.0,39.3,23.4416,4,4,4,1.0
20,115,-0.0,-0.0001,100.0,518.67,642.73,1592.16,1412.45,14.62,21.61,553.3,2388.08,9060.14,1.3,47.5,521.76,2388.1,8140.81,8.4493,0.03,394,2388,100.0,38.73,23.2474,0,3,-1,1.0
20,115,0.0012,-0.0004,100.0,518.67,641.89,1581.15,1398.31,14.62,21.6,556.0,2388.02,9057.32,1.3,47.04,523.63,2388.03,8136.7,8.3592,0.03,392,2388,100.0,39.2,23.5035,4,4,-1,1.0
20,116,0.0014,-0.0002,100.0,518.67,642.47,1595.27,1408.38,14.62,21.61,553.0,2388.17,9065.59,1.3,47.82,521.45,2388.12,8140.34,8.4435,0.03,394,2388,100.0,38.72,23.2964,0,3,3,1.0
20,116,-0.001,-0.0,100.0,518.67,642.02,1593.47,1395.88,14.62,21.6,555.96,2388.04,9058.73,1.3,47.24,524.01,2388.04,8136.37,8.3906,0.03,392,2388,100.0,39.05,23.5157,4,4,-1,1.0
20,117,0.0019,0.0004,100.0,518.67,643.06,1590.81,1416.9,14.62,21.61,553.62,2388.13,9058.63,1.3,47.69,521.68,2388.08,8138.99,8.4683,0.03,392,2388,100.0,38.77,23.2988,0,3,-1,1.0
20,117,0.0003,-0.0003,100.0,518.67,642.27,1581.79,1393.94,14.62,21.6,555.7,2388.1,9066.43,1.3,47.21,523.87,2388.09,8137.76,8.3821,0.03,392,2388,100.0,38.89,23.5543,4,4,4,1.0
20,118,-0.0,0.0004,100.0,518.67,642.55,1587.34,1415.72,14.62,21.61,553.6,2388.17,9055.04,1.3,47.73,520.89,2388.15,8136.46,8.4446,0.03,393,2388,100.0,38.81,23.3293,0,3,-1,1.0
20,118,-0.0048,-0.0004,100.0,518.67,641.73,1585.32,1399.42,14.62,21.6,556.22,2388.07,9058.87,1.3,47.38,523.35,2388.04,8142.33,8.3769,0.03,392,2388,100.0,39.0,23.4432,4,4,-1,1.0
20,119,-0.0013,-0.0002,100.0,518.67,642.55,1592.14,1407.61,14.62,21.61,553.54,2388.12,9057.24,1.3,47.69,521.52,2388.05,8134.77,8.4563,0.03,394,2388,100.0,38.76,23.3315,0,3,-1,1.0
20,119,-0.003,-0.0003,100.0,518.67,642.44,1582.65,1398.12,14.62,21.6,555.96,2388.04,9060.98,1.3,47.07,523.73,2388.03,8142.62,8.367,0.03,391,2388,100.0,39.21,23.4813,4,4,-1,1.0
20,120,0.0021,0.0004,100.0,518.67,642.58,1586.67,1410.99,14.62,21.61,553.0,2388.11,9068.42,1.3,47.5,520.77,2388.07,8140.96,8.4339,0.03,394,2388,100.0,38.89,23.2364,0,3,-1,1.0
20,120,-0.0,0.0002,100.0,518.67,642.51,1573.13,1391.8,14.62,21.6,555.84,2388.04,9051.01,1.3,47.17,524.0,2388.06,8140.21,8.404,0.03,391,2388,100.0,39.05,23.5357,4,4,-1,1.0
20,121,0.0013,-0.0001,100.0,518.67,642.96,1591.04,1409.02,14.62,21.61,553.11,2388.09,9062.11,1.3,47.62,521.53,2388.04,8146.45,8.453,0.03,395,2388,100.0,38.68,23.3508,0,3,-1,1.0
20,121,-0.0029,-0.0004,100.0,518.67,642.04,1582.7,1403.45,14.62,21.6,556.79,2388.03,9058.0,1.3,47.22,523.59,2388.04,8143.36,8.3663,0.03,392,2388,100.0,39.03,23.4668,4,4,-1,1.0
20,122,-0.0003,-0.0,100.0,518.67,642.71,1590.26,1421.62,14.62,21.61,552.8,2388.14,9063.95,1.3,47.62,521.54,2388.1,8141.91,8.4346,0.03,394,2388,100.0,38.59,23.2506,0,3,-1,1.0
20,122,-0.0014,-0.0002,100.0,518.67,642.41,1585.91,1395.29,14.62,21.6,556.95,2388.02,9052.36,1.3,47.3,524.57,2388.06,8146.14,8.3731,0.03,391,2388,100.0,39.18,23.5289,4,4,-1,1.0
20,123,-0.0005,0.0002,100.0,518.67,642.68,1587.22,1414.97,14.62,21.61,552.77,2388.12,9061.94,1.3,47.62,520.98,2388.14,8138.06,8.4516,0.03,394,2388,100.0,38.73,23.3264,0,3,-1,1.0
20,123,0.0004,0.0002,100.0,518.67,642.35,1584.43,1398.0,14.62,21.6,554.58,2388.04,9054.54,1.3,47.13,523.91,2388.01,8141.05,8.3623,0.03,392,2388,100.0,38.98,23.4442,4,4,4,1.0
20,124,0.0013,-0.0005,100.0,518.67,642.56,1596.01,1415.17,14.62,21.61,553.2,2388.1,9057.88,1.3,47.63,521.36,2388.11,8143.78,8.4437,0.03,394,2388,100.0,38.82,23.2722,0,3,3,1.0
20,124,-0.0021,-0.0003,100.0,518.67,642.16,1586.11,1397.83,14.62,21.6,556.4,2388.05,9065.72,1.3,47.21,524.24,2388.04,8137.18,8.3952,0.03,391,2388,100.0,39.06,23.4144,4,4,-1,1.0
20,125,0.0051,0.0005,100.0,518.67,642.56,1593.75,1409.01,14.62,21.61,553.45,2388.16,9056.81,1.3,47.71,521.65,2388.12,8140.99,8.4587,0.03,394,2388,100.0,38.69,23.2647,0,3,-1,1.0
20,125,-0.0028,0.0002,100.0,518.67,641.75,1576.29,1401.53,14.62,21.6,556.41,2388.12,9055.4,1.3,47.02,523.85,2388.02,8140.97,8.3681,0.03,391,2388,100.0,39.05,23.4991,4,4,-1,1.0
20,126,0.003,-0.0001,100.0,518.67,642.91,1596.42,1413.12,14.62,21.61,552.71,2388.13,9052.58,1.3,47.61,521.36,2388.1,8137.46,8.4697,0.03,394,2388,100.0,38.79,23.2043,0,3,-1,1.0
20,126,0.0041,0.0003,100.0,518.67,642.58,1589.56,1399.41,14.62,21.6,555.9,2388.0,9063.49,1.3,47.42,524.01,2388.09,8141.99,8.3769,0.03,390,2388,100.0,39.32,23.4853,4,4,-1,1.0
20,127,-0.0005,-0.0,100.0,518.67,642.92,1594.01,1413.4,14.62,21.61,553.42,2388.11,9059.41,1.3,47.52,521.07,2388.12,8141.13,8.4333,0.03,393,2388,100.0,38.68,23.2313,0,3,-1,1.0
20,127,-0.002,-0.0004,100.0,518.67,641.8,1579.52,1392.5,14.62,21.6,555.54,2387.96,9054.13,1.3,47.19,523.32,2388.01,8145.25,8.3424,0.03,392,2388,100.0,39.2,23.415,4,4,-1,1.0
20,128,-0.0044,0.0003,100.0,518.67,642.74,1595.71,1411.4,14.62,21.61,553.37,2388.1,9060.8,1.3,47.52,521.67,2388.12,8136.86,8.4356,0.03,393,2388,100.0,38.76,23.2587,0,3,-1,1.0
20,128,0.0009,-0.0003,100.0,518.67,642.65,1580.09,1397.09,14.62,21.6,555.71,2388.04,9053.17,1.3,47.32,523.76,2388.09,8138.99,8.367,0.03,390,2388,100.0,39.14,23.4711,4,4,-1,1.0
20,129,0.0015,-0.0005,100.0,518.67,642.25,1594.04,1421.01,14.62,21.61,553.44,2388.11,9055.94,1.3,47.79,521.6,2388.13,8137.32,8.4173,0.03,393,2388,100.0,38.82,23.242,0,3,-1,1.0
20,129,0.0008,0.0002,100.0,518.67,642.31,1587.46,1392.14,14.62,21.6,555.7,2388.03,9054.15,1.3,47.42,523.9,2388.08,8141.37,8.3893,0.03,391,2388,100.0,39.01,23.4958,4,4,-1,1.0
20,130,0.002,-0.0003,100.0,518.67,642.45,1592.86,1408.14,14.62,21.61,552.54,2388.1,9068.84,1.3,47.67,521.28,2388.14,8139.68,8.4576,0.03,394,2388,100.0,38.74,23.3206,0,3,-1,1.0
20,130,-0.0003,0.0002,100.0,518.67,642.12,1581.87,1400.96,14.62,21.6,555.86,2388.01,9061.27,1.3,47.27,523.83,2388.04,8141.7,8.3871,0.03,392,2388,100.0,39.27,23.5554,4,4,-1,1.0
20,131,0.0,0.0003,100.0,518.67,642.69,1586.67,1413.62,14.62,21.61,552.36,2388.13,9066.88,1.3,47.57,521.39,2388.13,8141.46,8.4446,0.03,394,2388,100.0,38.81,23.3337,0,3,-1,1.0
20,131,0.0,0.0005,100.0,518.67,641.76,1584.37,1399.34,14.62,21.6,556.15,2388.08,9057.81,1.3,47.16,523.99,2388.07,8144.78,8.391,0.03,391,2388,100.0,39.08,23.4608,4,4,-1,1.0
20,132,-0.0005,0.0003,100.0,518.67,642.2,1590.09,1407.34,14.62,21.61,553.17,2388.13,9066.64,1.3,47.7,520.54,2388.14,8139.06,8.4121,0.03,394,2388,100.0,38.61,23.2953,0,3,-1,1.0
20,132,-0.001,0.0005,100.0,518.67,642.42,1577.35,1396.24,14.62,21.6,556.77,2388.09,9057.33,1.3,47.26,524.16,2388.08,8145.4,8.4064,0.03,391,2388,100.0,39.01,23.5212,4,4,-1,1.0
20,133,0.0002,-0.0,100.0,518.67,642.58,1594.52,1410.09,14.62,21.61,553.19,2388.11,9058.5,1.3,47.59,521.35,2388.13,8137.58,8.4603,0.03,394,2388,100.0,38.71,23.2711,0,3,-1,1.0
20,133,0.0003,0.0004,100.0,518.67,641.95,1588.85,1394.6,14.62,21.6,555.36,2388.09,9059.56,1.3,47.3,524.2,2388.04,8141.12,8.3931,0.03,392,2388,100.0,39.1,23.4773,4,4,-1,1.0
20,134,0.0001,0.0003,100.0,518.67,642.99,1587.89,1415.42,14.62,21.61,553.08,2388.14,9060.12,1.3,47.66,521.31,2388.09,8141.33,8.4661,0.03,393,2388,100.0,38.76,23.3411,0,3,-1,1.0
20,134,-0.0016,-0.0004,100.0,518.67,642.27,1594.63,1394.84,14.62,21.6,556.56,2388.04,9063.72,1.3,47.27,524.28,2388.08,8139.7,8.368,0.03,393,2388,100.0,39.26,23.5329,4,4,-1,1.0
20,135,0.0014,-0.0005,100.0,518.67,642.64,1587.12,1412.36,14.62,21.61,553.02,2388.13,9064.44,1.3,47.52,521.3,2388.12,8135.68,8.451,0.03,394,2388,100.0,38.62,23.1733,0,3,3,1.0
20,135,0.0033,-0.0004,100.0,518.67,642.01,1590.12,1398.82,14.62,21.6,556.33,2388.05,9056.23,1.3,47.16,524.42,2388.05,8141.2,8.4126,0.03,393,2388,100.0,39.1,23.4789,4,4,-1,1.0
20,136,-0.0015,-0.0005,100.0,518.67,642.65,1597.03,1410.97,14.62,21.61,552.89,2388.11,9065.56,1.3,47.59,521.31,2388.14,8137.22,8.4641,0.03,395,2388,100.0,38.93,23.3832,0,3,-1,1.0
20,136,-0.0023,-0.0004,100.0,518.67,641.82,1592.54,1395.69,14.62,21.6,555.96,2388.04,9056.66,1.3,47.35,523.21,2387.98,8137.58,8.3709,0.03,392,2388,100.0,39.16,23.429,4,4,-1,1.0
20,137,-0.0027,-0.0003,100.0,518.67,643.02,1598.18,1413.35,14.62,21.61,553.55,2388.15,9062.39,1.3,47.57,521.57,2388.15,8148.42,8.4452,0.03,394,2388,100.0,38.75,23.3033,0,3,3,1.0
20,137,-0.0015,-0.0003,100.0,518.67,641.92,1585.87,1400.36,14.62,21.6,555.88,2388.06,9062.58,1.3,47.15,523.75,2388.03,8144.92,8.3526,0.03,391,2388,100.0,39.16,23.501,4,4,-1,1.0
20,138,-0.0002,-0.0004,100.0,518.67,642.79,1592.56,1412.27,14.62,21.61,553.55,2388.14,9055.5,1.3,47.61,521.16,2388.17,8139.99,8.4279,0.03,393,2388,100.0,38.67,23.2034,0,3,-1,1.0
20,138,0.0027,-0.0003,100.0,518.67,642.09,1576.14,1402.11,14.62,21.6,556.42,2388.02,9056.55,1.3,47.21,523.42,2388.02,8139.9,8.3767,0.03,392,2388,100.0,38.98,23.4513,4,4,-1,1.0
20,139,-0.0011,-0.0002,100.0,518.67,642.75,1590.01,1410.97,14.62,21.61,552.7,2388.19,9063.08,1.3,47.69,521.44,2388.11,8137.11,8.4398,0.03,394,2388,100.0,38.9,23.1815,0,3,3,1.0
20,139,0.0007,-0.0004,100.0,518.67,641.88,1580.91,1393.75,14.62,21.6,556.37,2388.07,9054.9,1.3,47.19,523.46,2388.0,8143.64,8.3784,0.03,392,2388,100.0,39.27,23.4999,4,4,-1,1.0
20,140,-0.001,-0.0002,100.0,518.67,642.62,1600.27,1407.27,14.62,21.61,553.55,2388.11,9067.59,1.3,47.61,521.22,2388.11,8141.41,8.4628,0.03,394,2388,100.0,38.68,23.2348,0,3,-1,1.0
20,140,0.0042,0.0002,100.0,518.67,641.98,1583.56,1395.07,14.62,21.6,555.53,2387.99,9056.66,1.3,47.11,523.62,2387.99,8138.67,8.3694,0.03,391,2388,100.0,39.03,23.3922,4,4,-1,1.0
20,141,0.0051,0.0004,100.0,518.67,642.9,1599.73,1420.41,14.62,21.61,552.92,2388.14,9062.38,1.3,47.62,521.73,2388.13,8136.49,8.4522,0.03,395,2388,100.0,38.84,23.1094,0,3,-1,1.0
20,141,0.0025,0.0002,100.0,518.67,642.07,1587.45,1390.87,14.62,21.6,556.07,2388.07,9056.97,1.3,47.2,523.81,2388.06,8140.71,8.3711,0.03,392,2388,100.0,39.05,23.4561,4,4,-1,1.0
20,142,0.0034,0.0002,100.0,518.67,642.41,1591.21,1416.28,14.62,21.61,552.97,2388.17,9058.04,1.3,47.58,520.8,2388.1,8142.15,8.418,0.03,393,2388,100.0,38.59,23.2429,0,3,-1,1.0
20,142,-0.002,-0.0002,100.0,518.67,642.02,1587.73,1399.24,14.62,21.6,555.36,2388.04,9058.26,1.3,47.19,523.64,2388.05,8143.84,8.3698,0.03,391,2388,100.0,39.23,23.4538,4,4,-1,1.0
20,143,-0.0005,0.0003,100.0,518.67,643.39,1592.93,1416.04,14.62,21.61,552.6,2388.11,9065.94,1.3,47.51,521.28,2388.08,8141.6,8.4664,0.03,394,2388,100.0,38.69,23.2783,0,3,-1,1.0
20,143,-0.0012,0.0001,100.0,518.67,642.23,1586.08,1401.28,14.62,21.6,555.12,2388.05,9061.45,1.3,47.15,523.7,2388.01,8143.25,8.4019,0.03,391,2388,100.0,39.21,23.4483,4,4,-1,1.0
20,144,-0.0025,0.0004,100.0,518.67,642.72,1594.93,1416.54,14.62,21.61,552.68,2388.11,9070.38,1.3,47.65,521.22,2388.12,8137.22,8.4845,0.03,394,2388,100.0,38.82,23.3204,0,3,-1,1.0
20,144,-0.001,0.0003,100.0,518.67,642.76,1580.98,1403.65,14.62,21.6,556.12,2388.06,9061.67,1.3,47.25,524.0,2388.04,8140.92,8.3662,0.03,390,2388,100.0,39.11,23.51,4,4,-1,1.0
20,145,0.0047,-0.0005,100.0,518.67,642.98,1596.6,1414.15,14.62,21.61,553.46,2388.09,9068.28,1.3,47.67,521.44,2388.14,8143.24,8.4415,0.03,393,2388,100.0,38.54,23.199,0,3,-1,1.0
20,145,0.002,0.0,100.0,518.67,642.16,1573.48,1391.12,14.62,21.6,556.18,2388.05,9061.57,1.3,47.38,523.31,2387.99,8144.27,8.3642,0.03,392,2388,100.0,39.2,23.4623,4,4,-1,1.0
20,146,0.0012,-0.0004,100.0,518.67,643.05,1592.33,1404.64,14.62,21.61,553.24,2388.09,9055.71,1.3,47.82,521.13,2388.1,8136.46,8.4609,0.03,394,2388,100.0,38.67,23.1918,0,3,-1,1.0
20,146,0.0009,0.0004,100.0,518.67,641.82,1588.62,1401.0,14.62,21.6,556.3,2388.02,9061.3,1.3,47.22,523.72,2388.08,8135.97,8.3649,0.03,392,2388,100.0,39.11,23.477,4,4,-1,1.0
20,147,-0.0028,-0.0002,100.0,518.67,643.19,1589.88,1409.92,14.62,21.61,553.99,2388.09,9064.06,1.3,47.71,520.85,2388.11,8138.94,8.4524,0.03,393,2388,100.0,38.78,23.2974,0,3,-1,1.0
20,147,0.0042,0.0004,100.0,518.67,642.02,1582.6,1391.85,14.62,21.6,556.57,2388.09,9063.53,1.3,47.19,523.81,2388.04,8137.52,8.3653,0.03,391,2388,100.0,39.04,23.4775,4,4,-1,1.0
20,148,0.0002,-0.0001,100.0,518.67,642.93,1590.95,1412.77,14.62,21.61,553.18,2388.13,9058.9,1.3,47.68,521.48,2388.12,8136.15,8.4496,0.03,394,2388,100.0,38.75,23.2748,0,3,-1,1.0
20,148,0.0041,-0.0002,100.0,518.67,641.76,1582.49,1400.19,14.62,21.6,556.49,2388.08,9056.98,1.3,47.19,523.58,2388.08,8142.39,8.3389,0.03,394,2388,100.0,39.23,23.5778,4,4,-1,1.0
20,149,0.0016,0.0001,100.0,518.67,643.06,1598.73,1412.56,14.62,21.61,553.72,2388.12,9064.4,1.3,47.69,521.69,2388.16,8140.78,8.4162,0.03,393,2388,100.0,38.7,23.1124,0,3,-1,1.0
20,149,0.0002,0.0005,100.0,518.67,642.08,1592.2,1401.22,14.62,21.6,555.69,2388.09,9064.59,1.3,47.48,524.3,2388.07,8149.19,8.3607,0.03,392,2388,100.0,39.3,23.4675,4,4,-1,1.0
20,150,-0.0005,0.0001,100.0,518.67,642.7,1600.21,1417.73,14.62,21.61,553.35,2388.15,9062.19,1.3,47.64,520.92,2388.17,8142.64,8.4814,0.03,395,2388,100.0,38.75,23.3095,0,3,-1,1.0
20,150,-0.0008,0.0001,100.0,518.67,642.24,1579.57,1396.4,14.62,21.6,555.62,2388.07,9053.39,1.3,47.14,523.83,2388.08,8142.95,8.3708,0.03,391,2388,100.0,39.11,23.4481,4,4,-1,1.0
20,151,0.0034,-0.0,100.0,518.67,643.1,1594.23,1409.21,14.62,21.61,553.05,2388.13,9068.04,1.3,47.8,521.64,2388.08,8143.41,8.4717,0.03,395,2388,100.0,38.69,23.2525,0,3,-1,1.0
20,151,-0.0019,-0.0001,100.0,518.67,641.84,1586.52,1398.25,14.62,21.6,556.18,2388.06,9061.88,1.3,47.33,523.55,2388.02,8138.55,8.3631,0.03,392,2388,100.0,39.15,23.4382,4,4,-1,1.0
20,152,-0.0022,-0.0005,100.0,518.67,642.41,1594.61,1401.58,14.62,21.61,553.04,2388.14,9059.92,1.3,47.59,520.89,2388.16,8134.72,8.4943,0.03,393,2388,100.0,38.74,23.2657,0,3,3,1.0
20,152,-0.001,0.0005,100.0,518.67,641.47,1586.43,1404.8,14.62,21.6,556.07,2388.02,9054.87,1.3,47.08,524.21,2388.03,8148.43,8.3206,0.03,389,2388,100.0,39.14,23.4743,4,4,-1,1.0
20,153,-0.0017,0.0002,100.0,518.67,642.86,1588.39,1412.65,14.62,21.61,553.11,2388.1,9061.32,1.3,47.49,520.98,2388.18,8139.06,8.45,0.03,394,2388,100.0,38.62,23.2965,0,3,-1,1.0
20,153,-0.0021,0.0004,100.0,518.67,641.95,1585.98,1394.31,14.62,21.6,556.14,2388.09,9061.16,1.3,47.24,523.76,2387.98,8139.42,8.3478,0.03,393,2388,100.0,39.1,23.4073,4,4,-1,1.0
20,154,-0.0032,-0.0001,100.0,518.67,642.38,1590.07,1407.12,14.62,21.61,552.94,2388.11,9062.98,1.3,47.79,521.03,2388.11,8145.3,8.4504,0.03,393,2388,100.0,38.76,23.2014,0,3,-1,1.0
20,154,0.0036,-0.0003,100.0,518.67,642.24,1579.91,1399.1,14.62,21.6,555.95,2388.04,9068.36,1.3,47.21,523.32,2388.02,8143.15,8.3751,0.03,392,2388,100.0,39.21,23.5748,4,4,-1,1.0
20,155,-0.0001,0.0004,100.0,518.67,643.09,1593.13,1411.45,14.62,21.61,552.37,2388.1,9059.44,1.3,47.77,520.69,2388.17,8137.89,8.4186,0.03,393,2388,100.0,38.67,23.2963,0,3,-1,1.0
20,155,-0.0013,-0.0,100.0,518.67,642.4,1580.63,1397.38,14.62,21.6,556.65,2388.06,9065.04,1.3,47.29,523.86,2388.06,8141.5,8.3218,0.03,393,2388,100.0,38.84,23.4573,4,4,-1,1.0
20,156,0.0019,0.0001,100.0,518.67,642.73,1591.78,1412.73,14.62,21.61,553.09,2388.09,9070.42,1.3,47.93,521.07,2388.17,8138.18,8.4519,0.03,393,2388,100.0,38.65,23.1988,0,3,0,1.0
20,156,-0.0007,-0.0,100.0,518.67,642.21,1588.96,1406.44,14.62,21.6,556.26,2388.07,9054.86,1.3,47.28,523.73,2388.02,8139.83,8.3822,0.03,391,2388,100.0,39.22,23.5184,4,4,-1,1.0
20,157,-0.0047,-0.0001,100.0,518.67,642.31,1591.12,1418.07,14.62,21.61,552.9,2388.14,9063.64,1.3,47.67,521.33,2388.13,8136.97,8.4801,0.03,394,2388,100.0,38.87,23.2796,0,3,3,1.0
20,157,0.0008,-0.0003,100.0,518.67,642.15,1586.76,1398.98,14.62,21.6,556.42,2388.12,9064.07,1.3,47.26,524.33,2388.04,8142.6,8.3516,0.03,391,2388,100.0,39.31,23.5267,4,4,-1,1.0
20,158,0.0041,0.0001,100.0,518.67,642.44,1594.7,1417.94,14.62,21.61,552.84,2388.17,9063.21,1.3,47.79,521.23,2388.1,8141.89,8.4683,0.03,394,2388,100.0,38.95,23.212,0,3,-1,1.0
20,158,0.0001,0.0004,100.0,518.67,641.84,1582.47,1401.76,14.62,21.6,555.67,2388.07,9060.97,1.3,47.14,524.19,2388.03,8144.13,8.3659,0.03,393,2388,100.0,38.93,23.3969,4,4,-1,1.0
20,159,-0.0027,0.0002,100.0,518.67,642.71,1584.55,1417.95,14.62,21.61,553.34,2388.17,9062.08,1.3,47.65,520.5,2388.12,8140.89,8.4488,0.03,395,2388,100.0,38.63,23.2674,0,3,0,1.0
20,159,0.0059,0.0004,100.0,518.67,642.03,1585.68,1396.85,14.62,21.6,556.03,2388.06,9062.89,1.3,47.33,524.35,2388.05,8144.97,8.3475,0.03,392,2388,100.0,38.94,23.5189,4,4,-1,1.0
20,160,-0.0004,0.0005,100.0,518.67,643.31,1595.32,1415.59,14.62,21.61,552.9,2388.09,9070.25,1.3,47.81,521.27,2388.14,8142.16,8.4556,0.03,397,2388,100.0,38.73,23.1871,2,0,-1,1.0
20,160,0.0022,-0.0005,100.0,518.67,641.95,1583.46,1394.18,14.62,21.6,556.26,2388.05,9059.39,1.3,47.32,523.6,2388.02,8141.25,8.3428,0.03,390,2388,100.0,39.28,23.502,4,4,-1,1.0
20,161,-0.0009,0.0001,100.0,518.67,642.94,1595.83,1416.61,14.62,21.61,552.49,2388.11,9073.51,1.3,47.89,521.05,2388.07,8146.52,8.4465,0.03,393,2388,100.0,38.58,23.1748,0,3,-1,1.0
20,161,-0.0035,0.0,100.0,518.67,642.21,1584.08,1396.1,14.62,21.6,556.34,2388.0,9060.34,1.3,47.24,523.67,2388.04,8141.45,8.3399,0.03,393,2388,100.0,39.1,23.5022,4,4,-1,1.0
20,162,-0.0035,-0.0003,100.0,518.67,643.14,1593.15,1415.99,14.62,21.61,552.3,2388.13,9057.25,1.3,47.61,520.87,2388.11,8143.42,8.4634,0.03,394,2388,100.0,38.82,23.1721,0,3,-1,1.0
20,162,-0.0011,-0.0001,100.0,518.67,642.11,1585.07,1402.97,14.62,21.6,556.37,2388.04,9058.27,1.3,47.22,524.43,2388.09,8142.8,8.3538,0.03,392,2388,100.0,39.12,23.4975,4,4,-1,1.0
20,163,-0.0034,0.0,100.0,518.67,643.23,1595.8,1412.52,14.62,21.61,552.88,2388.18,9064.6,1.3,47.66,520.62,2388.15,8145.64,8.4582,0.03,395,2388,100.0,38.84,23.2628,0,3,-1,1.0
20,163,-0.0037,0.0002,100.0,518.67,642.29,1588.5,1402.59,14.62,21.6,556.23,2388.09,9054.41,1.3,47.14,523.93,2388.08,8141.75,8.3904,0.03,392,2388,100.0,39.19,23.433,4,4,-1,1.0
20,164,0.0018,0.0004,100.0,518.67,643.17,1593.99,1421.13,14.62,21.61,553.49,2388.1,9058.68,1.3,47.57,520.52,2388.17,8140.33,8.4629,0.03,394,2388,100.0,38.79,23.229,0,3,-1,1.0
20,164,0.0022,0.0003,100.0,518.67,642.4,1585.09,1396.19,14.62,21.6,556.14,2388.08,9062.83,1.3,46.98,524.35,2388.04,8139.46,8.3695,0.03,392,2388,100.0,39.11,23.4502,4,4,-1,1.0
20,165,-0.0001,-0.0002,100.0,518.67,642.64,1601.0,1410.17,14.62,21.61,552.73,2388.17,9065.29,1.3,47.76,520.91,2388.16,8138.59,8.4694,0.03,392,2388,100.0,38.87,23.1233,0,3,-1,1.0
20,165,-0.0018,0.0,100.0,518.67,642.15,1582.91,1393.06,14.62,21.6,555.8,2388.02,9061.26,1.3,47.16,524.21,2387.99,8142.97,8.3946,0.03,391,2388,100.0,39.08,23.6235,4,4,4,1.0
20,166,-0.0017,-0.0003,100.0,518.67,642.69,1590.41,1416.29,14.62,21.61,552.65,2388.17,9061.37,1.3,47.83,521.03,2388.13,8142.62,8.4338,0.03,396,2388,100.0,38.76,23.3285,0,3,-1,1.0
20,166,-0.0003,-0.0002,100.0,518.67,641.97,1581.43,1399.14,14.62,21.6,556.46,2388.08,9063.09,1.3,47.17,524.43,2388.03,8143.86,8.359,0.03,391,2388,100.0,39.12,23.5626,4,4,-1,1.0
20,167,-0.001,0.0003,100.0,518.67,642.65,1589.78,1410.74,14.62,21.61,552.55,2388.16,9071.21,1.3,47.71,520.83,2388.11,8134.82,8.4519,0.03,394,2388,100.0,38.63,23.176,0,3,-1,1.0
20,167,-0.0016,0.0,100.0,518.67,642.0,1582.24,1391.0,14.62,21.6,556.51,2388.08,9055.3,1.3,47.17,524.01,2388.02,8140.22,8.3539,0.03,391,2388,100.0,39.12,23.5154,4,4,-1,1.0
20,168,0.0049,0.0002,100.0,518.67,643.13,1599.66,1414.58,14.62,21.61,552.54,2388.12,9065.49,1.3,47.81,521.02,2388.11,8138.99,8.4653,0.03,395,2388,100.0,38.66,23.1948,2,0,-1,1.0
20,168,-0.001,0.0001,100.0,518.67,642.25,1586.37,1393.5,14.62,21.6,556.41,2388.01,9062.22,1.3,47.27,524.09,2388.09,8144.53,8.3665,0.03,393,2388,100.0,39.19,23.5677,4,4,-1,1.0
20,169,-0.0047,-0.0003,100.0,518.67,642.37,1592.26,1413.95,14.62,21.61,552.35,2388.19,9058.74,1.3,47.74,520.82,2388.15,8143.75,8.4925,0.03,395,2388,100.0,38.81,23.251,0,3,-1,1.0
20,169,0.0017,0.0,100.0,518.67,642.14,1587.55,1391.0,14.62,21.6,556.54,2388.06,9057.91,1.3,47.18,524.32,2388.05,8144.74,8.3733,0.03,393,2388,100.0,39.32,23.3862,4,4,-1,1.0
20,170,0.0012,0.0004,100.0,518.67,642.18,1593.13,1417.33,14.62,21.61,552.5,2388.15,9062.8,1.3,47.64,520.78,2388.12,8141.56,8.4758,0.03,393,2388,100.0,38.6,23.2537,0,3,-1,1.0
20,170,-0.0046,-0.0,100.0,518.67,642.56,1585.41,1397.69,14.62,21.6,556.04,2388.02,9058.22,1.3,47.38,524.01,2388.09,8142.64,8.3468,0.03,392,2388,100.0,39.11,23.4811,4,4,-1,1.0
20,171,-0.0025,0.0001,100.0,518.67,643.06,1598.96,1421.32,14.62,21.61,552.48,2388.17,9062.15,1.3,47.63,519.82,2388.15,8144.38,8.4697,0.03,393,2388,100.0,38.66,23.3033,0,3,-1,1.0
20,171,0.0023,-0.0004,100.0,518.67,642.15,1579.99,1404.19,14.62,21.6,556.19,2388.07,9048.21,1.3,47.17,524.13,2388.06,8141.77,8.3765,0.03,392,2388,100.0,39.17,23.3956,4,4,-1,1.0
20,172,0.0023,0.0,100.0,518.67,642.32,1596.24,1414.06,14.62,21.61,552.69,2388.1,9065.34,1.3,47.83,521.08,2388.15,8138.55,8.4567,0.03,394,2388,100.0,38.78,23.1996,0,3,-1,1.0
20,172,0.0013,-0.0003,100.0,518.67,641.76,1589.28,1400.48,14.62,21.6,556.37,2388.03,9060.65,1.3,47.27,523.89,2388.06,8145.17,8.3848,0.03,391,2388,100.0,38.95,23.4987,4,4,-1,1.0
20,173,0.0011,-0.0005,100.0,518.67,642.9,1592.72,1413.52,14.62,21.61,553.1,2388.15,9072.47,1.3,47.8,520.79,2388.17,8139.47,8.4873,0.03,395,2388,100.0,38.54,23.2269,2,0,-1,1.0
20,173,-0.0018,0.0003,100.0,518.67,642.31,1580.67,1401.84,14.62,21.6,556.08,2387.99,9060.43,1.3,47.32,523.98,2388.06,8141.76,8.3852,0.03,393,2388,100.0,39.19,23.5249,4,4,-1,1.0
20,174,-0.0009,0.0003,100.0,518.67,642.87,1597.12,1413.39,14.62,21.61,552.95,2388.14,9064.49,1.3,47.79,520.41,2388.13,8143.42,8.4328,0.03,395,2388,100.0,38.65,23.1606,0,3,-1,1.0
20,174,-0.0007,-0.0003,100.0,518.67,641.91,1583.63,1400.03,14.62,21.6,556.84,2388.11,9056.65,1.3,47.27,524.36,2388.04,8142.18,8.3421,0.03,391,2388,100.0,39.2,23.5515,4,4,-1,1.0
20,175,0.0051,0.0002,100.0,518.67,642.77,1596.39,1422.24,14.62,21.61,552.62,2388.15,9062.84,1.3,47.81,521.04,2388.18,8138.19,8.4394,0.03,395,2388,100.0,38.63,23.2445,2,0,-1,1.0
20,175,-0.0022,0.0001,100.0,518.67,642.04,1590.35,1389.08,14.62,21.6,557.03,2388.1,9067.65,1.3,47.24,524.82,2388.05,8140.35,8.3453,0.03,392,2388,100.0,39.2,23.5287,4,4,-1,1.0
20,176,0.002,-0.0002,100.0,518.67,643.46,1600.36,1413.4,14.62,21.61,553.05,2388.15,9064.22,1.3,47.75,521.01,2388.15,8146.98,8.4602,0.03,395,2388,100.0,38.78,23.2303,2,0,-1,1.0
20,176,-0.0,0.0003,100.0,518.67,642.2,1579.36,1404.48,14.62,21.6,556.73,2388.02,9059.23,1.3,47.13,523.6,2388.08,8145.44,8.3483,0.03,391,2388,100.0,39.11,23.4185,4,4,-1,1.0
20,177,-0.0015,0.0001,100.0,518.67,642.92,1592.53,1414.73,14.62,21.61,553.3,2388.22,9063.23,1.3,47.74,520.56,2388.17,8144.99,8.4738,0.03,395,2388,100.0,38.69,23.1155,2,0,-1,1.0
20,177,-0.0036,-0.0005,100.0,518.67,641.86,1577.87,1403.56,14.62,21.6,556.52,2388.12,9066.77,1.3,47.38,523.66,2388.09,8143.57,8.3406,0.03,391,2388,100.0,38.99,23.4226,4,4,4,1.0
20,178,-0.0001,-0.0004,100.0,518.67,642.7,1594.94,1411.79,14.62,21.61,552.8,2388.18,9058.22,1.3,47.9,521.19,2388.16,8141.85,8.4416,0.03,395,2388,100.0,38.53,23.3174,0,3,0,1.0
20,178,-0.0042,-0.0002,100.0,518.67,642.05,1582.1,1391.28,14.62,21.6,556.62,2388.1,9059.64,1.3,47.24,524.31,2388.07,8144.91,8.4153,0.03,392,2388,100.0,39.26,23.496,4,4,-1,1.0
20,179,-0.0008,0.0001,100.0,518.67,643.64,1599.76,1415.72,14.62,21.61,552.81,2388.2,9071.01,1.3,47.82,520.82,2388.12,8141.76,8.4593,0.03,396,2388,100.0,38.59,23.2629,2,0,-1,1.0
20,179,0.0015,0.0002,100.0,518.67,642.45,1583.95,1397.96,14.62,21.6,556.49,2388.05,9060.81,1.3,47.3,524.6,2388.05,8139.86,8.3385,0.03,391,2388,100.0,39.21,23.4543,4,4,-1,1.0
20,180,0.0021,0.0005,100.0,518.67,642.95,1597.33,1414.35,14.62,21.61,551.96,2388.18,9068.92,1.3,47.74,520.87,2388.17,8146.98,8.4623,0.03,394,2388,100.0,38.66,23.1929,2,0,-1,1.0
20,180,-0.0004,0.0004,100.0,518.67,642.16,1584.99,1395.28,14.62,21.6,556.42,2388.01,9064.59,1.3,47.19,524.71,2388.07,8145.55,8.321,0.03,391,2388,100.0,39.16,23.5037,4,4,-1,1.0
20,181,0.0006,-0.0003,100.0,518.67,643.08,1595.05,1420.56,14.62,21.61,553.02,2388.14,9061.36,1.3,47.7,521.1,2388.16,8148.37,8.4378,0.03,395,2388,100.0,38.6,23.1033,2,0,-1,1.0
20,181,0.0042,-0.0004,100.0,518.67,642.09,1583.03,1403.75,14.62,21.6,556.4,2388.08,9058.83,1.3,47.2,524.43,2388.08,8140.45,8.3675,0.03,393,2388,100.0,39.34,23.38,4,4,-1,1.0
20,182,0.0037,0.0004,100.0,518.67,642.76,1603.03,1422.16,14.62,21.61,552.85,2388.16,9069.1,1.3,47.82,520.54,2388.1,8145.94,8.4591,0.03,394,2388,100.0,38.76,23.1215,2,0,-1,1.0
20,182,0.0007,-0.0005,100.0,518.67,642.21,1574.96,1398.69,14.62,21.6,556.29,2388.1,9063.42,1.3,47.25,524.34,2388.07,8143.17,8.3361,0.03,392,2388,100.0,39.21,23.547,4,4,-1,1.0
20,183,-0.002,-0.0001,100.0,518.67,642.95,1595.68,1412.47,14.62,21.61,553.04,2388.13,9060.74,1.3,47.71,520.87,2388.1,8143.13,8.5117,0.03,395,2388,100.0,38.67,23.2129,0,3,-1,1.0
20,183,-0.0041,0.0004,100.0,518.67,642.57,1586.16,1396.21,14.62,21.6,556.23,2388.05,9060.27,1.3,47.22,524.36,2388.06,8142.58,8.3281,0.03,392,2388,100.0,39.19,23.5095,4,4,-1,1.0
20,184,0.0005,0.0001,100.0,518.67,643.39,1596.49,1418.07,14.62,21.61,552.77,2388.2,9067.44,1.3,47.6,520.89,2388.14,8141.58,8.4635,0.03,394,2388,100.0,38.49,23.2477,2,0,-1,1.0
20,184,0.0025,-0.0001,100.0,518.67,641.83,1578.79,1400.21,14.62,21.6,556.59,2388.07,9060.19,1.3,47.38,524.69,2388.1,8140.53,8.3735,0.03,392,2388,100.0,39.08,23.6386,4,4,-1,1.0
20,185,0.0033,0.0001,100.0,518.67,643.15,1597.62,1420.81,14.62,21.61,552.95,2388.11,9061.44,1.3,47.78,520.78,2388.17,8141.49,8.5035,0.03,396,2388,100.0,38.59,23.236,2,0,-1,1.0
20,185,-0.0006,0.0004,100.0,518.67,642.34,1587.35,1401.38,14.62,21.6,555.85,2388.05,9056.57,1.3,47.33,524.64,2388.0,8140.5,8.3837,0.03,391,2388,100.0,39.16,23.5437,4,4,-1,1.0
20,186,0.0008,-0.0,100.0,518.67,643.11,1600.42,1422.57,14.62,21.61,551.93,2388.18,9067.21,1.3,47.82,520.94,2388.09,8141.72,8.4512,0.03,394,2388,100.0,38.63,23.1286,2,0,0,1.0
20,186,0.0004,-0.0003,100.0,518.67,642.89,1594.15,1399.14,14.62,21.6,556.59,2388.01,9057.98,1.3,47.09,524.38,2388.1,8144.44,8.3618,0.03,393,2388,100.0,39.16,23.556,4,4,4,1.0
20,187,0.0017,0.0001,100.0,518.67,643.1,1598.74,1421.44,14.62,21.61,552.81,2388.11,9070.41,1.3,47.8,521.38,2388.16,8150.52,8.44,0.03,395,2388,100.0,38.66,23.3172,2,0,-1,1.0
20,187,0.0027,-0.0005,100.0,518.67,642.32,1591.11,1393.16,14.62,21.6,556.52,2388.11,9066.98,1.3,47.29,524.12,2388.05,8141.48,8.367,0.03,391,2388,100.0,39.2,23.5264,4,4,-1,1.0
20,188,0.0044,0.0003,100.0,518.67,643.5,1597.0,1421.45,14.62,21.61,552.12,2388.2,9067.56,1.3,47.97,520.92,2388.14,8143.25,8.4837,0.03,395,2388,100.0,38.72,23.2216,2,0,-1,1.0
20,188,-0.001,-0.0001,100.0,518.67,642.25,1582.69,1395.15,14.62,21.6,556.12,2388.1,9055.65,1.3,47.22,524.39,2388.08,8142.24,8.3674,0.03,390,2388,100.0,38.95,23.4763,4,4,-1,1.0
20,189,0.0022,-0.0004,100.0,518.67,643.05,1594.45,1418.05,14.62,21.61,552.74,2388.11,9064.61,1.3,47.89,521.26,2388.19,8144.31,8.4764,0.03,395,2388,100.0,38.61,23.2704,2,0,-1,1.0
20,189,-0.0025,0.0005,100.0,518.67,642.37,1584.59,1397.84,14.62,21.6,556.07,2388.1,9060.36,1.3,47.48,524.53,2388.06,8142.86,8.3197,0.03,391,2388,100.0,39.05,23.5602,4,4,-1,1.0
20,190,0.0018,-0.0002,100.0,518.67,643.63,1591.84,1416.25,14.62,21.61,552.56,2388.23,9062.61,1.3,47.64,520.29,2388.14,8144.78,8.5047,0.03,394,2388,100.0,38.52,23.2866,2,0,-1,1.0
20,190,0.0045,-0.0005,100.0,518.67,642.26,1582.77,1400.32,14.62,21.6,556.17,2388.07,9060.03,1.3,47.22,524.43,2388.1,8144.22,8.3838,0.03,392,2388,100.0,39.26,23.5922,4,4,-1,1.0
20,191,0.0028,0.0004,100.0,518.67,643.05,1597.64,1420.17,14.62,21.61,552.05,2388.18,9072.36,1.3,47.8,520.66,2388.18,8145.81,8.4617,0.03,395,2388,100.0,38.67,23.1973,2,0,-1,1.0
20,191,0.0005,0.0003,100.0,518.67,642.11,1582.72,1392.52,14.62,21.6,556.22,2388.01,9063.55,1.3,47.35,523.83,2388.05,8140.36,8.3327,0.03,392,2388,100.0,39.11,23.5251,4,4,-1,1.0
20,192,-0.0004,0.0001,100.0,518.67,643.36,1597.5,1417.58,14.62,21.61,552.72,2388.19,9063.84,1.3,47.87,520.06,2388.19,8143.43,8.4928,0.03,396,2388,100.0,38.63,23.261,2,0,-1,1.0
20,192,-0.0,-0.0,100.0,518.67,642.23,1590.75,1398.03,14.62,21.59,556.81,2388.0,9066.6,1.3,47.04,524.3,2388.03,8142.24,8.3351,0.03,392,2388,100.0,39.18,23.4147,4,4,-1,1.0
20,193,0.0018,-0.0003,100.0,518.67,643.22,1592.26,1418.62,14.62,21.61,552.52,2388.14,9072.95,1.3,48.1,520.21,2388.16,8140.34,8.4537,0.03,395,2388,100.0,38.68,23.1715,2,0,-1,1.0
20,193,-0.0017,-0.0001,100.0,518.67,641.51,1584.09,1391.97,14.62,21.6,556.94,2388.07,9052.11,1.3,47.49,524.16,2388.08,8143.88,8.3568,0.03,393,2388,100.0,39.45,23.5015,4,4,-1,1.0
20,194,-0.0011,-0.0003,100.0,518.67,643.63,1593.07,1420.46,14.62,21.61,551.95,2388.22,9067.53,1.3,47.93,520.44,2388.1,8143.64,8.473,0.03,395,2388,100.0,38.63,23.1526,2,0,-1,1.0
20,194,0.0037,0.0,100.0,518.67,641.87,1582.68,1399.22,14.62,21.6,556.88,2388.09,9061.52,1.3,47.31,524.12,2388.04,8148.03,8.3552,0.03,392,2388,100.0,39.14,23.4537,4,4,-1,1.0
20,195,0.0007,0.0001,100.0,518.67,643.17,1596.56,1413.66,14.62,21.61,552.89,2388.19,9063.72,1.3,47.72,520.91,2388.17,8143.27,8.5006,0.03,395,2388,100.0,38.65,23.1441,2,0,-1,1.0
20,195,-0.0031,-0.0004,100.0,518.67,642.49,1587.73,1395.35,14.62,21.6,555.87,2388.11,9063.36,1.3,47.17,524.7,2388.06,8145.17,8.3794,0.03,392,2388,100.0,39.23,23.4981,4,4,-1,1.0
20,196,-0.0002,-0.0004,100.0,518.67,642.89,1601.31,1422.88,14.62,21.61,551.74,2388.21,9063.5,1.3,47.88,520.7,2388.24,8143.94,8.4568,0.03,394,2388,100.0,38.74,23.0713,2,0,-1,1.0
20,196,-0.0017,0.0003,100.0,518.67,642.49,1581.73,1398.15,14.62,21.6,556.53,2388.04,9070.43,1.3,47.35,524.59,2388.07,8145.03,8.3821,0.03,390,2388,100.0,39.22,23.4631,4,4,-1,1.0
20,197,-0.0025,0.0004,100.0,518.67,642.81,1594.41,1411.02,14.62,21.61,552.88,2388.15,9066.44,1.3,47.99,520.28,2388.21,8140.37,8.4787,0.03,395,2388,100.0,38.68,23.1269,2,0,-1,1.0
20,197,0.0003,0.0002,100.0,518.67,641.98,1592.19,1402.49,14.62,21.6,556.36,2388.06,9064.75,1.3,47.28,524.26,2388.07,8150.45,8.3293,0.03,392,2388,100.0,39.13,23.4464,4,4,-1,1.0
20,198,-0.0019,-0.0004,100.0,518.67,642.69,1599.15,1421.81,14.62,21.61,552.03,2388.19,9062.13,1.3,47.9,521.2,2388.18,8139.42,8.484,0.03,394,2388,100.0,38.55,23.1019,2,0,-1,1.0
20,198,0.0028,-0.0003,100.0,518.67,642.36,1580.96,1402.22,14.62,21.6,555.99,2388.04,9059.86,1.3,47.47,524.51,2388.11,8140.58,8.3795,0.03,392,2388,100.0,39.26,23.4624,4,4,-1,1.0
20,199,0.0035,0.0004,100.0,518.67,643.57,1591.15,1418.58,14.62,21.61,552.39,2388.15,9066.65,1.3,48.06,520.81,2388.18,8142.44,8.5218,0.03,394,2388,100.0,38.63,23.2158,2,0,-1,1.0
20,199,-0.0021,0.0004,100.0,518.67,642.2,1582.65,1400.22,14.62,21.6,557.42,2388.11,9064.57,1.3,47.25,524.28,2388.04,8149.05,8.3523,0.03,393,2388,100.0,39.11,23.611,4,4,-1,1.0
20,200,0.0006,0.0001,100.0,518.67,642.95,1595.89,1422.65,14.62,21.61,552.27,2388.15,9067.13,1.3,47.86,520.99,2388.15,8143.12,8.4909,0.03,395,2388,100.0,38.52,23.2385,2,0,0,1.0
20,200,-0.0011,-0.0001,100.0,518.67,642.03,1584.05,1401.08,14.62,21.6,556.51,2388.1,9060.42,1.3,47.09,524.94,2387.98,8144.81,8.3046,0.03,392,2388,100.0,39.05,23.4829,4,4,4,1.0
20,201,-0.0034,0.0002,100.0,518.67,643.24,1593.58,1417.28,14.62,21.61,551.49,2388.21,9065.01,1.3,47.92,520.29,2388.18,8143.49,8.4816,0.03,395,2388,100.0,38.52,23.07,2,0,-1,1.0
20,201,-0.0,0.0003,100.0,518.67,642.21,1582.23,1396.4,14.62,21.6,555.93,2388.07,9060.4,1.3,47.24,524.63,2388.1,8144.54,8.3421,0.03,391,2388,100.0,39.18,23.4863,4,4,-1,1.0
20,202,0.0021,0.0003,100.0,518.67,643.03,1588.35,1415.63,14.62,21.61,552.29,2388.21,9071.69,1.3,47.84,520.29,2388.23,8144.02,8.4862,0.03,395,2388,100.0,38.67,23.221,2,0,0,1.0
20,202,0.0013,0.0004,100.0,518.67,642.51,1591.68,1396.75,14.62,21.6,557.23,2388.09,9064.44,1.3,47.4,525.19,2388.01,8147.97,8.3261,0.03,391,2388,100.0,39.04,23.4755,4,4,-1,1.0
20,203,0.0004,-0.0005,100.0,518.67,643.5,1600.79,1421.12,14.62,21.61,552.29,2388.16,9071.4,1.3,47.76,520.46,2388.23,8141.57,8.459,0.03,396,2388,100.0,38.58,23.0613,2,0,-1,1.0
20,203,0.0005,0.0005,100.0,518.67,642.21,1583.06,1394.07,14.62,21.59,558.32,2388.05,9067.76,1.3,47.39,524.9,2388.03,8147.62,8.3441,0.03,393,2388,100.0,39.15,23.4668,4,4,-1,1.0
20,204,-0.002,0.0003,100.0,518.67,642.54,1601.47,1433.21,14.62,21.61,552.04,2388.16,9067.04,1.3,48.15,519.72,2388.17,8140.49,8.4656,0.03,396,2388,100.0,38.47,23.1044,2,0,-1,1.0
20,204,0.0022,-0.0002,100.0,518.67,642.11,1585.66,1401.12,14.62,21.6,556.85,2388.1,9059.27,1.3,47.31,525.02,2388.05,8140.27,8.3795,0.03,392,2388,100.0,39.18,23.5647,4,4,-1,1.0
20,205,0.0008,-0.0003,100.0,518.67,642.6,1594.3,1425.26,14.62,21.61,552.45,2388.24,9075.76,1.3,47.72,520.23,2388.23,8142.39,8.4833,0.03,395,2388,100.0,38.6,23.1094,2,0,-1,1.0
20,205,0.001,-0.0003,100.0,518.67,642.31,1582.24,1397.47,14.62,21.6,557.04,2388.07,9066.05,1.3,47.3,524.44,2388.12,8143.83,8.3484,0.03,392,2388,100.0,39.02,23.3294,4,4,-1,1.0
20,206,0.0011,-0.0004,100.0,518.67,643.05,1597.72,1411.04,14.62,21.61,551.41,2388.19,9062.43,1.3,47.92,520.33,2388.17,8140.91,8.4703,0.03,396,2388,100.0,38.87,23.2369,2,0,-1,1.0
20,206,0.0029,-0.0003,100.0,518.67,642.03,1586.7,1398.77,14.62,21.6,556.76,2388.04,9061.5,1.3,47.26,524.81,2388.0,8144.16,8.3636,0.03,392,2388,100.0,39.21,23.4498,4,4,-1,1.0
20,207,0.0003,0.0,100.0,518.67,643.37,1596.99,1424.85,14.62,21.61,551.63,2388.19,9071.75,1.3,47.99,520.53,2388.18,8140.09,8.4903,0.03,395,2388,100.0,38.53,23.067,2,0,-1,1.0
20,207,0.0,0.0001,100.0,518.67,642.23,1580.78,1401.75,14.62,21.6,557.22,2388.08,9061.63,1.3,47.28,524.96,2388.14,8147.25,8.371,0.03,391,2388,100.0,39.4,23.4243,4,4,-1,1.0
20,208,0.0043,0.0005,100.0,518.67,642.78,1599.24,1426.51,14.62,21.61,552.09,2388.2,9067.88,1.3,48.09,520.71,2388.15,8146.76,8.4899,0.03,394,2388,100.0,38.52,23.1406,2,0,-1,1.0
20,208,-0.0005,-0.0002,100.0,518.67,642.31,1585.4,1400.87,14.62,21.59,557.53,2388.12,9071.9,1.3,47.25,524.6,2388.02,8145.67,8.358,0.03,391,2388,100.0,39.11,23.4248,4,4,-1,1.0
20,209,-0.001,-0.0003,100.0,518.67,642.97,1601.54,1420.31,14.62,21.61,551.36,2388.18,9064.77,1.3,47.89,520.43,2388.18,8146.54,8.4785,0.03,395,2388,100.0,38.58,23.0521,2,0,-1,1.0
20,209,0.0005,-0.0005,100.0,518.67,642.07,1581.63,1402.17,14.62,21.6,557.44,2388.07,9071.3,1.3,47.27,525.27,2388.1,8146.23,8.3588,0.03,393,2388,100.0,39.23,23.4555,4,4,-1,1.0
20,210,-0.0011,-0.0002,100.0,518.67,643.66,1597.72,1420.29,14.62,21.61,552.33,2388.2,9071.39,1.3,47.96,519.74,2388.22,8141.74,8.4903,0.03,395,2388,100.0,38.58,23.2342,2,0,-1,1.0
20,210,-0.0004,-0.0001,100.0,518.67,642.05,1583.62,1393.38,14.62,21.59,556.26,2388.1,9058.93,1.3,47.27,524.6,2388.06,8145.11,8.3676,0.03,392,2388,100.0,39.17,23.5178,4,4,4,1.0
20,211,-0.0005,-0.0003,100.0,518.67,643.74,1595.32,1420.74,14.62,21.61,551.78,2388.25,9068.59,1.3,48.13,520.24,2388.23,8144.78,8.5043,0.03,396,2388,100.0,38.49,23.204,2,0,-1,1.0
20,211,0.0018,-0.0005,100.0,518.67,641.81,1584.71,1392.59,14.62,21.6,557.63,2388.06,9065.59,1.3,47.37,524.91,2388.15,8148.81,8.3587,0.03,392,2388,100.0,39.18,23.553,4,4,-1,1.0
20,212,-0.0035,0.0004,100.0,518.67,643.6,1601.16,1420.51,14.62,21.61,552.08,2388.21,9071.16,1.3,48.02,520.01,2388.2,8141.03,8.4715,0.03,395,2388,100.0,38.67,23.1415,2,0,-1,1.0
20,212,0.0005,-0.0004,100.0,518.67,642.45,1589.72,1398.1,14.62,21.59,556.43,2388.04,9057.21,1.3,47.37,524.29,2388.1,8145.9,8.3396,0.03,391,2388,100.0,39.0,23.4899,4,4,4,1.0
20,213,0.0039,-0.0005,100.0,518.67,643.61,1600.96,1426.23,14.62,21.61,551.96,2388.19,9067.78,1.3,48.04,520.45,2388.22,8148.33,8.5071,0.03,394,2388,100.0,38.69,23.1659,2,0,-1,1.0
20,213,-0.0009,0.0001,100.0,518.67,641.78,1578.71,1396.06,14.62,21.6,557.1,2388.07,9056.99,1.3,47.29,525.07,2388.1,8141.44,8.3486,0.03,392,2388,100.0,39.25,23.4357,4,4,-1,1.0
20,214,0.0016,-0.0005,100.0,518.67,643.6,1598.48,1423.82,14.62,21.61,551.9,2388.22,9071.33,1.3,47.96,519.91,2388.26,8143.42,8.5085,0.03,396,2388,100.0,38.55,22.9923,2,0,-1,1.0
20,214,0.001,0.0001,100.0,518.67,642.25,1586.08,1397.97,14.62,21.59,557.35,2388.05,9067.29,1.3,47.08,524.77,2388.05,8144.77,8.3738,0.03,392,2388,100.0,39.21,23.5117,4,4,-1,1.0
20,215,-0.0037,0.0002,100.0,518.67,643.71,1600.26,1427.83,14.62,21.61,551.37,2388.2,9069.39,1.3,47.95,520.48,2388.2,8143.73,8.5027,0.03,397,2388,100.0,38.42,23.1,2,0,-1,1.0
20,215,-0.0002,0.0004,100.0,518.67,642.39,1580.86,1393.44,14.62,21.59,557.52,2388.12,9060.56,1.3,47.44,524.88,2388.04,8147.71,8.3425,0.03,392,2388,100.0,39.08,23.5,4,4,-1,1.0
20,216,-0.0008,-0.0001,100.0,518.67,643.72,1602.51,1426.99,14.62,21.61,551.65,2388.21,9067.06,1.3,48.01,520.13,2388.21,8144.86,8.5006,0.03,395,2388,100.0,38.64,23.0235,2,0,-1,1.0
20,216,-0.0006,-0.0002,100.0,518.67,641.82,1588.3,1403.4,14.62,21.59,556.66,2388.14,9061.86,1.3,47.05,524.22,2388.02,8145.93,8.3222,0.03,391,2388,100.0,39.13,23.4958,4,4,-1,1.0
20,217,0.0001,0.0003,100.0,518.67,644.12,1600.51,1419.65,14.62,21.61,552.47,2388.25,9061.66,1.3,48.0,520.34,2388.22,8149.11,8.5402,0.03,395,2388,100.0,38.51,23.1025,2,0,-1,1.0
20,217,-0.0007,0.0003,100.0,518.67,642.42,1575.71,1398.56,14.62,21.6,557.04,2388.11,9067.22,1.3,47.12,525.23,2388.1,8146.88,8.3463,0.03,393,2388,100.0,39.3,23.4955,4,4,-1,1.0
20,218,-0.0021,0.0001,100.0,518.67,643.51,1597.19,1426.75,14.62,21.61,551.55,2388.2,9063.1,1.3,47.95,519.41,2388.24,8144.85,8.507,0.03,395,2388,100.0,38.49,23.06,2,0,-1,1.0
20,218,-0.0007,-0.0004,100.0,518.67,642.32,1586.05,1401.23,14.62,21.59,557.6,2388.11,9063.35,1.3,47.27,525.12,2388.08,8151.49,8.3511,0.03,391,2388,100.0,39.1,23.5043,4,4,-1,1.0
20,219,0.0005,-0.0003,100.0,518.67,643.36,1600.44,1424.92,14.62,21.61,551.97,2388.22,9067.7,1.3,47.94,520.04,2388.2,8145.75,8.488,0.03,396,2388,100.0,38.3,23.1529,2,0,-1,1.0
20,219,-0.0026,-0.0001,100.0,518.67,641.89,1578.62,1404.32,14.62,21.59,557.97,2388.09,9069.08,1.3,47.4,525.05,2388.04,8148.3,8.4153,0.03,393,2388,100.0,39.04,23.433,4,4,-1,1.0
20,220,-0.0018,0.0003,100.0,518.67,643.41,1594.88,1426.76,14.62,21.61,552.72,2388.26,9077.09,1.3,47.99,519.72,2388.23,8144.47,8.5325,0.03,396,2388,100.0,38.64,23.1548,2,0,-1,1.0
20,220,-0.0009,0.0005,100.0,518.67,642.5,1593.67,1400.99,14.62,21.59,557.72,2388.14,9057.83,1.3,47.21,525.14,2388.13,8150.19,8.367,0.03,390,2388,100.0,39.14,23.5812,4,4,-1,1.0
20,221,0.0002,0.0004,100.0,518.67,643.17,1601.99,1417.47,14.62,21.61,552.29,2388.17,9073.09,1.3,48.05,519.29,2388.2,8143.57,8.5172,0.03,395,2388,100.0,38.71,23.0966,2,0,-1,1.0
20,221,0.0032,0.0002,100.0,518.67,642.25,1584.22,1400.74,14.62,21.6,557.43,2388.08,9063.22,1.3,47.21,525.47,2388.07,8145.52,8.3703,0.03,394,2388,100.0,39.06,23.5562,4,4,-1,1.0
20,222,0.0033,0.0004,100.0,518.67,643.52,1597.12,1425.51,14.62,21.61,551.92,2388.21,9070.27,1.3,48.13,520.07,2388.28,8149.67,8.4841,0.03,394,2388,100.0,38.35,23.137,2,0,-1,1.0
20,222,-0.0029,0.0004,100.0,518.67,642.33,1598.03,1403.19,14.62,21.59,556.52,2388.15,9064.69,1.3,47.12,524.76,2388.18,8147.95,8.3381,0.03,391,2388,100.0,39.21,23.4333,4,4,-1,1.0
20,223,-0.0023,-0.0004,100.0,518.67,643.47,1600.6,1433.5,14.62,21.61,551.66,2388.18,9074.17,1.3,48.0,520.09,2388.21,8141.72,8.5054,0.03,395,2388,100.0,38.51,23.0636,2,0,-1,1.0
20,223,-0.0009,0.0,100.0,518.67,642.5,1584.33,1398.55,14.62,21.6,557.98,2388.14,9067.31,1.3,47.49,525.42,2388.11,8144.76,8.3802,0.03,390,2388,100.0,39.36,23.4144,4,4,-1,1.0
20,224,-0.0009,0.0003,100.0,518.67,643.13,1599.29,1417.01,14.62,21.61,552.3,2388.23,9072.11,1.3,47.94,519.44,2388.2,8146.11,8.514,0.03,397,2388,100.0,38.56,23.1708,2,0,-1,1.0
20,224,-0.0032,0.0003,100.0,518.67,641.81,1585.1,1405.85,14.62,21.59,558.16,2388.1,9072.32,1.3,47.35,525.71,2388.06,8146.01,8.3568,0.03,392,2388,100.0,39.32,23.6409,4,4,-1,1.0
20,225,-0.0004,0.0003,100.0,518.67,643.89,1595.15,1420.89,14.62,21.61,550.43,2388.22,9076.79,1.3,48.09,519.92,2388.27,8147.28,8.4936,0.03,395,2388,100.0,38.47,23.0928,2,0,-1,1.0
20,225,-0.0003,0.0,100.0,518.67,642.29,1587.19,1406.59,14.62,21.6,558.54,2388.08,9063.75,1.3,47.23,525.67,2388.13,8144.6,8.3965,0.03,392,2388,100.0,39.11,23.5843,4,4,-1,1.0
20,226,-0.002,-0.0,100.0,518.67,643.49,1597.07,1425.52,14.62,21.61,551.51,2388.23,9074.17,1.3,48.04,520.1,2388.24,8140.46,8.51,0.03,395,2388,100.0,38.61,23.1189,2,0,-1,1.0
20,226,0.0003,0.0001,100.0,518.67,642.53,1582.77,1396.17,14.62,21.59,557.11,2388.05,9062.74,1.3,47.45,525.19,2388.12,8143.41,8.3389,0.03,393,2388,100.0,39.27,23.4748,4,4,-1,1.0
20,227,-0.0021,-0.0002,100.0,518.67,643.3,1600.38,1426.9,14.62,21.61,551.86,2388.18,9068.48,1.3,48.19,520.43,2388.25,8139.99,8.5451,0.03,396,2388,100.0,38.43,23.0524,2,0,-1,1.0
20,227,-0.0016,0.0,100.0,518.67,642.6,1583.84,1403.72,14.62,21.6,557.88,2388.16,9065.59,1.3,47.48,525.09,2388.17,8150.37,8.3533,0.03,391,2388,100.0,39.07,23.3855,4,4,-1,1.0
20,228,0.0009,0.0005,100.0,518.67,644.03,1592.36,1423.29,14.62,21.61,550.78,2388.19,9073.6,1.3,47.99,520.05,2388.22,8145.38,8.5072,0.03,395,2388,100.0,38.58,23.1634,2,0,-1,1.0
20,228,0.004,-0.0002,100.0,518.67,642.43,1588.28,1403.45,14.62,21.59,557.9,2388.08,9063.18,1.3,47.4,525.7,2388.13,8151.13,8.3789,0.03,393,2388,100.0,39.21,23.4931,4,4,-1,1.0
20,229,-0.0012,0.0005,100.0,518.67,643.34,1597.71,1429.25,14.62,21.61,551.15,2388.23,9078.22,1.3,48.21,520.01,2388.22,8149.06,8.4967,0.03,395,2388,100.0,38.38,23.0636,2,0,-1,1.0
20,229,0.0006,0.0005,100.0,518.67,642.41,1580.78,1402.93,14.62,21.59,557.27,2388.07,9062.35,1.3,47.24,525.39,2388.07,8152.09,8.3728,0.03,393,2388,100.0,39.19,23.5756,4,4,-1,1.0
20,230,-0.001,-0.0,100.0,518.67,643.57,1605.67,1431.45,14.62,21.61,552.2,2388.24,9072.49,1.3,48.16,520.12,2388.24,8144.08,8.4887,0.03,396,2388,100.0,38.6,23.1231,2,0,-1,1.0
20,230,0.0004,-0.0004,100.0,518.67,642.21,1577.75,1396.55,14.62,21.59,557.64,2388.1,9071.98,1.3,47.3,525.47,2388.11,8148.92,8.3245,0.03,393,2388,100.0,39.18,23.5513,4,4,-1,1.0
20,231,0.0022,-0.0003,100.0,518.67,643.89,1603.35,1429.72,14.62,21.61,550.84,2388.22,9075.48,1.3,48.41,519.74,2388.22,8146.48,8.48,0.03,397,2388,100.0,38.74,22.9885,2,0,-1,1.0
20,231,0.0014,-0.0,100.0,518.67,642.95,1584.68,1406.71,14.62,21.59,557.81,2388.18,9065.55,1.3,47.41,525.41,2388.09,8149.33,8.2999,0.03,391,2388,100.0,39.09,23.5704,4,4,-1,1.0
20,232,-0.0003,0.0,100.0,518.67,643.85,1608.02,1432.08,14.62,21.61,551.34,2388.27,9075.69,1.3,48.17,519.28,2388.29,8139.51,8.523,0.03,397,2388,100.0,38.33,23.146,2,0,-1,1.0
20,232,-0.0027,0.0,100.0,518.67,642.21,1584.99,1397.4,14.62,21.59,556.93,2388.11,9063.77,1.3,47.35,524.99,2388.17,8147.15,8.3256,0.03,391,2388,100.0,39.14,23.4436,4,4,-1,1.0
20,233,-0.0012,-0.0001,100.0,518.67,643.93,1601.9,1437.23,14.62,21.61,551.67,2388.26,9077.16,1.3,48.23,519.97,2388.23,8143.94,8.5058,0.03,396,2388,100.0,38.46,22.9783,2,0,-1,1.0
20,233,0.0021,0.0001,100.0,518.67,642.35,1591.75,1395.17,14.62,21.6,557.89,2388.09,9070.12,1.3,47.19,525.46,2388.15,8148.77,8.3596,0.03,392,2388,100.0,39.23,23.6643,4,4,4,1.0
20,234,0.0011,-0.0004,100.0,518.67,643.86,1598.43,1430.93,14.62,21.61,551.74,2388.3,9070.66,1.3,48.15,519.73,2388.25,8143.3,8.5433,0.03,397,2388,100.0,38.57,22.9964,2,0,-1,1.0
20,234,-0.0004,-0.0003,100.0,518.67,642.82,1587.19,1398.36,14.62,21.59,557.14,2388.06,9073.41,1.3,47.39,525.1,2388.16,8148.15,8.3505,0.03,394,2388,100.0,39.21,23.5266,4,4,-1,8.0
20,235,-0.0015,-0.0002,100.0,518.67,642.51,1595.85,1402.31,14.62,21.59,558.29,2388.13,9070.57,1.3,47.29,525.41,2388.13,8145.64,8.3267,0.03,393,2388,100.0,39.2,23.4133,4,4,-1,7.0
20,236,-0.0012,-0.0002,100.0,518.67,642.4,1584.24,1402.42,14.62,21.59,557.89,2388.11,9062.39,1.3,47.34,526.06,2388.14,8151.15,8.3758,0.03,392,2388,100.0,39.23,23.5637,4,4,-1,6.0
20,237,0.0024,-0.0005,100.0,518.67,642.43,1593.06,1398.41,14.62,21.6,558.15,2388.19,9072.37,1.3,47.45,526.12,2388.07,8145.25,8.3645,0.03,394,2388,100.0,39.21,23.6691,4,4,-1,5.0
20,238,-0.0007,-0.0001,100.0,518.67,642.19,1584.1,1404.42,14.62,21.59,558.1,2388.11,9065.36,1.3,47.43,525.82,2388.09,8146.15,8.3363,0.03,394,2388,100.0,39.3,23.6574,4,4,4,4.0
20,239,0.0017,-0.0005,100.0,518.67,642.23,1589.57,1398.0,14.62,21.59,558.47,2388.16,9072.48,1.3,47.32,525.48,2388.12,8150.97,8.3299,0.03,391,2388,100.0,39.29,23.4863,4,4,-1,3.0
20,240,0.0017,0.0001,100.0,518.67,642.14,1579.96,1395.05,14.62,21.59,558.47,2388.14,9074.09,1.3,47.34,525.81,2388.1,8157.79,8.353,0.03,391,2388,100.0,39.06,23.4023,4,4,-1,2.0
20,241,-0.0026,-0.0,100.0,518.67,642.34,1590.38,1404.18,14.62,21.59,557.96,2388.1,9068.23,1.3,47.17,526.07,2388.07,8155.93,8.358,0.03,392,2388,100.0,39.15,23.629,4,4,4,1.0
20,242,0.0008,-0.0004,100.0,518.67,642.79,1586.58,1401.97,14.62,21.6,557.97,2388.11,9066.91,1.31,47.46,525.75,2388.13,8152.82,8.3347,0.03,392,2388,100.0,39.4,23.5636,3,1,-1,1.0
20,243,0.0012,0.0003,100.0,518.67,641.79,1588.48,1404.29,14.62,21.59,558.41,2388.13,9075.82,1.3,47.44,526.83,2388.11,8152.04,8.3391,0.03,393,2388,100.0,39.2,23.4654,4,4,-1,3.0
20,244,-0.0001,0.0003,100.0,518.67,641.97,1587.86,1399.88,14.62,21.59,557.34,2388.06,9066.11,1.3,47.39,526.07,2388.16,8151.78,8.3817,0.03,393,2388,100.0,39.29,23.4723,4,4,-1,2.0
20,245,0.002,-0.0003,100.0,518.67,642.05,1586.09,1395.67,14.62,21.59,557.96,2388.11,9070.53,1.3,47.26,525.3,2388.13,8149.34,8.3358,0.03,393,2388,100.0,39.2,23.3882,4,4,-1,1.0
20,246,-0.0023,-0.0003,100.0,518.67,642.62,1588.85,1396.49,14.62,21.59,558.86,2388.12,9076.76,1.31,47.34,525.95,2388.13,8142.93,8.3159,0.03,392,2388,100.0,39.14,23.5485,3,1,-1,1.0
20,247,0.002,-0.0005,100.0,518.67,642.19,1588.1,1402.98,14.62,21.59,558.25,2388.15,9062.86,1.3,47.4,526.17,2388.11,8143.11,8.3253,0.03,391,2388,100.0,39.19,23.5456,4,4,-1,4.0
20,248,0.0008,0.0002,100.0,518.67,642.39,1591.21,1402.54,14.62,21.59,558.25,2388.1,9081.0,1.3,47.31,526.41,2388.16,8152.03,8.3181,0.03,393,2388,100.0,39.12,23.4085,4,4,-1,3.0
20,249,-0.001,-0.0004,100.0,518.67,642.31,1589.71,1403.37,14.62,21.6,559.36,2388.1,9077.4,1.3,47.49,526.78,2388.15,8146.73,8.3208,0.03,393,2388,100.0,39.23,23.5612,4,4,-1,2.0
20,250,0.0031,0.0001,100.0,518.67,642.4,1592.78,1402.74,14.62,21.59,559.28,2388.18,9073.5,1.3,47.41,526.45,2388.16,8152.18,8.33,0.03,392,2388,100.0,39.14,23.5022,4,4,-1,1.0
20,251,-0.0054,0.0001,100.0,518.67,642.94,1590.89,1405.38,14.62,21.59,558.48,2388.12,9066.49,1.31,47.78,525.97,2388.15,8144.73,8.3427,0.03,392,2388,100.0,39.1,23.5401,3,1,-1,1.0
20,252,0.0011,-0.0,100.0,518.67,642.16,1592.5,1404.08,14.62,21.59,559.18,2388.13,9074.51,1.3,47.4,526.73,2388.14,8158.44,8.3537,0.03,393,2388,100.0,39.17,23.5949,4,4,-1,1.0
20,253,-0.0011,0.0003,100.0,518.67,642.7,1586.49,1401.52,14.62,21.59,558.78,2388.17,9063.06,1.31,47.41,526.44,2388.09,8150.55,8.3341,0.03,393,2388,100.0,39.16,23.5953,3,1,-1,1.0
20,254,0.0007,0.0003,100.0,518.67,642.21,1590.39,1402.19,14.62,21.59,558.94,2388.18,9076.78,1.3,47.41,526.55,2388.19,8151.37,8.3355,0.03,392,2388,100.0,39.22,23.584,4,4,-1,2.0
20,255,-0.0007,0.0002,100.0,518.67,641.85,1589.94,1406.58,14.62,21.59,558.39,2388.2,9078.49,1.3,47.45,526.53,2388.13,8150.09,8.2814,0.03,392,2388,100.0,39.34,23.4687,4,4,-1,1.0
20,256,-0.0019,0.0004,100.0,518.67,642.22,1586.85,1405.95,14.62,21.59,558.66,2388.14,9075.32,1.31,47.32,526.67,2388.07,8153.9,8.3448,0.03,391,2388,100.0,39.32,23.5842,3,1,-1,2.0
20,257,0.0001,-0.0001,100.0,518.67,642.36,1590.38,1405.6,14.62,21.59,559.21,2388.17,9079.0,1.31,47.49,526.9,2388.11,8153.98,8.3192,0.03,393,2388,100.0,39.43,23.4925,3,1,-1,1.0
20,258,0.0026,-0.0003,100.0,518.67,642.59,1585.53,1408.02,14.62,21.59,558.98,2388.16,9068.17,1.3,47.51,526.48,2388.14,8155.9,8.3373,0.03,392,2388,100.0,39.27,23.5448,4,4,-1,2.0
20,259,-0.0006,0.0,100.0,518.67,642.71,1586.91,1403.66,14.62,21.59,559.66,2388.14,9073.91,1.3,47.47,526.79,2388.18,8153.11,8.3127,0.03,392,2388,100.0,39.4,23.5533,4,4,-1,1.0
20,260,0.0012,-0.0003,100.0,518.67,642.05,1590.85,1399.12,14.62,21.59,558.18,2388.08,9081.26,1.31,47.57,526.38,2388.15,8156.21,8.2841,0.03,392,2388,100.0,39.31,23.4924,3,1,-1,1.0
20,261,-0.0002,0.0004,100.0,518.67,642.74,1595.59,1398.49,14.62,21.59,559.32,2388.15,9072.35,1.3,47.55,526.67,2388.13,8156.62,8.3568,0.03,393,2388,100.0,39.25,23.534,4,4,-1,1.0
20,262,-0.0011,-0.0,100.0,518.67,642.48,1587.88,1410.67,14.62,21.59,559.29,2388.18,9084.78,1.31,47.5,527.07,2388.15,8157.53,8.3258,0.03,392,2388,100.0,39.27,23.5829,3,1,-1,1.0
20,263,-0.0006,-0.0001,100.0,518.67,643.04,1582.77,1402.71,14.62,21.59,559.48,2388.17,9072.79,1.3,47.38,527.31,2388.17,8153.5,8.3276,0.03,392,2388,100.0,39.18,23.5778,4,4,-1,1.0
20,264,0.0043,0.0004,100.0,518.67,642.38,1593.77,1398.2,14.62,21.59,559.5,2388.2,9079.14,1.31,47.52,526.69,2388.2,8154.68,8.3347,0.03,393,2388,100.0,39.32,23.6279,3,1,-1,7.0
20,265,-0.0014,0.0002,100.0,518.67,642.5,1589.06,1399.87,14.62,21.59,559.82,2388.13,9075.34,1.31,47.51,527.46,2388.24,8150.42,8.3314,0.03,392,2388,100.0,39.41,23.5171,3,1,-1,6.0
20,266,0.0005,-0.0002,100.0,518.67,642.55,1589.62,1406.16,14.62,21.59,559.36,2388.12,9071.2,1.31,47.45,526.82,2388.12,8146.61,8.3635,0.03,392,2388,100.0,39.43,23.585,3,1,-1,5.0
20,267,-0.0006,0.0004,100.0,518.67,642.46,1593.42,1405.26,14.62,21.59,558.91,2388.17,9078.31,1.31,47.4,526.74,2388.16,8153.35,8.2905,0.03,393,2388,100.0,39.27,23.4567,3,1,-1,4.0
20,268,0.0012,-0.0004,100.0,518.67,642.08,1588.16,1404.15,14.62,21.59,560.02,2388.19,9078.98,1.31,47.45,527.62,2388.15,8159.69,8.3358,0.03,393,2388,100.0,39.39,23.5428,3,1,-1,3.0
20,269,-0.0011,0.0001,100.0,518.67,642.3,1591.06,1394.95,14.62,21.59,559.51,2388.21,9074.3,1.31,47.39,527.11,2388.17,8158.49,8.3242,0.03,394,2388,100.0,39.37,23.597,3,1,-1,2.0
20,270,-0.003,-0.0001,100.0,518.67,642.71,1588.24,1406.08,14.62,21.59,560.07,2388.14,9074.35,1.31,47.47,527.6,2388.15,8154.47,8.319,0.03,393,2388,100.0,39.22,23.65,3,1,-1,1.0
20,271,0.0007,0.0003,100.0,518.67,642.27,1589.6,1405.74,14.62,21.59,559.21,2388.18,9085.59,1.3,47.27,527.94,2388.16,8159.4,8.3239,0.03,394,2388,100.0,39.18,23.5475,4,4,4,3.0
20,272,-0.0003,0.0003,100.0,518.67,642.68,1590.38,1413.29,14.62,21.59,560.54,2388.18,9077.13,1.3,47.49,527.2,2388.15,8153.39,8.3151,0.03,393,2388,100.0,39.17,23.5589,4,4,-1,2.0
20,273,-0.0004,0.0004,100.0,518.67,642.77,1585.7,1407.04,14.62,21.59,560.12,2388.18,9086.28,1.3,47.62,527.56,2388.19,8158.47,8.3502,0.03,395,2388,100.0,39.15,23.5724,4,4,-1,1.0
59,1,0.0,0.0002,100.0,518.67,642.23,1583.85,1394.9,14.62,21.61,554.96,2388.01,9054.46,1.3,47.12,522.76,2387.99,8138.74,8.4077,0.03,390,2388,100.0,38.95,23.3631,4,4,-1,256.0
59,1,0.0034,0.0004,100.0,518.67,642.25,1581.78,1392.65,14.62,21.61,557.18,2388.09,9058.73,1.3,47.25,524.55,2388.06,8139.55,8.3428,0.03,391,2388,100.0,39.05,23.5627,4,4,-1,255.0
59,2,-0.0006,0.0003,100.0,518.67,641.68,1583.38,1391.57,14.62,21.61,554.44,2388.0,9048.32,1.3,47.05,522.92,2388.0,8143.46,8.4237,0.03,391,2388,100.0,39.07,23.5368,4,4,-1,254.0
59,2,-0.0005,0.0005,100.0,518.67,642.03,1582.39,1399.21,14.62,21.61,556.03,2388.04,9056.93,1.3,47.01,523.41,2388.02,8139.28,8.3432,0.03,391,2388,100.0,39.18,23.4367,4,4,-1,253.0
59,3,0.0006,0.0003,100.0,518.67,642.12,1593.37,1396.53,14.62,21.61,554.45,2388.01,9048.23,1.3,47.09,522.29,2388.04,8142.43,8.3694,0.03,391,2388,100.0,39.08,23.3646,4,4,-1,252.0
59,3,0.0013,0.0004,100.0,518.67,642.84,1579.0,1400.92,14.62,21.6,555.09,2388.05,9058.88,1.3,47.39,524.22,2388.05,8137.12,8.3611,0.03,392,2388,100.0,38.99,23.3923,4,4,-1,251.0
59,4,-0.0016,-0.0002,100.0,518.67,641.91,1582.06,1397.24,14.62,21.6,554.75,2388.01,9057.77,1.3,47.14,522.65,2388.01,8144.85,8.3991,0.03,391,2388,100.0,38.94,23.4428,4,4,-1,250.0
59,4,-0.0002,0.0002,100.0,518.67,642.17,1578.48,1393.02,14.62,21.6,555.93,2388.02,9052.16,1.3,47.08,523.85,2388.07,8142.55,8.3758,0.03,391,2388,100.0,39.14,23.5596,4,4,-1,249.0
59,5,-0.0028,-0.0003,100.0,518.67,642.45,1587.57,1397.78,14.62,21.61,553.96,2388.02,9058.48,1.3,47.15,522.12,2387.99,8139.1,8.3991,0.03,390,2388,100.0,39.18,23.503,4,4,-1,248.0
59,5,0.003,-0.0,100.0,518.67,642.07,1581.34,1397.09,14.62,21.6,556.23,2388.03,9057.58,1.3,47.17,523.52,2388.02,8137.4,8.3919,0.03,392,2388,100.0,39.2,23.5197,4,4,4,247.0
59,6,0.004,-0.0003,100.0,518.67,642.06,1581.03,1394.81,14.62,21.61,554.4,2387.99,9051.75,1.3,47.23,522.22,2387.96,8135.43,8.4062,0.03,391,2388,100.0,39.12,23.4303,4,4,-1,246.0
59,6,-0.0003,-0.0003,100.0,518.67,642.02,1593.12,1396.46,14.62,21.61,556.27,2388.08,9064.02,1.3,47.32,524.44,2388.1,8137.73,8.3818,0.03,391,2388,100.0,39.1,23.4864,4,4,-1,245.0
59,7,0.0012,-0.0003,100.0,518.67,642.27,1584.95,1396.13,14.62,21.61,555.24,2387.96,9054.09,1.3,47.07,522.2,2388.03,8135.67,8.3909,0.03,391,2388,100.0,39.03,23.4483,4,4,-1,244.0
59,7,-0.0014,0.0005,100.0,518.67,641.79,1578.76,1399.91,14.62,21.6,556.33,2388.07,9062.46,1.3,47.24,524.16,2388.01,8140.66,8.4181,0.03,392,2388,100.0,39.07,23.4112,4,4,-1,243.0
59,8,0.0029,0.0004,100.0,518.67,642.02,1583.08,1398.88,14.62,21.61,555.13,2388.01,9068.66,1.3,47.11,522.43,2387.99,8139.45,8.4222,0.03,389,2388,100.0,39.05,23.4404,4,4,-1,242.0
59,8,0.001,-0.0001,100.0,518.67,642.16,1583.02,1392.23,14.62,21.6,555.55,2388.05,9055.2,1.3,47.0,523.81,2388.1,8144.1,8.39,0.03,390,2388,100.0,39.04,23.5067,4,4,-1,241.0
59,9,-0.0003,0.0002,100.0,518.67,642.36,1576.47,1397.44,14.62,21.61,554.87,2388.01,9053.1,1.3,46.95,522.74,2387.97,8139.97,8.3953,0.03,391,2388,100.0,39.12,23.4364,4,4,-1,240.0
59,9,0.0031,-0.0003,100.0,518.67,642.53,1582.23,1395.78,14.62,21.61,556.31,2388.04,9062.77,1.3,47.11,523.55,2387.98,8140.28,8.3613,0.03,392,2388,100.0,39.29,23.4575,4,4,-1,239.0
59,10,-0.0019,-0.0004,100.0,518.67,642.46,1580.88,1395.39,14.62,21.61,555.07,2387.98,9050.94,1.3,47.23,522.5,2387.98,8141.35,8.4098,0.03,391,2388,100.0,39.04,23.4173,4,4,-1,238.0
59,10,-0.0015,0.0,100.0,518.67,642.23,1584.92,1405.12,14.62,21.61,556.5,2388.06,9066.71,1.3,47.14,524.32,2388.08,8142.68,8.3781,0.03,391,2388,100.0,39.02,23.4933,4,4,-1,237.0
59,11,0.0005,-0.0001,100.0,518.67,642.21,1583.2,1404.76,14.62,21.61,554.57,2388.0,9049.98,1.3,47.14,522.15,2387.94,8135.85,8.3806,0.03,392,2388,100.0,39.03,23.4487,4,4,-1,236.0
59,11,-0.0023,0.0002,100.0,518.67,641.61,1588.04,1394.31,14.62,21.6,555.97,2388.04,9060.78,1.3,47.24,523.3,2387.99,8136.0,8.3674,0.03,391,2388,100.0,39.32,23.4775,4,4,-1,235.0
59,12,0.0011,-0.0001,100.0,518.67,642.63,1581.27,1395.08,14.62,21.61,554.47,2388.01,9054.86,1.3,47.04,522.45,2388.02,8139.12,8.3833,0.03,392,2388,100.0,38.98,23.4486,4,4,-1,234.0
59,12,0.001,0.0005,100.0,518.67,642.46,1582.41,1398.27,14.62,21.6,555.68,2388.06,9054.92,1.3,47.32,523.56,2388.08,8146.04,8.3936,0.03,391,2388,100.0,39.1,23.4076,4,4,-1,233.0
59,13,0.0043,-0.0002,100.0,518.67,641.96,1586.06,1397.83,14.62,21.61,554.75,2387.99,9058.86,1.3,46.99,522.15,2387.98,8140.48,8.3712,0.03,392,2388,100.0,38.92,23.5137,4,4,-1,232.0
59,13,-0.0005,-0.0,100.0,518.67,641.8,1581.08,1407.93,14.62,21.61,556.73,2388.08,9062.87,1.3,47.26,524.13,2388.03,8146.52,8.3717,0.03,391,2388,100.0,39.22,23.2979,4,4,4,231.0
59,14,-0.0006,-0.0005,100.0,518.67,642.07,1581.3,1392.85,14.62,21.61,554.03,2388.03,9061.5,1.3,47.03,522.26,2388.02,8134.36,8.3657,0.03,390,2388,100.0,39.11,23.5179,4,4,-1,230.0
59,14,0.0029,-0.0004,100.0,518.67,642.54,1577.56,1401.89,14.62,21.61,556.1,2388.09,9060.87,1.3,47.09,524.04,2388.08,8138.87,8.3583,0.03,393,2388,100.0,39.01,23.4794,4,4,-1,229.0
59,15,-0.0045,-0.0003,100.0,518.67,642.06,1583.71,1395.08,14.62,21.61,554.7,2387.93,9059.47,1.3,47.12,523.06,2388.0,8136.23,8.4163,0.03,392,2388,100.0,39.08,23.4219,4,4,-1,228.0
59,15,0.0034,-0.0004,100.0,518.67,642.22,1586.53,1398.41,14.62,21.6,555.93,2388.07,9061.65,1.3,47.34,523.39,2388.05,8135.91,8.4277,0.03,392,2388,100.0,39.11,23.4552,4,4,-1,227.0
59,16,0.0014,-0.0002,100.0,518.67,641.94,1581.83,1403.74,14.62,21.61,554.99,2388.03,9053.85,1.3,47.16,522.08,2387.99,8141.52,8.4463,0.03,392,2388,100.0,39.08,23.4022,4,4,-1,226.0
59,16,-0.0002,0.0004,100.0,518.67,641.87,1582.22,1399.37,14.62,21.6,556.38,2388.06,9052.66,1.3,47.36,523.58,2387.97,8140.84,8.3975,0.03,392,2388,100.0,39.15,23.6172,4,4,-1,225.0
59,17,0.003,0.0004,100.0,518.67,641.61,1586.13,1397.73,14.62,21.61,554.8,2388.04,9063.44,1.3,47.25,522.39,2388.0,8143.47,8.4167,0.03,391,2388,100.0,38.96,23.4058,4,4,-1,224.0
59,17,-0.0009,0.0003,100.0,518.67,641.95,1588.14,1400.27,14.62,21.6,556.28,2388.0,9058.83,1.3,47.14,523.87,2388.02,8136.91,8.3619,0.03,392,2388,100.0,39.14,23.4605,4,4,-1,223.0
59,18,0.0007,0.0003,100.0,518.67,642.66,1582.76,1401.69,14.62,21.6,554.44,2387.98,9055.75,1.3,47.09,522.85,2387.96,8137.83,8.4325,0.03,391,2388,100.0,39.1,23.4539,4,4,-1,222.0
59,18,0.0003,0.0001,100.0,518.67,641.97,1584.33,1395.97,14.62,21.61,556.14,2388.06,9063.1,1.3,47.43,523.93,2388.09,8141.27,8.3694,0.03,393,2388,100.0,39.11,23.5619,4,4,-1,221.0
59,19,0.0021,-0.0005,100.0,518.67,641.97,1586.95,1390.1,14.62,21.61,554.54,2388.0,9057.81,1.3,47.17,522.35,2387.97,8142.07,8.3961,0.03,390,2388,100.0,39.08,23.3528,4,4,-1,220.0
59,19,-0.0022,-0.0002,100.0,518.67,641.8,1583.04,1399.95,14.62,21.61,556.16,2388.05,9058.49,1.3,47.23,524.69,2388.1,8137.76,8.3668,0.03,391,2388,100.0,39.16,23.4927,4,4,-1,219.0
59,20,-0.0019,0.0005,100.0,518.67,642.3,1584.6,1396.49,14.62,21.6,554.45,2387.98,9052.58,1.3,47.06,522.53,2388.03,8139.59,8.4255,0.03,391,2388,100.0,39.25,23.5442,4,4,-1,218.0
59,20,-0.0006,-0.0002,100.0,518.67,642.04,1581.91,1395.88,14.62,21.61,555.88,2387.99,9063.69,1.3,47.32,524.26,2388.14,8143.1,8.3739,0.03,390,2388,100.0,39.12,23.4925,4,4,-1,217.0
59,21,-0.0002,0.0003,100.0,518.67,642.3,1581.47,1399.84,14.62,21.61,554.76,2387.95,9058.96,1.3,47.15,522.35,2388.04,8137.05,8.3814,0.03,390,2388,100.0,39.18,23.4255,4,4,-1,216.0
59,21,0.0003,-0.0005,100.0,518.67,641.86,1581.87,1394.58,14.62,21.61,556.27,2387.99,9053.12,1.3,47.24,524.55,2388.02,8140.62,8.4029,0.03,392,2388,100.0,39.29,23.4785,4,4,-1,215.0
59,22,-0.0023,-0.0003,100.0,518.67,642.31,1591.06,1398.76,14.62,21.61,554.75,2387.99,9058.43,1.3,47.09,522.96,2387.99,8137.92,8.4299,0.03,391,2388,100.0,39.15,23.5255,4,4,-1,214.0
59,22,0.0031,-0.0001,100.0,518.67,642.15,1589.35,1398.26,14.62,21.61,556.12,2388.09,9060.83,1.3,47.29,524.23,2388.01,8141.28,8.4101,0.03,390,2388,100.0,39.14,23.5101,4,4,-1,213.0
59,23,-0.0009,0.0002,100.0,518.67,642.2,1585.82,1397.61,14.62,21.61,554.91,2388.01,9058.4,1.3,47.03,522.9,2387.99,8141.08,8.3634,0.03,392,2388,100.0,39.2,23.3611,4,4,-1,212.0
59,23,-0.0004,-0.0002,100.0,518.67,642.64,1581.73,1399.2,14.62,21.6,556.22,2388.05,9057.32,1.3,47.07,523.94,2388.05,8146.65,8.3375,0.03,393,2388,100.0,39.12,23.5292,4,4,-1,211.0
59,24,-0.0015,0.0001,100.0,518.67,642.41,1581.11,1398.28,14.62,21.61,555.24,2388.01,9055.94,1.3,47.46,522.53,2387.98,8138.81,8.4076,0.03,390,2388,100.0,39.15,23.4705,4,4,-1,210.0
59,24,-0.0012,-0.0005,100.0,518.67,641.94,1583.52,1400.96,14.62,21.61,556.86,2388.02,9053.2,1.3,47.28,523.99,2388.05,8138.56,8.3567,0.03,392,2388,100.0,39.13,23.3969,4,4,-1,209.0
59,25,-0.0031,0.0002,100.0,518.67,642.22,1579.22,1402.15,14.62,21.61,555.16,2388.01,9051.53,1.3,47.19,522.27,2387.96,8139.97,8.3888,0.03,391,2388,100.0,39.09,23.3908,4,4,-1,208.0
59,25,0.0016,0.0001,100.0,518.67,642.36,1582.02,1394.1,14.62,21.6,555.57,2388.03,9064.2,1.3,47.21,523.81,2388.1,8139.32,8.3716,0.03,390,2388,100.0,39.04,23.4451,4,4,4,207.0
59,26,0.0012,-0.0004,100.0,518.67,642.14,1592.32,1392.7,14.62,21.61,554.58,2388.03,9061.38,1.3,47.13,522.3,2388.04,8140.34,8.3785,0.03,392,2388,100.0,39.07,23.5365,4,4,-1,206.0
59,26,-0.0011,-0.0001,100.0,518.67,642.46,1585.59,1399.99,14.62,21.61,555.93,2388.08,9058.79,1.3,47.33,523.89,2388.09,8140.75,8.3532,0.03,392,2388,100.0,39.2,23.4231,4,4,-1,205.0
59,27,0.0021,-0.0005,100.0,518.67,642.08,1587.53,1396.91,14.62,21.61,553.97,2388.03,9051.92,1.3,47.14,522.89,2388.0,8133.63,8.3792,0.03,390,2388,100.0,38.98,23.3086,4,4,-1,204.0
59,27,0.0033,-0.0001,100.0,518.67,642.11,1582.32,1399.65,14.62,21.6,556.33,2388.04,9055.74,1.3,47.05,523.87,2388.02,8140.72,8.3523,0.03,391,2388,100.0,38.9,23.4878,4,4,-1,203.0
59,28,0.002,0.0001,100.0,518.67,642.07,1580.79,1393.16,14.62,21.61,555.01,2387.97,9051.83,1.3,47.3,522.45,2388.02,8139.29,8.4047,0.03,392,2388,100.0,39.27,23.3488,4,4,-1,202.0
59,28,0.0045,-0.0001,100.0,518.67,641.98,1588.82,1404.6,14.62,21.61,556.13,2388.08,9059.89,1.3,47.3,524.15,2387.98,8142.39,8.4065,0.03,390,2388,100.0,39.14,23.4533,4,4,4,201.0
59,29,-0.003,-0.0004,100.0,518.67,642.86,1584.38,1399.44,14.62,21.61,554.69,2388.01,9060.54,1.3,47.1,521.93,2387.98,8140.16,8.4304,0.03,392,2388,100.0,39.15,23.2982,4,4,4,200.0
59,29,-0.0008,0.0003,100.0,518.67,642.05,1580.89,1393.66,14.62,21.6,555.96,2388.05,9055.49,1.3,47.16,523.5,2388.06,8137.43,8.3684,0.03,392,2388,100.0,39.09,23.4294,4,4,4,199.0
59,30,-0.0029,0.0004,100.0,518.67,642.12,1576.66,1399.97,14.62,21.61,554.42,2387.97,9052.83,1.3,47.06,522.7,2387.95,8138.1,8.3812,0.03,392,2388,100.0,38.97,23.3897,4,4,-1,198.0
59,30,0.0034,0.0003,100.0,518.67,641.48,1582.05,1399.37,14.62,21.6,555.88,2388.01,9059.48,1.3,47.19,523.24,2388.05,8134.83,8.3659,0.03,391,2388,100.0,39.02,23.4763,4,4,-1,197.0
59,31,0.0015,-0.0003,100.0,518.67,642.0,1589.11,1395.91,14.62,21.6,554.56,2388.01,9058.0,1.3,47.09,522.53,2388.07,8143.7,8.381,0.03,391,2388,100.0,38.91,23.4557,4,4,-1,196.0
59,31,0.001,0.0002,100.0,518.67,641.8,1581.6,1396.99,14.62,21.61,556.26,2388.07,9055.51,1.3,47.28,524.44,2388.03,8142.31,8.363,0.03,391,2388,100.0,39.21,23.4669,4,4,-1,195.0
59,32,0.0039,0.0003,100.0,518.67,641.73,1581.49,1396.72,14.62,21.61,554.81,2388.04,9051.29,1.3,47.13,522.38,2388.02,8132.43,8.3773,0.03,391,2388,100.0,39.04,23.5383,4,4,-1,194.0
59,32,0.0002,-0.0,100.0,518.67,641.75,1589.63,1400.22,14.62,21.61,556.2,2388.1,9055.66,1.3,47.2,523.93,2387.99,8143.45,8.3786,0.03,392,2388,100.0,39.24,23.522,4,4,-1,193.0
59,33,-0.0002,0.0,100.0,518.67,642.33,1585.08,1395.03,14.62,21.61,554.78,2388.02,9057.88,1.3,47.24,522.46,2387.97,8134.83,8.3886,0.03,391,2388,100.0,39.09,23.382,4,4,-1,192.0
59,33,0.0024,-0.0005,100.0,518.67,642.07,1582.99,1395.06,14.62,21.61,556.83,2388.06,9066.22,1.3,47.04,523.93,2388.04,8141.98,8.4102,0.03,391,2388,100.0,39.04,23.3884,4,4,-1,191.0
59,34,0.0014,0.0005,100.0,518.67,642.08,1583.01,1392.14,14.62,21.6,554.48,2388.02,9061.14,1.3,47.1,522.31,2388.04,8134.0,8.4044,0.03,391,2388,100.0,39.1,23.4074,4,4,-1,190.0
59,34,0.0008,-0.0002,100.0,518.67,642.44,1576.61,1390.6,14.62,21.6,555.61,2388.09,9058.67,1.3,47.2,523.78,2388.04,8139.7,8.3913,0.03,391,2388,100.0,39.23,23.4355,4,4,-1,189.0
59,35,-0.0042,0.0004,100.0,518.67,641.95,1579.09,1397.35,14.62,21.61,554.32,2387.97,9060.9,1.3,47.02,522.67,2388.07,8143.61,8.3856,0.03,391,2388,100.0,39.13,23.3904,4,4,-1,188.0
59,35,0.0013,0.0004,100.0,518.67,641.89,1585.17,1398.63,14.62,21.61,555.21,2388.05,9061.6,1.3,47.09,523.47,2388.04,8138.4,8.373,0.03,392,2388,100.0,39.1,23.4338,4,4,-1,187.0
59,36,0.0019,0.0003,100.0,518.67,641.95,1589.87,1396.41,14.62,21.61,555.29,2387.96,9064.12,1.3,47.02,522.26,2388.0,8138.28,8.4135,0.03,390,2388,100.0,38.97,23.4566,4,4,-1,186.0
59,36,0.0041,-0.0004,100.0,518.67,642.16,1583.41,1389.39,14.62,21.6,556.09,2388.08,9057.48,1.3,47.18,524.49,2388.04,8136.15,8.407,0.03,392,2388,100.0,39.35,23.5832,4,4,-1,185.0
59,37,0.0006,-0.0001,100.0,518.67,642.42,1577.67,1398.99,14.62,21.61,554.49,2387.98,9056.82,1.3,47.17,522.01,2388.06,8134.09,8.3613,0.03,392,2388,100.0,38.95,23.3906,4,4,-1,184.0
59,37,-0.0028,-0.0002,100.0,518.67,642.55,1585.95,1402.95,14.62,21.61,556.68,2388.07,9054.02,1.3,47.3,524.29,2388.02,8138.33,8.3806,0.03,392,2388,100.0,39.24,23.4503,4,4,-1,183.0
59,38,-0.0028,0.0005,100.0,518.67,642.31,1582.94,1391.74,14.62,21.61,555.02,2388.05,9051.53,1.3,47.26,522.9,2388.02,8136.93,8.3705,0.03,392,2388,100.0,39.04,23.4085,4,4,4,182.0
59,38,-0.0043,0.0001,100.0,518.67,642.69,1582.57,1402.01,14.62,21.61,556.46,2388.09,9056.05,1.3,47.3,524.04,2388.02,8137.74,8.376,0.03,393,2388,100.0,39.13,23.5451,4,4,4,181.0
59,39,0.0034,0.0004,100.0,518.67,642.14,1587.79,1397.2,14.62,21.61,553.67,2388.01,9060.96,1.3,47.2,522.43,2388.0,8139.41,8.395,0.03,391,2388,100.0,39.13,23.3136,4,4,-1,180.0
59,39,-0.003,-0.0001,100.0,518.67,642.56,1584.49,1395.04,14.62,21.61,555.88,2388.01,9056.98,1.3,47.22,523.21,2388.01,8142.81,8.3872,0.03,392,2388,100.0,39.04,23.4627,4,4,-1,179.0
59,40,0.0025,-0.0001,100.0,518.67,641.67,1580.34,1398.95,14.62,21.61,554.49,2388.08,9057.36,1.3,47.16,522.59,2388.04,8138.98,8.3846,0.03,391,2388,100.0,39.25,23.3541,4,4,-1,178.0
59,40,0.002,0.0,100.0,518.67,641.99,1585.93,1398.48,14.62,21.6,556.85,2388.07,9062.2,1.3,47.25,524.14,2388.05,8140.16,8.3712,0.03,393,2388,100.0,39.16,23.5449,4,4,-1,177.0
59,41,0.0008,-0.0004,100.0,518.67,642.37,1576.02,1400.48,14.62,21.61,554.75,2388.01,9052.35,1.3,47.05,522.48,2388.03,8137.78,8.4202,0.03,391,2388,100.0,39.25,23.5002,4,4,-1,176.0
59,41,0.001,0.0001,100.0,518.67,642.4,1588.59,1393.78,14.62,21.6,555.61,2388.05,9059.41,1.3,47.32,524.22,2387.99,8141.73,8.387,0.03,392,2388,100.0,39.0,23.4844,4,4,-1,175.0
59,42,0.0035,0.0002,100.0,518.67,642.06,1588.54,1394.96,14.62,21.61,554.65,2387.99,9053.16,1.3,47.38,522.34,2387.99,8139.02,8.3533,0.03,391,2388,100.0,39.01,23.3713,4,4,-1,174.0
59,42,0.0018,-0.0001,100.0,518.67,641.43,1584.95,1395.19,14.62,21.6,555.8,2388.04,9056.11,1.3,47.36,524.1,2388.03,8140.96,8.3905,0.03,392,2388,100.0,39.04,23.5009,4,4,-1,173.0
59,43,0.0012,-0.0004,100.0,518.67,642.21,1576.53,1399.68,14.62,21.61,554.06,2388.01,9049.78,1.3,47.26,522.43,2387.97,8144.32,8.373,0.03,392,2388,100.0,38.93,23.5115,4,4,-1,172.0
59,43,-0.0004,0.0002,100.0,518.67,642.41,1579.98,1400.14,14.62,21.61,555.83,2388.06,9052.42,1.3,47.21,524.53,2388.04,8142.85,8.3825,0.03,392,2388,100.0,39.11,23.481,4,4,-1,171.0
59,44,-0.0005,0.0005,100.0,518.67,641.72,1590.2,1400.09,14.62,21.6,553.94,2388.03,9055.95,1.3,47.17,522.35,2387.99,8142.0,8.4216,0.03,392,2388,100.0,38.94,23.3515,4,4,-1,170.0
59,44,0.0,-0.0003,100.0,518.67,642.32,1581.49,1387.76,14.62,21.6,556.22,2388.04,9061.79,1.3,47.35,523.59,2388.1,8139.56,8.3733,0.03,392,2388,100.0,39.17,23.4288,4,4,-1,169.0
59,45,0.0024,0.0004,100.0,518.67,642.56,1578.99,1403.09,14.62,21.61,555.6,2387.96,9060.77,1.3,47.02,523.21,2387.96,8135.25,8.4064,0.03,391,2388,100.0,38.99,23.405,4,4,-1,168.0
59,45,0.0001,0.0002,100.0,518.67,642.61,1587.9,1398.74,14.62,21.6,555.74,2388.01,9061.47,1.3,47.0,523.95,2388.04,8140.66,8.3773,0.03,390,2388,100.0,39.17,23.4578,4,4,-1,167.0
59,46,0.0018,0.0,100.0,518.67,642.18,1580.76,1394.89,14.62,21.61,554.17,2388.04,9052.97,1.3,47.21,522.78,2387.98,8135.86,8.4075,0.03,392,2388,100.0,39.09,23.4232,4,4,-1,166.0
59,46,-0.0022,-0.0001,100.0,518.67,642.25,1581.09,1393.04,14.62,21.61,555.83,2388.02,9063.36,1.3,47.11,524.13,2388.05,8140.01,8.3867,0.03,391,2388,100.0,39.0,23.4693,4,4,-1,165.0
59,47,0.0016,0.0003,100.0,518.67,642.24,1582.66,1405.06,14.62,21.61,553.64,2388.0,9057.58,1.3,47.1,522.82,2388.03,8137.94,8.3928,0.03,392,2388,100.0,39.0,23.4924,4,4,-1,164.0
59,47,0.0049,0.0002,100.0,518.67,641.94,1581.12,1407.19,14.62,21.61,556.7,2388.05,9061.83,1.3,47.24,523.87,2388.07,8140.97,8.3488,0.03,391,2388,100.0,39.01,23.5566,4,4,-1,163.0
59,48,-0.0001,0.0005,100.0,518.67,641.5,1588.83,1394.15,14.62,21.61,553.94,2388.01,9055.14,1.3,47.27,522.16,2387.97,8135.83,8.4216,0.03,393,2388,100.0,39.11,23.4603,4,4,-1,162.0
59,48,-0.0004,0.0003,100.0,518.67,642.08,1587.28,1392.79,14.62,21.61,555.74,2388.08,9059.39,1.3,47.19,523.83,2388.06,8139.25,8.3789,0.03,392,2388,100.0,39.29,23.4858,4,4,-1,161.0
59,49,-0.0017,0.0004,100.0,518.67,642.28,1583.82,1397.94,14.62,21.61,554.61,2387.99,9058.71,1.3,47.2,522.17,2387.98,8142.06,8.3839,0.03,391,2388,100.0,39.12,23.3419,4,4,-1,160.0
59,49,-0.0006,0.0002,100.0,518.67,642.0,1581.17,1392.65,14.62,21.6,555.47,2388.01,9059.72,1.3,47.0,523.5,2388.05,8143.59,8.3519,0.03,392,2388,100.0,39.17,23.4167,4,4,-1,159.0
59,50,0.0032,-0.0,100.0,518.67,642.3,1588.59,1393.23,14.62,21.61,554.87,2388.0,9055.62,1.3,47.2,522.44,2387.99,8141.81,8.4101,0.03,392,2388,100.0,39.1,23.5059,4,4,-1,158.0
59,50,-0.0017,-0.0001,100.0,518.67,642.53,1585.97,1389.55,14.62,21.61,556.55,2388.08,9062.69,1.3,47.26,523.84,2388.04,8138.75,8.3911,0.03,392,2388,100.0,39.04,23.4451,4,4,-1,157.0
59,51,-0.0,-0.0004,100.0,518.67,641.72,1586.51,1403.8,14.62,21.61,554.6,2388.01,9058.5,1.3,47.11,522.39,2388.03,8140.26,8.4025,0.03,392,2388,100.0,39.07,23.5007,4,4,-1,156.0
59,51,-0.0005,0.0004,100.0,518.67,641.92,1582.25,1401.15,14.62,21.61,556.14,2388.04,9064.34,1.3,47.33,523.73,2388.07,8141.06,8.3709,0.03,391,2388,100.0,39.28,23.4394,4,4,-1,155.0
59,52,-0.0001,0.0004,100.0,518.67,642.11,1578.19,1403.12,14.62,21.61,555.22,2388.04,9058.89,1.3,47.15,522.48,2387.96,8138.77,8.4008,0.03,391,2388,100.0,39.16,23.4569,4,4,4,154.0
59,52,0.0006,0.0004,100.0,518.67,642.13,1586.43,1400.9,14.62,21.61,556.93,2388.04,9064.88,1.3,47.09,524.49,2388.0,8137.62,8.3487,0.03,392,2388,100.0,38.96,23.4186,4,4,-1,153.0
59,53,-0.0008,0.0004,100.0,518.67,642.21,1581.66,1396.66,14.62,21.61,554.36,2387.99,9056.56,1.3,47.21,522.14,2388.0,8143.23,8.3953,0.03,391,2388,100.0,38.97,23.3741,4,4,-1,152.0
59,53,-0.0006,-0.0002,100.0,518.67,642.24,1590.88,1398.32,14.62,21.61,556.55,2388.07,9058.03,1.3,47.16,524.13,2388.05,8141.59,8.3758,0.03,393,2388,100.0,39.15,23.4917,4,4,4,151.0
59,54,-0.0022,-0.0003,100.0,518.67,641.88,1582.06,1396.12,14.62,21.61,554.52,2388.04,9054.54,1.3,47.03,522.62,2387.97,8143.92,8.4257,0.03,392,2388,100.0,39.16,23.3291,4,4,-1,150.0
59,54,-0.0002,-0.0005,100.0,518.67,642.22,1582.19,1397.31,14.62,21.61,555.95,2388.1,9057.94,1.3,47.38,523.48,2388.0,8140.06,8.3817,0.03,392,2388,100.0,39.33,23.5194,4,4,-1,149.0
59,55,0.0045,0.0001,100.0,518.67,642.1,1582.29,1396.88,14.62,21.61,553.64,2388.0,9054.54,1.3,47.08,522.38,2388.0,8137.37,8.4241,0.03,390,2388,100.0,39.12,23.4798,4,4,-1,148.0
59,55,0.0047,0.0001,100.0,518.67,642.02,1584.15,1405.22,14.62,21.61,556.86,2388.07,9064.26,1.3,47.28,523.95,2388.06,8140.75,8.3737,0.03,393,2388,100.0,39.22,23.5567,4,4,-1,147.0
59,56,0.0028,0.0002,100.0,518.67,641.82,1582.02,1390.76,14.62,21.61,554.23,2387.99,9048.69,1.3,47.23,522.32,2388.06,8137.7,8.3613,0.03,392,2388,100.0,39.05,23.436,4,4,-1,146.0
59,56,0.004,0.0002,100.0,518.67,641.92,1579.66,1404.14,14.62,21.6,556.61,2388.06,9061.14,1.3,47.2,524.02,2388.11,8136.0,8.3812,0.03,393,2388,100.0,39.13,23.4429,4,4,-1,145.0
59,57,-0.0004,0.0005,100.0,518.67,642.16,1577.69,1398.25,14.62,21.61,555.09,2388.0,9061.92,1.3,47.23,522.48,2388.0,8136.56,8.3963,0.03,392,2388,100.0,39.11,23.4128,4,4,-1,144.0
59,57,0.002,0.0003,100.0,518.67,642.68,1587.66,1394.54,14.62,21.6,556.8,2388.02,9061.47,1.3,47.28,523.45,2388.01,8143.12,8.3567,0.03,392,2388,100.0,39.13,23.4447,4,4,-1,143.0
59,58,0.0009,-0.0002,100.0,518.67,642.25,1584.98,1403.11,14.62,21.61,555.15,2388.02,9053.93,1.3,47.25,522.61,2387.95,8142.66,8.3839,0.03,393,2388,100.0,39.02,23.5089,4,4,-1,142.0
59,58,-0.002,0.0002,100.0,518.67,642.14,1591.99,1392.08,14.62,21.6,556.73,2388.07,9052.79,1.3,47.12,523.62,2388.07,8144.51,8.3772,0.03,392,2388,100.0,39.03,23.4087,4,4,-1,141.0
59,59,-0.0008,-0.0004,100.0,518.67,641.74,1581.71,1395.81,14.62,21.61,554.5,2387.97,9058.97,1.3,47.06,522.82,2388.0,8142.15,8.3883,0.03,393,2388,100.0,39.09,23.5788,4,4,-1,140.0
59,59,-0.0009,-0.0003,100.0,518.67,643.0,1585.6,1406.28,14.62,21.61,556.43,2388.07,9056.6,1.3,47.35,523.97,2388.04,8145.77,8.3837,0.03,392,2388,100.0,39.27,23.4501,4,4,-1,139.0
59,60,0.0011,-0.0003,100.0,518.67,642.53,1576.88,1394.22,14.62,21.61,554.77,2387.97,9054.1,1.3,47.11,522.42,2388.0,8135.0,8.3693,0.03,391,2388,100.0,39.12,23.4605,4,4,-1,138.0
59,60,0.0007,0.0001,100.0,518.67,642.38,1584.99,1398.74,14.62,21.61,556.81,2388.02,9052.16,1.3,47.09,524.03,2388.08,8143.51,8.3481,0.03,390,2388,100.0,39.12,23.5396,4,4,-1,137.0
59,61,-0.0015,0.0005,100.0,518.67,642.15,1582.39,1401.4,14.62,21.61,553.97,2387.99,9045.61,1.3,47.16,522.15,2387.98,8140.4,8.3743,0.03,392,2388,100.0,39.06,23.3362,4,4,-1,136.0
59,61,0.0026,-0.0003,100.0,518.67,642.07,1579.31,1399.66,14.62,21.6,556.41,2388.06,9056.54,1.3,47.34,524.09,2388.02,8144.48,8.3763,0.03,391,2388,100.0,39.19,23.4533,4,4,-1,135.0
59,62,0.0037,-0.0002,100.0,518.67,641.91,1581.23,1394.37,14.62,21.61,554.42,2388.02,9059.2,1.3,47.22,522.47,2388.0,8139.56,8.3859,0.03,392,2388,100.0,39.1,23.3653,4,4,-1,134.0
59,62,-0.0027,-0.0,100.0,518.67,641.75,1583.74,1405.02,14.62,21.6,555.6,2388.08,9056.48,1.3,47.2,523.57,2388.04,8144.44,8.3834,0.03,393,2388,100.0,39.16,23.4935,4,4,-1,133.0
59,63,0.0026,0.0001,100.0,518.67,642.1,1580.94,1400.24,14.62,21.61,555.04,2387.96,9055.16,1.3,47.08,521.99,2388.06,8137.39,8.3803,0.03,391,2388,100.0,38.86,23.5182,4,4,-1,132.0
59,63,0.0005,0.0,100.0,518.67,641.86,1587.15,1392.58,14.62,21.6,556.26,2388.07,9056.54,1.3,47.13,524.32,2388.05,8138.5,8.367,0.03,391,2388,100.0,39.0,23.4996,4,4,4,131.0
59,64,0.0005,0.0002,100.0,518.67,642.38,1586.79,1401.39,14.62,21.61,555.72,2388.04,9057.28,1.3,47.0,521.99,2388.03,8140.18,8.4031,0.03,390,2388,100.0,39.05,23.4975,4,4,-1,130.0
59,64,-0.0006,0.0004,100.0,518.67,641.58,1586.45,1395.69,14.62,21.61,556.6,2388.06,9068.77,1.3,47.28,523.93,2388.1,8138.25,8.34,0.03,392,2388,100.0,39.14,23.4236,4,4,-1,129.0
59,65,0.0026,0.0005,100.0,518.67,641.61,1585.98,1398.05,14.62,21.61,554.57,2388.02,9053.58,1.3,47.29,522.16,2388.0,8141.63,8.3886,0.03,392,2388,100.0,39.11,23.346,4,4,4,128.0
59,65,0.0015,0.0,100.0,518.67,642.38,1581.83,1399.59,14.62,21.6,555.98,2388.02,9056.65,1.3,47.35,524.49,2388.07,8137.12,8.3925,0.03,391,2388,100.0,39.33,23.4896,4,4,-1,127.0
59,66,-0.0001,-0.0005,100.0,518.67,642.01,1584.5,1402.64,14.62,21.61,554.79,2388.06,9054.42,1.3,47.11,522.35,2388.02,8137.54,8.3982,0.03,392,2388,100.0,39.09,23.4249,4,4,-1,126.0
59,66,0.0003,0.0003,100.0,518.67,642.37,1586.7,1406.29,14.62,21.61,556.08,2388.05,9053.33,1.3,47.29,524.59,2387.97,8144.96,8.385,0.03,391,2388,100.0,39.09,23.4427,4,4,-1,125.0
59,67,0.0011,-0.0,100.0,518.67,641.7,1583.79,1393.19,14.62,21.61,554.03,2388.06,9059.25,1.3,47.23,522.16,2388.04,8135.64,8.3752,0.03,391,2388,100.0,39.05,23.4128,4,4,-1,124.0
59,67,-0.0009,-0.0002,100.0,518.67,642.35,1590.05,1395.36,14.62,21.6,556.82,2388.04,9059.03,1.3,47.22,523.79,2388.05,8142.65,8.3841,0.03,392,2388,100.0,39.32,23.4473,4,4,-1,123.0
59,68,0.0033,0.0001,100.0,518.67,642.17,1588.73,1402.06,14.62,21.61,554.66,2388.01,9051.79,1.3,47.15,522.4,2388.02,8138.24,8.4037,0.03,390,2388,100.0,39.04,23.369,4,4,-1,122.0
59,68,0.0002,-0.0001,100.0,518.67,641.39,1585.55,1396.51,14.62,21.61,556.71,2388.05,9057.41,1.3,47.37,523.58,2388.05,8141.94,8.369,0.03,392,2388,100.0,39.17,23.5246,4,4,-1,121.0
59,69,-0.0008,-0.0002,100.0,518.67,642.09,1578.97,1401.98,14.62,21.61,554.26,2388.08,9056.86,1.3,47.47,522.11,2387.95,8140.01,8.3892,0.03,390,2388,100.0,38.91,23.3614,4,4,-1,120.0
59,69,0.0026,0.0001,100.0,518.67,642.18,1582.8,1406.82,14.62,21.61,556.04,2388.08,9059.54,1.3,47.24,523.94,2388.07,8140.28,8.3704,0.03,390,2388,100.0,39.25,23.4406,4,4,-1,119.0
59,70,-0.001,0.0005,100.0,518.67,642.09,1580.28,1400.71,14.62,21.61,553.66,2388.01,9054.67,1.3,47.07,522.73,2387.98,8138.23,8.3928,0.03,391,2388,100.0,38.73,23.4732,4,4,-1,118.0
59,70,0.0014,0.0003,100.0,518.67,642.43,1585.15,1397.38,14.62,21.6,555.66,2388.0,9062.68,1.3,47.31,523.72,2388.02,8139.5,8.3462,0.03,390,2388,100.0,39.15,23.5529,4,4,-1,117.0
59,71,0.0012,-0.0004,100.0,518.67,642.57,1580.08,1395.4,14.62,21.61,554.14,2388.03,9055.19,1.3,47.11,522.13,2388.04,8140.6,8.3818,0.03,390,2388,100.0,38.98,23.4276,4,4,-1,116.0
59,71,0.0021,0.0003,100.0,518.67,642.03,1586.2,1397.96,14.62,21.6,555.68,2388.03,9060.28,1.3,47.27,523.59,2388.07,8140.81,8.3584,0.03,390,2388,100.0,39.13,23.5424,4,4,-1,115.0
59,72,0.0013,-0.0004,100.0,518.67,642.16,1582.33,1395.67,14.62,21.61,555.04,2388.01,9060.79,1.3,47.24,522.26,2388.01,8132.05,8.4383,0.03,393,2388,100.0,38.95,23.4486,4,4,-1,114.0
59,72,0.0002,-0.0002,100.0,518.67,642.21,1589.63,1393.02,14.62,21.61,556.7,2388.07,9063.95,1.3,47.2,524.45,2388.13,8140.39,8.3641,0.03,392,2388,100.0,39.09,23.3791,4,4,-1,113.0
59,73,0.0008,-0.0001,100.0,518.67,642.27,1583.8,1393.46,14.62,21.61,554.56,2388.03,9053.29,1.3,47.32,521.67,2388.01,8140.39,8.4184,0.03,392,2388,100.0,39.09,23.407,4,4,-1,112.0
59,73,-0.0016,-0.0004,100.0,518.67,641.3,1583.59,1397.08,14.62,21.6,555.6,2388.03,9062.16,1.3,47.26,523.99,2388.04,8143.33,8.3617,0.03,392,2388,100.0,39.15,23.3856,4,4,-1,111.0
59,74,-0.0031,0.0001,100.0,518.67,641.79,1587.15,1397.83,14.62,21.61,554.98,2388.0,9048.75,1.3,47.14,522.34,2388.02,8141.35,8.3826,0.03,391,2388,100.0,38.98,23.389,4,4,4,110.0
59,74,0.0015,0.0004,100.0,518.67,641.72,1588.68,1400.86,14.62,21.6,556.42,2388.09,9057.42,1.3,47.2,524.66,2388.06,8139.06,8.3401,0.03,391,2388,100.0,39.06,23.4725,4,4,-1,109.0
59,75,0.0001,0.0001,100.0,518.67,642.12,1588.22,1396.13,14.62,21.61,554.38,2388.06,9061.48,1.3,47.22,522.21,2387.97,8139.22,8.4326,0.03,390,2388,100.0,38.94,23.4274,4,4,-1,108.0
59,75,0.0017,0.0001,100.0,518.67,642.73,1588.15,1393.02,14.62,21.6,556.25,2388.05,9058.96,1.3,47.09,524.56,2388.04,8144.58,8.3524,0.03,392,2388,100.0,39.34,23.5984,4,4,-1,107.0
59,76,-0.004,0.0003,100.0,518.67,642.33,1581.5,1396.22,14.62,21.61,554.28,2388.02,9056.93,1.3,47.28,522.19,2388.02,8139.33,8.3942,0.03,392,2388,100.0,39.02,23.4053,4,4,4,106.0
59,76,-0.0007,-0.0002,100.0,518.67,642.0,1591.89,1401.97,14.62,21.61,556.44,2388.08,9059.01,1.3,47.19,524.8,2388.08,8148.2,8.3878,0.03,392,2388,100.0,39.13,23.4872,4,4,-1,105.0
59,77,-0.0011,0.0002,100.0,518.67,643.13,1592.05,1402.18,14.62,21.61,554.5,2388.05,9053.78,1.3,47.29,521.56,2387.97,8139.26,8.4399,0.03,392,2388,100.0,39.05,23.4276,4,4,-1,104.0
59,77,-0.0014,-0.0001,100.0,518.67,641.98,1586.58,1401.16,14.62,21.6,556.1,2388.04,9053.73,1.3,47.09,523.47,2388.05,8140.11,8.3847,0.03,392,2388,100.0,39.2,23.4746,4,4,-1,103.0
59,78,-0.0025,-0.0005,100.0,518.67,642.15,1591.32,1400.52,14.62,21.6,553.86,2388.03,9052.12,1.3,47.14,521.94,2388.01,8133.84,8.4258,0.03,392,2388,100.0,39.14,23.3966,4,4,-1,102.0
59,78,-0.0012,-0.0004,100.0,518.67,641.81,1584.82,1397.5,14.62,21.6,556.14,2388.05,9067.01,1.3,47.3,524.01,2388.05,8143.39,8.3664,0.03,392,2388,100.0,39.15,23.5453,4,4,-1,101.0
59,79,-0.0009,-0.0003,100.0,518.67,642.35,1585.13,1406.59,14.62,21.6,553.73,2388.02,9066.28,1.3,47.19,522.28,2387.99,8139.15,8.3441,0.03,389,2388,100.0,39.19,23.4185,4,4,-1,100.0
59,79,-0.0015,-0.0003,100.0,518.67,642.09,1585.19,1398.18,14.62,21.6,556.25,2388.05,9055.2,1.3,47.22,523.39,2388.08,8141.89,8.3368,0.03,391,2388,100.0,39.18,23.538,4,4,-1,99.0
59,80,-0.0016,0.0001,100.0,518.67,641.94,1589.03,1393.59,14.62,21.61,554.57,2388.06,9055.74,1.3,47.44,522.48,2388.02,8138.49,8.3854,0.03,392,2388,100.0,38.94,23.3962,4,4,-1,98.0
59,80,0.0018,0.0001,100.0,518.67,642.13,1581.43,1397.22,14.62,21.61,556.99,2388.03,9061.68,1.3,47.18,525.14,2388.04,8143.68,8.369,0.03,390,2388,100.0,39.08,23.4208,4,4,-1,97.0
59,81,0.0006,-0.0,100.0,518.67,642.4,1587.41,1397.92,14.62,21.61,553.76,2388.01,9057.15,1.3,47.24,522.5,2388.01,8136.81,8.3637,0.03,392,2388,100.0,39.13,23.3202,4,4,-1,96.0
59,81,-0.0018,0.0002,100.0,518.67,641.73,1582.4,1399.64,14.62,21.61,555.51,2388.02,9065.76,1.3,47.23,523.93,2388.09,8146.51,8.4046,0.03,393,2388,100.0,39.23,23.4783,4,4,4,95.0
59,82,0.0033,-0.0,100.0,518.67,642.65,1585.02,1393.85,14.62,21.61,554.24,2388.04,9060.18,1.3,47.31,522.24,2388.05,8141.68,8.3939,0.03,392,2388,100.0,38.98,23.4273,4,4,-1,94.0
59,82,-0.0029,-0.0003,100.0,518.67,642.11,1586.75,1402.99,14.62,21.6,557.29,2388.08,9059.25,1.3,47.23,524.57,2388.06,8142.3,8.3576,0.03,391,2388,100.0,39.13,23.5866,4,4,-1,93.0
59,83,0.0026,0.0002,100.0,518.67,642.43,1583.33,1397.74,14.62,21.6,554.23,2387.97,9056.27,1.3,47.29,522.54,2388.0,8139.35,8.3727,0.03,393,2388,100.0,39.09,23.418,4,4,-1,92.0
59,83,0.0009,-0.0003,100.0,518.67,642.67,1583.0,1399.14,14.62,21.6,556.48,2388.06,9058.44,1.3,47.28,523.78,2388.04,8145.38,8.3431,0.03,390,2388,100.0,39.17,23.4483,4,4,-1,91.0
59,84,0.0013,0.0001,100.0,518.67,642.28,1587.74,1398.63,14.62,21.6,554.54,2388.02,9059.56,1.3,47.29,522.42,2388.0,8135.48,8.4095,0.03,392,2388,100.0,39.13,23.3553,4,4,-1,90.0
59,84,0.0005,-0.0003,100.0,518.67,641.99,1584.37,1406.99,14.62,21.61,556.86,2388.08,9061.27,1.3,47.33,524.4,2388.08,8144.32,8.387,0.03,393,2388,100.0,39.18,23.5262,4,4,-1,89.0
59,85,-0.0001,-0.0001,100.0,518.67,641.92,1583.53,1395.25,14.62,21.61,554.32,2387.96,9057.2,1.3,47.17,521.84,2388.02,8137.2,8.3817,0.03,393,2388,100.0,38.99,23.3983,4,4,-1,88.0
59,85,-0.0012,0.0002,100.0,518.67,642.48,1589.18,1397.43,14.62,21.61,556.86,2388.04,9060.32,1.3,47.24,523.62,2388.09,8145.11,8.3854,0.03,391,2388,100.0,39.0,23.5657,4,4,-1,87.0
59,86,-0.0009,0.0003,100.0,518.67,641.95,1589.08,1394.79,14.62,21.61,554.12,2387.99,9056.48,1.3,47.33,522.25,2388.11,8138.67,8.428,0.03,391,2388,100.0,39.11,23.4579,4,4,4,86.0
59,86,-0.0009,0.0001,100.0,518.67,642.15,1579.89,1388.96,14.62,21.6,556.24,2388.08,9060.71,1.3,47.32,524.46,2387.99,8143.9,8.3554,0.03,391,2388,100.0,39.23,23.4732,4,4,-1,85.0
59,87,-0.0005,-0.0001,100.0,518.67,641.93,1584.3,1402.08,14.62,21.61,554.6,2388.01,9054.01,1.3,47.31,521.77,2388.05,8140.65,8.3677,0.03,391,2388,100.0,39.06,23.3425,4,4,-1,84.0
59,87,-0.0025,-0.0004,100.0,518.67,642.01,1586.12,1397.79,14.62,21.6,556.31,2388.01,9060.35,1.3,47.06,524.17,2388.06,8139.14,8.3693,0.03,392,2388,100.0,39.11,23.4805,4,4,-1,83.0
59,88,0.0024,0.0004,100.0,518.67,642.15,1582.89,1393.39,14.62,21.61,553.87,2388.05,9055.67,1.3,47.28,522.25,2388.02,8145.0,8.4089,0.03,393,2388,100.0,39.0,23.3807,4,4,-1,82.0
59,88,-0.0013,0.0004,100.0,518.67,642.26,1591.81,1399.9,14.62,21.61,557.84,2388.12,9060.48,1.3,47.27,524.28,2388.04,8144.52,8.3302,0.03,393,2388,100.0,39.1,23.5667,4,4,-1,81.0
59,89,-0.0009,-0.0,100.0,518.67,642.4,1586.9,1404.24,14.62,21.61,554.7,2388.0,9060.04,1.3,47.25,521.93,2388.02,8139.02,8.4223,0.03,391,2388,100.0,38.83,23.37,4,4,-1,80.0
59,89,-0.0015,0.0005,100.0,518.67,642.19,1587.44,1395.24,14.62,21.6,555.78,2388.02,9062.92,1.3,47.31,524.09,2388.02,8142.23,8.4004,0.03,392,2388,100.0,39.21,23.5066,4,4,-1,79.0
59,90,-0.001,0.0003,100.0,518.67,642.49,1586.55,1400.05,14.62,21.61,554.13,2388.05,9057.55,1.3,47.06,522.09,2388.06,8138.67,8.376,0.03,392,2388,100.0,38.88,23.3533,4,4,3,78.0
59,90,0.0015,-0.0002,100.0,518.67,642.17,1584.75,1402.41,14.62,21.6,556.55,2388.06,9052.77,1.3,47.28,524.17,2388.07,8137.0,8.3447,0.03,392,2388,100.0,39.26,23.5524,4,4,-1,77.0
59,91,0.0011,-0.0003,100.0,518.67,642.42,1584.92,1391.79,14.62,21.61,553.66,2388.03,9060.71,1.3,47.43,522.1,2388.04,8137.81,8.4097,0.03,391,2388,100.0,38.89,23.3571,4,4,-1,76.0
59,91,-0.0061,-0.0005,100.0,518.67,642.19,1586.1,1401.89,14.62,21.6,556.56,2388.03,9060.78,1.3,47.19,524.28,2388.06,8139.78,8.3862,0.03,392,2388,100.0,39.29,23.4786,4,4,4,75.0
59,92,-0.001,0.0002,100.0,518.67,642.03,1579.32,1402.74,14.62,21.61,554.51,2388.05,9052.27,1.3,47.15,522.03,2388.06,8136.18,8.4194,0.03,390,2388,100.0,38.89,23.4079,4,4,-1,74.0
59,92,0.001,0.0004,100.0,518.67,642.47,1581.13,1395.02,14.62,21.6,556.91,2388.09,9059.24,1.3,47.25,524.5,2388.06,8141.04,8.336,0.03,392,2388,100.0,39.08,23.4832,4,4,-1,73.0
59,93,-0.0003,0.0003,100.0,518.67,642.0,1581.74,1394.85,14.62,21.61,553.66,2388.04,9058.45,1.3,47.04,522.23,2388.01,8140.7,8.3955,0.03,391,2388,100.0,38.98,23.3652,4,4,-1,72.0
59,93,0.0037,0.0001,100.0,518.67,642.5,1586.33,1400.63,14.62,21.6,556.19,2388.09,9058.02,1.3,47.25,523.81,2388.05,8139.13,8.3695,0.03,393,2388,100.0,39.33,23.5524,4,4,-1,71.0
59,94,-0.0004,-0.0001,100.0,518.67,642.06,1587.69,1407.8,14.62,21.61,554.28,2388.03,9060.3,1.3,47.23,522.1,2388.03,8139.1,8.4026,0.03,391,2388,100.0,38.98,23.345,4,4,-1,70.0
59,94,-0.0007,0.0004,100.0,518.67,642.48,1586.73,1400.43,14.62,21.61,556.55,2388.05,9068.46,1.3,47.43,523.81,2388.07,8142.42,8.36,0.03,392,2388,100.0,39.07,23.5159,4,4,-1,69.0
59,95,0.0028,0.0005,100.0,518.67,641.94,1585.28,1395.97,14.62,21.61,553.71,2387.99,9058.05,1.3,47.1,522.08,2388.07,8138.61,8.4225,0.03,392,2388,100.0,38.92,23.4669,4,4,-1,68.0
59,95,0.0011,-0.0001,100.0,518.67,642.02,1589.17,1400.71,14.62,21.61,556.54,2388.04,9059.21,1.3,47.49,524.51,2388.11,8145.59,8.3685,0.03,390,2388,100.0,39.34,23.5412,4,4,-1,67.0
59,96,-0.0028,-0.0004,100.0,518.67,641.61,1587.45,1398.66,14.62,21.61,554.38,2388.05,9056.44,1.3,47.22,522.06,2388.03,8138.66,8.4282,0.03,392,2388,100.0,38.86,23.4697,4,4,-1,66.0
59,96,-0.0001,0.0002,100.0,518.67,642.64,1587.3,1402.69,14.62,21.61,556.2,2388.04,9073.71,1.3,47.25,524.91,2388.05,8149.05,8.3594,0.03,391,2388,100.0,39.19,23.4165,4,4,-1,65.0
59,97,-0.0019,-0.0001,100.0,518.67,642.58,1584.78,1394.47,14.62,21.61,554.65,2388.01,9061.6,1.3,47.18,522.54,2388.05,8137.53,8.3752,0.03,392,2388,100.0,39.02,23.3965,4,4,-1,64.0
59,97,0.001,0.0003,100.0,518.67,642.22,1583.85,1398.28,14.62,21.6,556.25,2388.07,9062.57,1.3,47.23,524.61,2388.05,8141.15,8.4081,0.03,392,2388,100.0,39.15,23.5002,4,4,4,63.0
59,98,-0.0036,0.0,100.0,518.67,642.25,1579.39,1402.71,14.62,21.61,554.63,2388.0,9057.98,1.3,47.4,523.1,2388.04,8141.82,8.3971,0.03,392,2388,100.0,38.94,23.3537,4,4,-1,62.0
59,98,0.0005,0.0001,100.0,518.67,641.5,1594.29,1392.61,14.62,21.61,556.87,2388.03,9058.49,1.3,47.27,524.32,2388.06,8144.8,8.374,0.03,392,2388,100.0,39.19,23.5952,4,4,-1,61.0
59,99,-0.003,0.0003,100.0,518.67,642.37,1583.53,1406.1,14.62,21.61,554.27,2388.06,9060.04,1.3,47.29,521.88,2388.07,8135.75,8.3866,0.03,392,2388,100.0,38.99,23.4044,4,4,-1,60.0
59,99,0.0024,0.0004,100.0,518.67,642.24,1584.18,1395.64,14.62,21.61,556.38,2388.09,9062.87,1.3,47.16,524.27,2388.04,8142.49,8.4214,0.03,392,2388,100.0,39.2,23.485,4,4,-1,59.0
59,100,0.001,-0.0001,100.0,518.67,641.94,1584.45,1399.26,14.62,21.61,554.32,2388.01,9046.96,1.3,47.35,522.11,2388.03,8136.99,8.4118,0.03,393,2388,100.0,39.09,23.338,4,4,-1,58.0
59,100,-0.0014,0.0,100.0,518.67,642.51,1588.06,1395.54,14.62,21.6,556.07,2388.06,9058.94,1.3,47.21,524.0,2388.06,8144.43,8.3961,0.03,391,2388,100.0,39.13,23.4883,4,4,-1,57.0
59,101,-0.0034,-0.0003,100.0,518.67,642.44,1584.1,1398.93,14.62,21.61,554.29,2388.03,9055.8,1.3,47.24,522.27,2388.05,8142.29,8.3885,0.03,393,2388,100.0,39.0,23.3741,4,4,-1,56.0
59,101,-0.0018,-0.0001,100.0,518.67,642.6,1589.69,1402.87,14.62,21.61,556.06,2388.06,9059.03,1.3,47.29,524.59,2388.05,8143.0,8.3752,0.03,391,2388,100.0,39.17,23.4279,4,4,-1,55.0
59,102,0.0018,0.0004,100.0,518.67,642.26,1581.25,1406.74,14.62,21.61,553.84,2388.03,9057.9,1.3,47.32,522.0,2388.08,8140.5,8.3927,0.03,390,2388,100.0,39.07,23.405,4,4,-1,54.0
59,102,0.003,0.0001,100.0,518.67,641.62,1579.08,1403.28,14.62,21.6,557.11,2388.11,9061.19,1.3,47.17,524.11,2388.0,8140.19,8.3772,0.03,393,2388,100.0,39.22,23.376,4,4,4,53.0
59,103,0.0009,0.0,100.0,518.67,642.35,1582.53,1398.99,14.62,21.61,554.64,2388.05,9064.58,1.3,47.28,522.5,2387.99,8141.88,8.4075,0.03,392,2388,100.0,39.05,23.3689,4,4,4,52.0
59,103,-0.0009,-0.0003,100.0,518.67,641.67,1585.77,1404.23,14.62,21.61,556.84,2388.07,9059.62,1.3,47.13,524.52,2388.06,8145.39,8.3864,0.03,393,2388,100.0,39.17,23.5416,4,4,-1,51.0
59,104,0.0004,-0.0002,100.0,518.67,642.6,1580.21,1399.9,14.62,21.61,553.7,2388.01,9052.35,1.3,47.32,521.84,2388.04,8141.54,8.4213,0.03,391,2388,100.0,39.04,23.4089,4,4,-1,50.0
59,104,-0.0013,0.0002,100.0,518.67,642.62,1578.68,1399.96,14.62,21.6,556.89,2388.06,9065.1,1.3,47.23,524.43,2388.07,8146.31,8.3778,0.03,393,2388,100.0,39.11,23.4339,4,4,-1,49.0
59,105,0.0029,0.0002,100.0,518.67,642.27,1591.08,1400.27,14.62,21.61,554.98,2388.0,9061.12,1.3,47.28,522.5,2388.03,8137.32,8.4016,0.03,390,2388,100.0,39.05,23.3102,4,4,-1,48.0
59,105,-0.0024,0.0002,100.0,518.67,642.25,1581.37,1404.68,14.62,21.6,555.86,2388.02,9057.7,1.3,47.1,524.06,2388.05,8150.25,8.3294,0.03,390,2388,100.0,39.15,23.5182,4,4,-1,47.0
59,106,0.0016,-0.0003,100.0,518.67,642.28,1589.22,1399.77,14.62,21.61,554.68,2387.95,9061.44,1.3,47.39,522.16,2388.07,8142.11,8.392,0.03,392,2388,100.0,38.96,23.4016,4,4,4,46.0
59,106,0.0019,0.0002,100.0,518.67,641.96,1587.34,1402.47,14.62,21.6,556.88,2388.04,9060.02,1.3,47.16,524.32,2388.05,8143.86,8.3754,0.03,391,2388,100.0,39.21,23.5144,4,4,-1,45.0
59,107,0.0009,-0.0002,100.0,518.67,642.47,1583.82,1408.93,14.62,21.61,554.8,2388.01,9054.88,1.3,47.22,522.27,2388.02,8137.58,8.4133,0.03,393,2388,100.0,38.92,23.333,4,4,-1,44.0
59,107,-0.0019,-0.0004,100.0,518.67,641.92,1585.16,1405.84,14.62,21.6,557.27,2388.08,9060.13,1.3,47.24,524.75,2388.09,8141.92,8.3545,0.03,390,2388,100.0,39.23,23.4824,4,4,-1,43.0
59,108,0.0038,0.0004,100.0,518.67,642.38,1590.34,1404.71,14.62,21.61,554.35,2388.05,9059.49,1.3,47.18,522.57,2388.06,8140.03,8.4295,0.03,391,2388,100.0,38.87,23.4768,4,4,-1,42.0
59,108,-0.0008,-0.0,100.0,518.67,642.2,1583.25,1401.2,14.62,21.6,556.3,2388.12,9064.88,1.3,47.51,524.78,2388.11,8142.66,8.3647,0.03,391,2388,100.0,39.08,23.4298,4,4,4,41.0
59,109,0.0007,-0.0001,100.0,518.67,642.68,1576.42,1394.53,14.62,21.61,554.47,2388.03,9057.15,1.3,47.18,522.12,2388.0,8135.83,8.3987,0.03,391,2388,100.0,38.9,23.4865,4,4,-1,40.0
59,109,0.003,0.0003,100.0,518.67,641.83,1582.4,1398.95,14.62,21.6,557.05,2388.03,9062.08,1.3,47.12,524.76,2388.08,8138.02,8.3841,0.03,391,2388,100.0,39.16,23.4401,4,4,-1,39.0
59,110,-0.0019,0.0005,100.0,518.67,641.96,1591.02,1399.34,14.62,21.61,554.21,2388.04,9055.48,1.3,47.22,522.28,2388.06,8144.9,8.4069,0.03,393,2388,100.0,39.11,23.3104,4,4,-1,38.0
59,110,0.0007,0.0002,100.0,518.67,642.15,1581.91,1396.81,14.62,21.6,555.97,2388.08,9054.16,1.3,47.18,523.96,2388.09,8141.43,8.3685,0.03,392,2388,100.0,39.04,23.5643,4,4,-1,37.0
59,111,0.0044,-0.0002,100.0,518.67,642.45,1587.74,1398.46,14.62,21.61,553.94,2388.02,9064.64,1.3,47.2,521.98,2388.03,8150.6,8.3813,0.03,391,2388,100.0,39.06,23.3443,4,4,-1,36.0
59,111,-0.0006,0.0001,100.0,518.67,642.01,1588.55,1396.01,14.62,21.6,557.6,2388.09,9063.18,1.3,47.33,525.19,2388.05,8142.34,8.3499,0.03,392,2388,100.0,39.13,23.5509,4,4,-1,35.0
59,112,0.0016,0.0004,100.0,518.67,642.1,1584.36,1401.97,14.62,21.61,554.45,2388.09,9058.32,1.3,47.15,522.52,2387.99,8132.86,8.4058,0.03,392,2388,100.0,38.92,23.2664,4,4,-1,34.0
59,112,-0.003,0.0005,100.0,518.67,641.98,1585.51,1393.59,14.62,21.6,556.15,2388.07,9059.24,1.3,47.38,524.14,2388.07,8138.17,8.3742,0.03,391,2388,100.0,39.01,23.5751,4,4,-1,33.0
59,113,0.0001,0.0004,100.0,518.67,642.06,1579.63,1398.42,14.62,21.6,554.95,2388.04,9057.85,1.3,47.35,522.22,2388.02,8145.13,8.3801,0.03,390,2388,100.0,38.96,23.4604,4,4,-1,32.0
59,113,-0.001,0.0,100.0,518.67,642.44,1593.8,1396.89,14.62,21.61,556.74,2388.05,9063.36,1.3,47.37,524.3,2388.1,8140.19,8.3272,0.03,393,2388,100.0,39.08,23.4365,4,4,-1,31.0
59,114,-0.0054,0.0002,100.0,518.67,641.98,1589.52,1403.52,14.62,21.61,554.24,2388.06,9066.28,1.3,47.17,521.77,2388.0,8140.12,8.3951,0.03,392,2388,100.0,38.85,23.4966,4,4,-1,30.0
59,114,0.0015,0.0001,100.0,518.67,642.43,1587.58,1401.36,14.62,21.61,556.92,2388.01,9061.05,1.3,47.16,524.95,2388.01,8144.27,8.3667,0.03,391,2388,100.0,39.14,23.4455,4,4,-1,29.0
59,115,0.004,0.0005,100.0,518.67,641.64,1585.52,1408.11,14.62,21.61,554.06,2388.03,9055.53,1.3,47.18,522.12,2388.02,8136.7,8.3935,0.03,391,2388,100.0,39.03,23.4566,4,4,-1,28.0
59,115,0.0009,-0.0005,100.0,518.67,641.97,1590.57,1401.24,14.62,21.6,556.4,2388.11,9065.95,1.3,47.12,524.63,2388.1,8142.91,8.3795,0.03,393,2388,100.0,39.14,23.5772,4,4,-1,27.0
59,116,0.0003,0.0005,100.0,518.67,641.91,1589.24,1402.23,14.62,21.6,554.81,2388.03,9058.52,1.3,47.15,522.17,2388.02,8140.56,8.4098,0.03,391,2388,100.0,38.84,23.3805,4,4,-1,26.0
59,116,0.0004,0.0002,100.0,518.67,642.3,1589.6,1404.1,14.62,21.61,557.14,2388.06,9066.97,1.3,47.31,524.79,2388.07,8148.63,8.395,0.03,392,2388,100.0,39.29,23.5001,4,4,-1,25.0
59,117,-0.0005,0.0,100.0,518.67,642.05,1586.52,1401.15,14.62,21.61,554.08,2388.06,9057.47,1.3,47.23,522.07,2388.1,8137.35,8.4488,0.03,391,2388,100.0,39.16,23.4362,4,4,-1,24.0
59,117,-0.0014,-0.0002,100.0,518.67,642.52,1575.69,1402.49,14.62,21.61,556.74,2388.06,9064.4,1.3,47.09,524.0,2388.03,8145.24,8.3672,0.03,391,2388,100.0,39.17,23.5725,4,4,-1,23.0
59,118,0.0024,0.0001,100.0,518.67,642.22,1592.21,1404.82,14.62,21.61,554.47,2388.02,9059.66,1.3,47.17,521.68,2388.07,8136.95,8.4077,0.03,392,2388,100.0,38.88,23.4325,4,4,-1,22.0
59,118,-0.0001,-0.0003,100.0,518.67,642.22,1586.42,1396.32,14.62,21.6,556.49,2388.08,9058.67,1.3,47.34,524.53,2388.1,8143.89,8.3508,0.03,391,2388,100.0,39.26,23.5276,4,4,-1,21.0
59,119,0.0015,0.0001,100.0,518.67,642.28,1583.23,1406.62,14.62,21.61,554.55,2388.03,9054.41,1.3,47.23,522.29,2388.02,8140.26,8.4208,0.03,392,2388,100.0,38.82,23.3247,4,4,-1,20.0
59,119,-0.0019,0.0002,100.0,518.67,642.15,1584.29,1398.82,14.62,21.61,556.85,2388.06,9058.22,1.3,47.34,524.67,2388.05,8140.99,8.3527,0.03,392,2388,100.0,39.22,23.5352,4,4,-1,19.0
59,120,-0.0013,-0.0002,100.0,518.67,641.7,1580.76,1401.0,14.62,21.61,553.9,2388.06,9056.86,1.3,47.27,521.92,2388.0,8135.15,8.456,0.03,391,2388,100.0,38.9,23.4283,4,4,-1,18.0
59,120,-0.0004,-0.0002,100.0,518.67,642.6,1583.51,1407.9,14.62,21.61,556.92,2388.07,9064.7,1.3,47.44,524.51,2388.07,8142.08,8.3708,0.03,392,2388,100.0,39.25,23.4866,4,4,-1,17.0
59,121,-0.0023,0.0004,100.0,518.67,642.27,1578.56,1391.52,14.62,21.61,554.31,2387.97,9051.69,1.3,47.15,522.69,2388.02,8143.19,8.4401,0.03,391,2388,100.0,39.14,23.4506,4,4,-1,16.0
59,121,0.0001,0.0003,100.0,518.67,642.02,1594.85,1395.15,14.62,21.6,556.29,2388.07,9063.55,1.3,47.23,524.43,2388.02,8137.28,8.3725,0.03,393,2388,100.0,39.08,23.5341,4,4,-1,15.0
59,122,0.0041,-0.0003,100.0,518.67,642.59,1577.06,1403.37,14.62,21.61,553.73,2388.02,9052.09,1.3,47.33,522.2,2388.04,8137.83,8.4119,0.03,394,2388,100.0,38.98,23.4442,4,4,-1,14.0
59,122,0.0017,-0.0,100.0,518.67,642.19,1576.79,1405.29,14.62,21.6,556.68,2388.06,9065.02,1.3,47.16,524.68,2388.05,8150.38,8.3578,0.03,393,2388,100.0,39.09,23.5031,4,4,-1,13.0
59,123,0.0001,-0.0,100.0,518.67,641.91,1585.21,1397.71,14.62,21.61,554.4,2388.06,9058.6,1.3,47.39,522.21,2388.1,8141.43,8.4365,0.03,390,2388,100.0,39.08,23.3159,4,4,-1,12.0
59,123,-0.0028,0.0004,100.0,518.67,642.9,1582.63,1399.36,14.62,21.61,556.95,2388.1,9067.89,1.3,47.34,524.92,2388.09,8143.5,8.3451,0.03,392,2388,100.0,39.22,23.6282,4,4,-1,11.0
59,124,0.0026,-0.0,100.0,518.67,642.37,1585.79,1406.47,14.62,21.61,554.05,2388.09,9058.69,1.3,47.29,521.98,2388.0,8133.53,8.4112,0.03,391,2388,100.0,38.85,23.3798,4,4,-1,10.0
59,124,0.0029,-0.0001,100.0,518.67,642.07,1586.42,1399.25,14.62,21.61,557.25,2388.12,9065.14,1.3,47.17,525.04,2388.09,8139.59,8.3922,0.03,392,2388,100.0,38.96,23.5802,4,4,-1,9.0
59,125,0.0021,-0.0003,100.0,518.67,642.22,1586.41,1402.81,14.62,21.61,553.67,2388.09,9056.41,1.3,47.25,522.08,2388.06,8142.81,8.4277,0.03,391,2388,100.0,38.98,23.3519,4,4,-1,8.0
59,125,0.0013,0.0004,100.0,518.67,642.27,1582.06,1405.44,14.62,21.6,556.69,2388.09,9060.81,1.3,47.21,524.51,2388.06,8139.55,8.3728,0.03,392,2388,100.0,39.17,23.4693,4,4,-1,7.0
59,126,0.0019,0.0004,100.0,518.67,642.29,1581.83,1409.11,14.62,21.61,553.92,2388.02,9060.72,1.3,47.22,521.69,2388.0,8136.34,8.4114,0.03,393,2388,100.0,39.02,23.2967,4,4,-1,6.0
59,126,-0.0002,0.0001,100.0,518.67,641.87,1593.94,1399.89,14.62,21.6,556.92,2388.07,9062.51,1.3,47.24,524.59,2388.12,8147.07,8.3665,0.03,392,2388,100.0,39.22,23.5009,4,4,-1,5.0
59,127,0.0007,0.0001,100.0,518.67,641.61,1585.84,1398.04,14.62,21.61,553.96,2388.02,9053.01,1.3,47.3,522.11,2388.05,8134.07,8.4088,0.03,392,2388,100.0,38.89,23.4096,4,4,-1,4.0
59,127,-0.0001,0.0004,100.0,518.67,642.65,1592.29,1398.73,14.62,21.61,557.53,2388.03,9056.76,1.31,47.33,524.72,2388.1,8141.2,8.3584,0.03,392,2388,100.0,39.25,23.4853,4,4,-1,3.0
59,128,0.0005,-0.0003,100.0,518.67,642.28,1584.21,1397.82,14.62,21.61,553.94,2388.06,9049.51,1.3,47.21,521.81,2388.05,8138.16,8.4073,0.03,392,2388,100.0,39.06,23.4329,4,4,-1,2.0
59,128,-0.002,-0.0001,100.0,518.67,642.29,1586.77,1400.94,14.62,21.6,556.85,2388.06,9067.42,1.3,47.24,524.56,2388.07,8150.11,8.3699,0.03,391,2388,100.0,39.03,23.4481,4,4,-1,1.0
59,129,-0.002,-0.0002,100.0,518.67,642.47,1584.22,1410.66,14.62,21.61,554.58,2388.03,9061.05,1.3,47.45,522.16,2388.03,8144.0,8.42,0.03,393,2388,100.0,38.85,23.3199,0,3,-1,1.0
59,129,0.0003,0.0001,100.0,518.67,642.06,1587.64,1400.52,14.62,21.61,556.49,2388.06,9065.44,1.3,47.31,524.35,2388.1,8149.14,8.3411,0.03,393,2388,100.0,39.18,23.5111,4,4,-1,3.0
59,130,-0.0024,0.0004,100.0,518.67,642.38,1591.6,1402.06,14.62,21.61,554.88,2388.08,9064.4,1.3,47.39,521.72,2388.02,8143.54,8.4178,0.03,392,2388,100.0,38.98,23.3256,4,4,-1,2.0
59,130,0.0014,-0.0005,100.0,518.67,641.69,1585.67,1394.92,14.62,21.6,558.28,2388.11,9061.99,1.3,47.34,524.98,2388.07,8141.02,8.3371,0.03,393,2388,100.0,39.25,23.5521,4,4,-1,1.0
59,131,0.0008,0.0,100.0,518.67,642.32,1586.64,1406.44,14.62,21.61,553.33,2388.02,9051.6,1.3,47.35,521.91,2388.05,8135.1,8.425,0.03,393,2388,100.0,39.01,23.322,0,3,-1,1.0
59,131,-0.0039,-0.0002,100.0,518.67,641.74,1585.88,1402.48,14.62,21.6,557.34,2388.12,9064.76,1.3,47.36,524.77,2388.08,8149.53,8.3676,0.03,390,2388,100.0,39.09,23.495,4,4,-1,9.0
59,132,0.0025,-0.0004,100.0,518.67,641.88,1587.92,1407.67,14.62,21.61,554.54,2388.05,9061.19,1.3,47.27,522.39,2388.1,8141.45,8.3939,0.03,392,2388,100.0,39.02,23.3626,4,4,4,8.0
59,132,0.0015,0.0003,100.0,518.67,642.37,1582.23,1394.65,14.62,21.6,556.94,2388.04,9059.77,1.3,47.26,524.64,2388.09,8146.56,8.3737,0.03,392,2388,100.0,39.2,23.4536,4,4,-1,7.0
59,133,0.0001,0.0002,100.0,518.67,642.12,1589.34,1407.58,14.62,21.61,554.75,2387.99,9055.71,1.3,47.31,522.66,2388.01,8138.36,8.4005,0.03,392,2388,100.0,38.91,23.3258,4,4,-1,6.0
59,133,0.0025,-0.0004,100.0,518.67,641.89,1584.4,1394.94,14.62,21.61,556.64,2388.16,9055.17,1.3,47.22,524.6,2388.1,8141.88,8.3663,0.03,391,2388,100.0,39.25,23.4952,4,4,-1,5.0
59,134,0.0029,0.0001,100.0,518.67,642.08,1587.62,1406.59,14.62,21.61,553.71,2388.0,9058.34,1.3,47.36,521.31,2388.03,8145.41,8.4122,0.03,393,2388,100.0,38.88,23.4598,4,4,-1,4.0
59,134,0.0004,-0.0001,100.0,518.67,642.45,1588.1,1401.19,14.62,21.61,557.4,2388.08,9065.45,1.3,47.36,525.13,2388.07,8147.02,8.3464,0.03,392,2388,100.0,39.13,23.4263,4,4,-1,3.0
59,135,0.001,-0.0004,100.0,518.67,642.3,1594.09,1399.73,14.62,21.61,554.14,2388.05,9056.79,1.3,47.35,522.3,2388.07,8138.82,8.4425,0.03,391,2388,100.0,39.09,23.3721,4,4,-1,2.0
59,135,-0.0042,0.0003,100.0,518.67,642.3,1578.93,1395.37,14.62,21.6,557.04,2388.08,9061.76,1.3,47.39,525.26,2388.11,8141.89,8.3595,0.03,393,2388,100.0,39.07,23.4898,4,4,-1,1.0
59,136,-0.0011,-0.0003,100.0,518.67,642.95,1591.41,1398.92,14.62,21.61,553.51,2388.07,9062.42,1.3,47.43,522.07,2388.03,8143.47,8.4015,0.03,392,2388,100.0,38.93,23.3521,0,3,-1,1.0
59,136,-0.0015,-0.0,100.0,518.67,642.46,1593.93,1400.28,14.62,21.61,557.47,2388.11,9067.48,1.3,47.28,525.13,2388.11,8143.61,8.3256,0.03,391,2388,100.0,39.12,23.5806,4,4,-1,3.0
59,137,0.0017,-0.0002,100.0,518.67,641.95,1586.64,1401.3,14.62,21.61,554.54,2388.09,9062.77,1.3,47.27,522.31,2387.99,8137.29,8.4142,0.03,392,2388,100.0,38.92,23.3298,4,4,-1,2.0
59,137,-0.0004,-0.0003,100.0,518.67,642.46,1578.9,1395.46,14.62,21.6,557.39,2388.05,9060.27,1.3,47.17,525.02,2388.06,8141.67,8.3441,0.03,392,2388,100.0,39.24,23.4735,4,4,-1,1.0
59,138,-0.0004,0.0002,100.0,518.67,642.48,1584.4,1402.19,14.62,21.61,553.74,2388.06,9059.75,1.3,47.33,521.7,2388.01,8139.57,8.4451,0.03,393,2388,100.0,38.78,23.3573,0,3,3,1.0
59,138,0.0018,-0.0001,100.0,518.67,641.69,1584.73,1391.31,14.62,21.61,557.42,2388.08,9066.29,1.3,47.37,525.05,2388.06,8142.7,8.3672,0.03,393,2388,100.0,39.11,23.5034,4,4,-1,3.0
59,139,-0.0014,0.0004,100.0,518.67,642.06,1582.55,1392.56,14.62,21.61,554.37,2388.05,9056.86,1.3,47.4,522.13,2388.0,8139.85,8.4025,0.03,391,2388,100.0,38.98,23.2939,4,4,4,2.0
59,139,-0.0018,0.0003,100.0,518.67,642.77,1588.53,1395.3,14.62,21.61,557.07,2388.07,9064.21,1.3,47.19,525.1,2388.13,8142.67,8.3588,0.03,391,2388,100.0,39.04,23.4903,4,4,-1,1.0
59,140,-0.0004,0.0001,100.0,518.67,642.48,1587.72,1400.42,14.62,21.61,554.37,2388.06,9058.04,1.3,47.46,522.21,2388.04,8137.67,8.4409,0.03,392,2388,100.0,38.81,23.3179,0,3,-1,1.0
59,140,0.0002,0.0003,100.0,518.67,642.04,1589.56,1401.97,14.62,21.61,557.01,2388.05,9065.72,1.3,47.49,524.67,2388.15,8144.82,8.3622,0.03,392,2388,100.0,39.1,23.4973,4,4,-1,3.0
59,141,-0.0012,0.0001,100.0,518.67,642.3,1586.78,1404.7,14.62,21.61,553.42,2388.02,9060.09,1.3,47.33,521.69,2388.09,8134.54,8.428,0.03,393,2388,100.0,38.9,23.4016,4,4,-1,2.0
59,141,-0.0016,0.0004,100.0,518.67,641.73,1589.15,1398.62,14.62,21.6,556.54,2388.09,9063.31,1.3,47.27,524.52,2388.05,8144.34,8.3406,0.03,392,2388,100.0,39.13,23.4756,4,4,-1,1.0
59,142,-0.0032,0.0005,100.0,518.67,642.52,1590.11,1403.03,14.62,21.61,554.27,2388.03,9061.71,1.3,47.52,521.47,2388.1,8141.1,8.427,0.03,393,2388,100.0,38.85,23.3473,0,3,-1,1.0
59,142,0.0014,0.0002,100.0,518.67,642.59,1583.64,1402.66,14.62,21.6,557.21,2388.1,9058.74,1.3,47.47,524.47,2388.08,8141.54,8.3832,0.03,391,2388,100.0,39.22,23.397,4,4,-1,3.0
59,143,-0.001,0.0002,100.0,518.67,642.39,1579.78,1396.68,14.62,21.61,554.35,2388.07,9059.87,1.3,47.38,521.7,2388.05,8137.4,8.3972,0.03,393,2388,100.0,38.99,23.3907,4,4,-1,2.0
59,143,-0.0016,-0.0002,100.0,518.67,641.61,1595.01,1399.6,14.62,21.61,556.97,2388.05,9064.8,1.3,47.36,525.09,2388.05,8143.64,8.3655,0.03,393,2388,100.0,39.21,23.6289,4,4,-1,1.0
59,144,-0.0012,-0.0,100.0,518.67,642.57,1586.57,1399.93,14.62,21.61,554.31,2388.04,9061.64,1.3,47.47,521.35,2388.05,8140.84,8.4175,0.03,392,2388,100.0,38.8,23.2849,0,3,-1,1.0
59,144,-0.0027,0.0002,100.0,518.67,642.19,1587.85,1401.96,14.62,21.6,556.59,2388.07,9060.47,1.3,47.35,524.44,2388.09,8142.2,8.3525,0.03,393,2388,100.0,39.19,23.5007,4,4,-1,3.0
59,145,-0.0007,-0.0004,100.0,518.67,642.36,1585.7,1398.05,14.62,21.61,553.64,2388.02,9056.63,1.3,47.51,522.34,2388.04,8149.47,8.4138,0.03,392,2388,100.0,38.58,23.4505,4,4,-1,2.0
59,145,-0.001,0.0004,100.0,518.67,642.45,1589.78,1399.36,14.62,21.6,557.0,2388.09,9067.04,1.3,47.29,524.62,2388.0,8149.7,8.3752,0.03,391,2388,100.0,39.1,23.4808,4,4,-1,1.0
59,146,0.0014,-0.0004,100.0,518.67,642.23,1588.89,1407.35,14.62,21.61,553.99,2388.05,9060.02,1.3,47.32,522.1,2388.1,8140.79,8.416,0.03,393,2388,100.0,39.0,23.3135,0,3,4,1.0
59,146,-0.0025,0.0002,100.0,518.67,642.33,1585.71,1400.3,14.62,21.61,556.82,2388.09,9066.06,1.3,47.38,524.95,2388.14,8148.64,8.3748,0.03,391,2388,100.0,39.28,23.4221,4,4,-1,1.0
59,147,0.0011,-0.0005,100.0,518.67,642.84,1590.65,1399.11,14.62,21.61,553.58,2388.08,9056.42,1.3,47.26,521.76,2388.07,8144.12,8.4371,0.03,392,2388,100.0,38.98,23.328,0,3,-1,1.0
59,147,-0.0021,-0.0004,100.0,518.67,641.99,1590.74,1398.39,14.62,21.6,557.68,2388.09,9062.57,1.3,47.35,525.06,2388.07,8143.26,8.3728,0.03,393,2388,100.0,39.06,23.3894,4,4,-1,7.0
59,148,0.0038,0.0002,100.0,518.67,642.3,1587.05,1403.75,14.62,21.61,554.27,2388.04,9057.08,1.3,47.47,521.65,2388.04,8142.45,8.4229,0.03,393,2388,100.0,39.08,23.3833,4,4,-1,6.0
59,148,-0.0008,0.0001,100.0,518.67,642.05,1584.57,1400.68,14.62,21.6,557.39,2388.09,9066.8,1.3,47.31,525.15,2388.06,8144.77,8.3587,0.03,391,2388,100.0,39.28,23.5154,4,4,-1,5.0
59,149,-0.0029,-0.0004,100.0,518.67,642.29,1589.45,1399.39,14.62,21.61,554.32,2388.06,9057.61,1.3,47.4,521.9,2388.01,8142.27,8.4399,0.03,392,2388,100.0,38.85,23.3294,4,4,-1,4.0
59,149,0.003,0.0003,100.0,518.67,642.47,1588.18,1396.14,14.62,21.61,557.64,2388.13,9067.33,1.3,47.15,525.21,2388.11,8143.52,8.3447,0.03,392,2388,100.0,39.32,23.5432,4,4,-1,3.0
59,150,0.0035,-0.0001,100.0,518.67,642.06,1589.26,1396.57,14.62,21.61,554.52,2388.03,9058.34,1.3,47.72,521.6,2388.09,8141.89,8.4261,0.03,391,2388,100.0,38.89,23.3266,4,4,-1,2.0
59,150,-0.0036,-0.0001,100.0,518.67,642.41,1583.8,1399.19,14.62,21.61,557.74,2388.1,9067.9,1.3,47.19,525.36,2388.09,8144.76,8.3556,0.03,392,2388,100.0,39.1,23.5585,4,4,-1,1.0
59,151,-0.0011,-0.0,100.0,518.67,642.12,1596.17,1407.15,14.62,21.61,554.04,2388.05,9054.49,1.3,47.37,521.78,2388.04,8139.0,8.3837,0.03,394,2388,100.0,38.87,23.4164,0,3,-1,1.0
59,151,-0.0006,0.0,100.0,518.67,641.81,1585.94,1400.15,14.62,21.61,557.67,2388.12,9064.52,1.3,47.46,525.58,2388.1,8143.33,8.352,0.03,393,2388,100.0,39.04,23.5184,4,4,-1,1.0
59,152,-0.0026,-0.0001,100.0,518.67,642.44,1589.44,1400.62,14.62,21.61,553.49,2388.03,9063.76,1.3,47.53,521.85,2388.02,8141.08,8.4051,0.03,395,2388,100.0,38.9,23.3299,0,3,-1,1.0
59,152,0.0029,0.0005,100.0,518.67,641.99,1589.3,1400.44,14.62,21.6,556.63,2388.11,9064.48,1.3,47.42,524.96,2388.03,8141.73,8.4026,0.03,392,2388,100.0,39.19,23.4273,4,4,-1,1.0
59,153,-0.0005,0.0002,100.0,518.67,642.27,1588.45,1403.3,14.62,21.61,553.51,2388.05,9057.01,1.3,47.48,522.25,2388.1,8139.44,8.4501,0.03,393,2388,100.0,38.99,23.3049,0,3,3,1.0
59,153,0.0017,-0.0003,100.0,518.67,642.2,1581.4,1400.88,14.62,21.61,557.54,2388.11,9058.68,1.3,47.24,525.6,2388.1,8146.78,8.3791,0.03,392,2388,100.0,39.2,23.5489,4,4,-1,3.0
59,154,-0.0025,-0.0003,100.0,518.67,642.89,1585.93,1400.01,14.62,21.61,553.57,2388.06,9060.48,1.3,47.43,522.05,2388.04,8142.38,8.414,0.03,392,2388,100.0,38.89,23.3972,4,4,-1,2.0
59,154,-0.0008,0.0003,100.0,518.67,642.25,1582.04,1397.76,14.62,21.6,557.34,2388.04,9065.45,1.3,47.28,525.16,2388.1,8143.11,8.3564,0.03,392,2388,100.0,39.09,23.5104,4,4,-1,1.0
59,155,-0.0003,-0.0003,100.0,518.67,642.65,1587.9,1405.22,14.62,21.61,552.37,2388.07,9061.24,1.3,47.39,521.23,2388.03,8143.46,8.4367,0.03,392,2388,100.0,38.93,23.4012,0,3,-1,1.0
59,155,-0.004,0.0005,100.0,518.67,642.1,1585.97,1403.97,14.62,21.61,557.25,2388.11,9068.16,1.3,47.18,525.18,2388.09,8147.35,8.3884,0.03,392,2388,100.0,39.08,23.5064,4,4,-1,1.0
59,156,-0.0,-0.0004,100.0,518.67,643.02,1589.37,1413.16,14.62,21.61,553.77,2388.08,9054.86,1.3,47.56,521.9,2388.02,8136.8,8.452,0.03,393,2388,100.0,38.81,23.3266,0,3,-1,1.0
59,156,-0.004,0.0004,100.0,518.67,642.06,1589.53,1398.15,14.62,21.61,557.76,2388.14,9065.59,1.3,47.22,525.1,2388.13,8146.01,8.3566,0.03,395,2388,100.0,39.18,23.4912,4,4,-1,1.0
59,157,-0.0007,-0.0002,100.0,518.67,642.51,1589.66,1404.14,14.62,21.61,553.6,2388.05,9063.51,1.3,47.44,521.84,2388.02,8138.31,8.4379,0.03,393,2388,100.0,38.82,23.2664,0,3,-1,1.0
59,157,-0.0,0.0003,100.0,518.67,642.4,1587.85,1403.73,14.62,21.6,557.41,2388.06,9062.57,1.3,47.26,525.76,2388.06,8143.4,8.3583,0.03,392,2388,100.0,39.15,23.5939,4,4,-1,1.0
59,158,-0.0016,0.0,100.0,518.67,642.34,1585.76,1404.45,14.62,21.61,553.61,2388.14,9062.63,1.3,47.4,521.96,2388.09,8147.65,8.4317,0.03,391,2388,100.0,38.71,23.2747,0,3,-1,1.0
59,158,0.0023,0.0001,100.0,518.67,642.7,1588.17,1405.23,14.62,21.6,556.59,2388.09,9065.48,1.3,47.14,525.37,2388.04,8147.39,8.3655,0.03,392,2388,100.0,39.03,23.509,4,4,-1,1.0
59,159,-0.0005,0.0002,100.0,518.67,642.4,1593.71,1412.32,14.62,21.61,553.58,2388.05,9056.01,1.3,47.45,521.54,2388.11,8139.07,8.4482,0.03,396,2388,100.0,38.91,23.3147,0,3,-1,1.0
59,159,-0.0021,0.0002,100.0,518.67,642.35,1587.47,1396.64,14.62,21.6,557.22,2388.15,9060.58,1.3,47.16,524.76,2388.11,8143.24,8.3389,0.03,393,2388,100.0,39.29,23.5583,4,4,-1,1.0
59,160,-0.0007,0.0003,100.0,518.67,641.94,1583.27,1402.75,14.62,21.61,553.45,2388.08,9058.87,1.3,47.48,522.17,2388.1,8143.03,8.4344,0.03,393,2388,100.0,38.77,23.3337,0,3,-1,1.0
59,160,0.0032,-0.0001,100.0,518.67,642.31,1586.88,1397.89,14.62,21.6,557.75,2388.14,9066.27,1.3,47.32,525.69,2388.11,8139.72,8.3331,0.03,390,2388,100.0,39.4,23.5363,4,4,4,1.0
59,161,-0.0018,0.0002,100.0,518.67,642.41,1589.77,1402.99,14.62,21.61,553.43,2388.09,9060.46,1.3,47.35,521.48,2388.06,8137.59,8.4209,0.03,392,2388,100.0,38.85,23.3329,0,3,-1,1.0
59,161,0.0016,0.0002,100.0,518.67,641.89,1587.38,1402.35,14.62,21.6,556.82,2388.12,9063.9,1.3,47.31,525.3,2388.11,8148.51,8.3459,0.03,392,2388,100.0,39.4,23.4936,4,4,-1,1.0
59,162,0.002,-0.0003,100.0,518.67,642.56,1594.93,1407.6,14.62,21.61,553.93,2388.08,9059.53,1.3,47.4,522.13,2388.07,8135.51,8.4104,0.03,390,2388,100.0,38.85,23.3815,0,3,4,1.0
59,162,-0.0013,-0.0004,100.0,518.67,642.34,1593.5,1401.88,14.62,21.6,557.77,2388.07,9069.46,1.3,47.19,525.27,2388.13,8147.18,8.3675,0.03,392,2388,100.0,39.17,23.5347,4,4,-1,1.0
59,163,-0.0037,0.0005,100.0,518.67,642.49,1590.16,1404.63,14.62,21.61,553.98,2388.11,9060.39,1.3,47.55,521.56,2388.11,8139.4,8.4345,0.03,393,2388,100.0,38.75,23.2671,0,3,-1,1.0
59,163,-0.0024,-0.0004,100.0,518.67,642.8,1584.2,1398.82,14.62,21.6,558.51,2388.09,9060.57,1.3,47.39,525.54,2388.09,8149.72,8.344,0.03,392,2388,100.0,38.99,23.3747,4,4,-1,1.0
59,164,-0.0003,0.0003,100.0,518.67,642.89,1586.12,1399.07,14.62,21.61,553.98,2388.14,9064.29,1.3,47.59,521.87,2388.08,8139.89,8.446,0.03,393,2388,100.0,39.14,23.3612,0,3,-1,1.0
59,164,-0.0018,0.0001,100.0,518.67,642.28,1589.25,1398.87,14.62,21.61,557.44,2388.16,9062.63,1.3,47.46,525.25,2388.05,8140.69,8.3613,0.03,391,2388,100.0,39.22,23.3884,4,4,-1,1.0
59,165,0.0002,-0.0,100.0,518.67,641.99,1592.58,1401.71,14.62,21.61,552.9,2388.04,9061.36,1.3,47.44,521.65,2388.05,8138.68,8.4388,0.03,393,2388,100.0,38.96,23.2786,0,3,-1,1.0
59,165,-0.0011,-0.0003,100.0,518.67,642.33,1586.39,1404.17,14.62,21.61,557.89,2388.12,9066.56,1.3,47.43,525.23,2388.09,8151.24,8.3639,0.03,393,2388,100.0,39.4,23.5714,4,4,-1,1.0
59,166,-0.0037,0.0,100.0,518.67,642.39,1592.19,1407.49,14.62,21.61,553.22,2388.09,9065.26,1.3,47.44,521.79,2388.13,8140.3,8.4284,0.03,393,2388,100.0,38.84,23.1786,0,3,-1,1.0
59,166,0.0031,0.0004,100.0,518.67,641.49,1597.55,1395.74,14.62,21.61,557.81,2388.12,9062.07,1.3,47.41,525.33,2388.11,8145.21,8.3322,0.03,391,2388,100.0,39.25,23.4673,4,4,-1,1.0
59,167,-0.0007,0.0,100.0,518.67,642.59,1595.82,1401.69,14.62,21.61,553.51,2388.13,9052.16,1.3,47.47,521.11,2388.11,8138.06,8.4383,0.03,394,2388,100.0,38.82,23.4042,0,3,-1,1.0
59,167,0.0021,-0.0003,100.0,518.67,642.52,1584.08,1400.37,14.62,21.6,557.27,2388.15,9069.85,1.3,47.34,525.56,2388.08,8147.76,8.3668,0.03,393,2388,100.0,39.31,23.4951,4,4,-1,1.0
59,168,-0.0047,-0.0002,100.0,518.67,642.95,1585.57,1406.48,14.62,21.61,553.12,2388.11,9056.71,1.3,47.45,522.05,2388.08,8137.48,8.4426,0.03,392,2388,100.0,38.75,23.3473,0,3,-1,1.0
59,168,-0.0001,-0.0004,100.0,518.67,642.4,1586.98,1391.32,14.62,21.6,557.27,2388.05,9058.79,1.3,47.34,525.26,2388.12,8145.83,8.368,0.03,395,2388,100.0,39.17,23.5503,4,4,4,1.0
59,169,-0.0038,-0.0004,100.0,518.67,643.08,1585.13,1402.83,14.62,21.61,553.12,2388.13,9063.16,1.3,47.59,521.39,2388.06,8135.25,8.4467,0.03,393,2388,100.0,38.81,23.217,0,3,-1,1.0
59,169,0.0015,-0.0003,100.0,518.67,642.23,1588.83,1398.15,14.62,21.61,558.71,2388.1,9067.9,1.31,47.29,525.3,2388.1,8140.76,8.3747,0.03,392,2388,100.0,39.2,23.6051,4,4,1,1.0
59,170,0.0014,-0.0004,100.0,518.67,642.82,1597.36,1409.61,14.62,21.61,553.09,2388.1,9061.49,1.3,47.67,521.72,2388.01,8145.4,8.466,0.03,393,2388,100.0,38.92,23.1998,0,3,-1,1.0
59,170,-0.0021,-0.0004,100.0,518.67,642.78,1590.04,1401.85,14.62,21.61,558.08,2388.13,9064.56,1.3,47.33,525.51,2388.09,8148.26,8.3418,0.03,391,2388,100.0,39.07,23.465,4,4,-1,1.0
59,171,-0.0005,-0.0003,100.0,518.67,642.62,1585.32,1403.53,14.62,21.61,552.97,2388.08,9063.96,1.3,47.66,521.46,2388.16,8143.62,8.4832,0.03,394,2388,100.0,38.83,23.282,0,3,-1,1.0
59,171,0.0022,-0.0005,100.0,518.67,642.08,1592.31,1399.69,14.62,21.61,557.15,2388.11,9074.09,1.3,47.35,525.41,2388.13,8146.05,8.3575,0.03,392,2388,100.0,39.13,23.5912,4,4,4,1.0
59,172,-0.003,0.0002,100.0,518.67,642.61,1588.63,1410.88,14.62,21.61,552.96,2388.14,9059.44,1.3,47.57,521.46,2388.09,8139.91,8.4631,0.03,394,2388,100.0,38.67,23.3295,0,3,-1,1.0
59,172,0.0022,-0.0005,100.0,518.67,641.67,1585.43,1405.78,14.62,21.6,557.04,2388.07,9057.38,1.3,47.42,524.23,2388.08,8147.25,8.3729,0.03,391,2388,100.0,39.05,23.417,4,4,-1,1.0
59,173,-0.0017,-0.0004,100.0,518.67,642.43,1583.66,1404.61,14.62,21.61,553.74,2388.09,9062.75,1.3,47.57,521.33,2388.08,8142.33,8.4125,0.03,393,2388,100.0,38.79,23.2746,0,3,-1,1.0
59,173,0.0023,-0.0004,100.0,518.67,641.9,1592.22,1401.19,14.62,21.6,557.84,2388.15,9066.66,1.3,47.52,525.55,2388.12,8150.29,8.3547,0.03,392,2388,100.0,39.32,23.5369,4,4,4,1.0
59,174,0.0031,-0.0003,100.0,518.67,642.31,1592.14,1410.45,14.62,21.61,552.88,2388.09,9052.88,1.3,47.6,521.55,2388.11,8139.66,8.405,0.03,394,2388,100.0,38.76,23.3065,0,3,-1,1.0
59,174,-0.0003,-0.0,100.0,518.67,642.1,1588.59,1398.74,14.62,21.61,557.64,2388.11,9062.32,1.3,47.41,525.34,2388.14,8152.15,8.3877,0.03,392,2388,100.0,39.08,23.6703,4,4,-1,1.0
59,175,-0.003,-0.0002,100.0,518.67,642.67,1592.45,1418.83,14.62,21.61,553.99,2388.1,9063.04,1.3,47.57,521.43,2388.14,8137.56,8.4446,0.03,394,2388,100.0,38.65,23.2135,0,3,-1,1.0
59,175,0.0006,0.0003,100.0,518.67,642.14,1591.73,1401.58,14.62,21.6,558.11,2388.07,9064.86,1.3,47.21,525.82,2388.08,8154.53,8.3139,0.03,392,2388,100.0,39.41,23.4933,4,4,4,1.0
59,176,-0.0005,-0.0004,100.0,518.67,642.46,1590.88,1409.38,14.62,21.61,552.92,2388.08,9067.22,1.3,47.45,521.52,2388.11,8137.38,8.4032,0.03,394,2388,100.0,38.58,23.3245,0,3,-1,1.0
59,176,0.0002,0.0004,100.0,518.67,642.67,1584.96,1408.66,14.62,21.6,557.75,2388.09,9066.17,1.3,47.52,525.79,2388.04,8146.94,8.3663,0.03,393,2388,100.0,39.19,23.4378,4,4,-1,1.0
59,177,-0.0008,0.0,100.0,518.67,643.05,1590.96,1405.81,14.62,21.61,553.2,2388.06,9068.22,1.3,47.49,521.51,2388.04,8142.78,8.444,0.03,395,2388,100.0,38.9,23.4004,0,3,-1,1.0
59,177,-0.0052,0.0005,100.0,518.67,641.87,1586.81,1403.75,14.62,21.6,557.49,2388.12,9071.18,1.3,47.25,524.91,2388.11,8144.56,8.3564,0.03,393,2388,100.0,39.17,23.4373,4,4,-1,1.0
59,178,0.0013,-0.0,100.0,518.67,642.55,1599.13,1410.31,14.62,21.61,552.5,2388.1,9062.08,1.3,47.62,521.33,2388.09,8139.39,8.436,0.03,393,2388,100.0,38.94,23.251,0,3,-1,1.0
59,178,0.0016,-0.0002,100.0,518.67,642.5,1586.03,1410.03,14.62,21.6,558.5,2388.11,9072.46,1.3,47.4,526.06,2388.13,8150.54,8.3605,0.03,392,2388,100.0,39.31,23.524,4,4,-1,1.0
59,179,0.0004,-0.0002,100.0,518.67,643.04,1596.13,1404.63,14.62,21.61,553.57,2388.1,9058.94,1.3,47.64,520.86,2388.12,8137.5,8.4453,0.03,392,2388,100.0,38.95,23.294,0,3,-1,1.0
59,179,-0.0014,-0.0001,100.0,518.67,642.31,1583.6,1397.49,14.62,21.61,558.92,2388.1,9064.75,1.31,47.36,525.72,2388.1,8147.65,8.3626,0.03,393,2388,100.0,39.19,23.5663,4,4,-1,1.0
59,180,0.0036,0.0003,100.0,518.67,642.76,1595.89,1416.18,14.62,21.61,553.04,2388.09,9066.59,1.3,47.65,521.43,2388.05,8139.2,8.4554,0.03,392,2388,100.0,38.86,23.2266,0,3,-1,1.0
59,180,0.0015,0.0004,100.0,518.67,642.06,1586.99,1398.93,14.62,21.61,559.2,2388.11,9065.63,1.3,47.42,525.84,2388.18,8146.79,8.3522,0.03,392,2388,100.0,39.12,23.5154,4,4,-1,1.0
59,181,-0.0007,-0.0004,100.0,518.67,643.03,1596.71,1410.45,14.62,21.61,553.52,2388.13,9063.12,1.3,47.45,521.15,2388.07,8143.72,8.4519,0.03,394,2388,100.0,38.86,23.3088,0,3,3,1.0
59,181,0.0015,-0.0001,100.0,518.67,642.19,1590.36,1404.38,14.62,21.61,558.12,2388.08,9065.22,1.3,47.45,525.73,2388.12,8147.0,8.3686,0.03,392,2388,100.0,39.25,23.5833,4,4,-1,1.0
59,182,-0.0011,-0.0,100.0,518.67,642.68,1590.39,1412.47,14.62,21.61,553.18,2388.1,9062.77,1.3,47.53,521.32,2388.14,8138.82,8.4415,0.03,394,2388,100.0,38.87,23.2384,0,3,-1,1.0
59,182,-0.001,-0.0002,100.0,518.67,641.74,1589.8,1399.93,14.62,21.6,558.29,2388.1,9064.96,1.3,47.22,525.89,2388.17,8153.34,8.3321,0.03,391,2388,100.0,39.22,23.512,4,4,-1,1.0
59,183,0.0042,-0.0,100.0,518.67,642.3,1587.56,1411.66,14.62,21.61,553.51,2388.12,9058.51,1.3,47.76,520.9,2388.01,8142.98,8.4523,0.03,394,2388,100.0,38.75,23.4106,0,3,-1,1.0
59,183,0.0026,-0.0,100.0,518.67,641.71,1585.17,1409.59,14.62,21.61,557.76,2388.15,9073.68,1.3,47.24,525.95,2388.16,8149.21,8.3266,0.03,392,2388,100.0,39.18,23.5291,4,4,-1,1.0
59,184,-0.0014,-0.0005,100.0,518.67,642.87,1596.72,1410.78,14.62,21.61,553.17,2388.17,9054.56,1.3,47.78,521.38,2388.12,8139.96,8.4869,0.03,392,2388,100.0,38.71,23.175,0,3,-1,1.0
59,184,0.0039,0.0,100.0,518.67,642.24,1584.96,1406.33,14.62,21.61,558.61,2388.12,9073.68,1.3,47.31,527.15,2388.11,8149.77,8.353,0.03,393,2388,100.0,39.35,23.4903,4,4,-1,1.0
59,185,-0.0005,0.0003,100.0,518.67,643.08,1594.19,1412.15,14.62,21.61,553.99,2388.12,9060.18,1.3,47.52,520.84,2388.09,8138.35,8.4346,0.03,394,2388,100.0,38.84,23.2264,0,3,-1,1.0
59,185,0.0024,0.0001,100.0,518.67,642.58,1585.8,1403.75,14.62,21.61,558.6,2388.11,9065.22,1.3,47.4,525.45,2388.16,8151.65,8.3289,0.03,392,2388,100.0,39.26,23.5502,4,4,-1,1.0
59,186,-0.0021,-0.0004,100.0,518.67,642.49,1591.65,1408.31,14.62,21.61,553.04,2388.11,9057.64,1.3,47.67,521.39,2388.06,8134.59,8.4606,0.03,394,2388,100.0,38.68,23.2328,0,3,-1,1.0
59,186,-0.0012,0.0,100.0,518.67,642.07,1590.64,1395.6,14.62,21.61,559.04,2388.14,9071.0,1.3,47.36,526.29,2388.08,8148.63,8.404,0.03,392,2388,100.0,39.29,23.4781,4,4,-1,1.0
59,187,0.0006,0.0,100.0,518.67,643.03,1586.02,1405.76,14.62,21.61,552.4,2388.16,9068.12,1.3,47.62,521.07,2388.15,8140.97,8.4359,0.03,395,2388,100.0,38.72,23.3242,0,3,-1,1.0
59,187,-0.0036,0.0,100.0,518.67,642.72,1585.02,1401.31,14.62,21.6,558.29,2388.13,9068.42,1.31,47.33,526.05,2388.12,8146.37,8.3471,0.03,393,2388,100.0,39.22,23.5511,4,4,-1,1.0
59,188,-0.0013,0.0001,100.0,518.67,643.34,1591.01,1406.32,14.62,21.61,552.85,2388.12,9063.79,1.3,47.7,521.31,2388.1,8141.38,8.426,0.03,394,2388,100.0,38.73,23.2959,0,3,-1,1.0
59,188,-0.003,-0.0003,100.0,518.67,642.33,1580.89,1404.61,14.62,21.61,558.55,2388.11,9073.14,1.3,47.45,526.63,2388.14,8150.4,8.3653,0.03,393,2388,100.0,39.27,23.4624,4,4,-1,1.0
59,189,0.0025,-0.0002,100.0,518.67,642.62,1586.19,1406.73,14.62,21.61,553.13,2388.11,9064.19,1.3,47.67,520.86,2388.13,8138.39,8.4687,0.03,395,2388,100.0,38.87,23.1882,0,3,-1,1.0
59,189,0.0047,0.0002,100.0,518.67,642.24,1589.02,1408.4,14.62,21.6,558.77,2388.14,9074.86,1.3,47.35,526.35,2388.11,8146.1,8.3605,0.03,392,2388,100.0,39.16,23.5365,4,4,-1,1.0
59,190,0.0003,-0.0003,100.0,518.67,642.69,1594.76,1414.46,14.62,21.61,552.56,2388.13,9066.86,1.3,47.81,521.16,2388.15,8144.65,8.4648,0.03,394,2388,100.0,38.71,23.3562,0,3,-1,1.0
59,190,0.0012,0.0003,100.0,518.67,642.92,1585.48,1405.14,14.62,21.61,557.83,2388.13,9066.24,1.3,47.33,525.78,2388.11,8152.43,8.3669,0.03,394,2388,100.0,39.25,23.6322,4,4,-1,1.0
59,191,0.0008,0.0,100.0,518.67,643.19,1590.32,1411.52,14.62,21.61,553.0,2388.11,9067.69,1.3,47.67,521.49,2388.16,8136.66,8.4759,0.03,395,2388,100.0,38.64,23.2527,0,3,-1,1.0
59,191,0.0036,-0.0003,100.0,518.67,642.8,1587.48,1403.62,14.62,21.6,557.81,2388.14,9072.25,1.3,47.48,526.07,2388.1,8148.04,8.3309,0.03,393,2388,100.0,39.14,23.5336,4,4,-1,1.0
59,192,0.0022,0.0002,100.0,518.67,642.82,1594.94,1406.03,14.62,21.61,552.08,2388.14,9065.11,1.3,47.59,520.83,2388.14,8141.43,8.4575,0.03,393,2388,100.0,38.86,23.3309,0,3,-1,1.0
59,192,0.0005,0.0003,100.0,518.67,641.92,1593.14,1413.84,14.62,21.61,559.09,2388.13,9071.8,1.3,47.32,525.97,2388.17,8151.2,8.3708,0.03,393,2388,100.0,39.25,23.5657,4,4,-1,1.0
59,193,0.002,0.0001,100.0,518.67,642.73,1599.8,1408.93,14.62,21.61,553.0,2388.17,9062.05,1.3,47.55,520.53,2388.15,8140.35,8.4864,0.03,395,2388,100.0,38.73,23.2154,0,3,-1,1.0
59,193,-0.0019,0.0001,100.0,518.67,642.56,1585.21,1406.53,14.62,21.61,559.09,2388.15,9068.79,1.3,47.29,525.96,2388.17,8150.89,8.3322,0.03,392,2388,100.0,39.37,23.4826,4,4,-1,1.0
59,194,-0.0038,0.0003,100.0,518.67,642.85,1601.16,1419.62,14.62,21.61,553.87,2388.15,9075.9,1.3,47.58,521.48,2388.17,8139.66,8.4777,0.03,395,2388,100.0,38.85,23.2899,0,3,-1,1.0
59,194,-0.0037,-0.0001,100.0,518.67,642.31,1588.32,1402.46,14.62,21.61,558.21,2388.13,9064.45,1.3,47.51,526.19,2388.15,8152.31,8.3592,0.03,394,2388,100.0,39.21,23.6121,4,4,-1,1.0
59,195,-0.0003,0.0004,100.0,518.67,642.59,1597.87,1425.96,14.62,21.61,553.18,2388.13,9055.0,1.3,47.69,520.56,2388.12,8137.74,8.4263,0.03,394,2388,100.0,38.78,23.2586,0,3,-1,1.0
59,195,-0.0022,-0.0002,100.0,518.67,642.5,1586.02,1407.21,14.62,21.61,559.06,2388.17,9071.53,1.3,47.46,526.4,2388.11,8148.37,8.3689,0.03,394,2388,100.0,39.18,23.571,4,4,-1,1.0
59,196,0.0001,-0.0,100.0,518.67,642.81,1598.62,1414.28,14.62,21.61,553.76,2388.17,9057.62,1.3,47.79,521.44,2388.18,8133.83,8.4619,0.03,396,2388,100.0,38.77,23.1429,0,3,-1,1.0
59,196,-0.004,-0.0003,100.0,518.67,642.71,1582.9,1405.54,14.62,21.6,558.57,2388.15,9068.92,1.3,47.48,526.34,2388.16,8152.3,8.3567,0.03,393,2388,100.0,39.2,23.4846,4,4,-1,1.0
59,197,0.0016,0.0002,100.0,518.67,643.25,1589.76,1419.41,14.62,21.61,553.4,2388.19,9062.46,1.3,47.66,520.63,2388.21,8143.15,8.4597,0.03,395,2388,100.0,38.68,23.2904,0,3,0,1.0
59,197,0.002,-0.0003,100.0,518.67,642.94,1589.61,1401.72,14.62,21.61,558.45,2388.12,9077.9,1.3,47.69,526.87,2388.11,8154.12,8.3273,0.03,392,2388,100.0,39.36,23.4767,4,4,-1,1.0
59,198,0.0009,-0.0002,100.0,518.67,642.66,1591.75,1419.49,14.62,21.61,553.06,2388.1,9059.74,1.3,47.69,520.84,2388.1,8134.79,8.436,0.03,394,2388,100.0,38.86,23.2813,0,3,-1,1.0
59,198,-0.0036,0.0001,100.0,518.67,642.83,1586.07,1411.57,14.62,21.61,559.36,2388.17,9071.51,1.31,47.56,526.78,2388.23,8160.72,8.3533,0.03,391,2388,100.0,39.16,23.5469,3,1,-1,1.0
59,199,-0.0011,0.0,100.0,518.67,643.24,1600.12,1406.74,14.62,21.61,552.68,2388.11,9065.65,1.3,47.78,521.13,2388.13,8138.65,8.4323,0.03,394,2388,100.0,38.78,23.235,0,3,-1,1.0
59,199,-0.0012,-0.0003,100.0,518.67,641.76,1585.45,1404.38,14.62,21.6,559.11,2388.14,9068.24,1.31,47.46,526.69,2388.15,8153.56,8.3398,0.03,394,2388,100.0,39.33,23.6046,3,1,-1,1.0
59,200,0.0044,-0.0002,100.0,518.67,643.15,1604.41,1413.77,14.62,21.61,552.35,2388.16,9069.71,1.3,47.72,521.05,2388.17,8141.09,8.4723,0.03,394,2388,100.0,38.69,23.3227,2,0,-1,1.0
59,200,0.002,-0.0002,100.0,518.67,641.87,1590.1,1398.31,14.62,21.6,558.96,2388.11,9077.51,1.31,47.16,526.67,2388.14,8150.93,8.3095,0.03,393,2388,100.0,39.39,23.5612,3,1,-1,1.0
59,201,-0.0002,-0.0001,100.0,518.67,642.97,1592.23,1422.52,14.62,21.61,552.79,2388.16,9060.79,1.3,47.64,520.56,2388.1,8139.88,8.4984,0.03,395,2388,100.0,38.67,23.2887,0,3,-1,1.0
59,201,0.0007,0.0,100.0,518.67,642.53,1587.48,1399.34,14.62,21.61,558.99,2388.12,9067.79,1.31,47.47,526.9,2388.14,8148.26,8.3405,0.03,394,2388,100.0,39.23,23.5876,3,1,-1,1.0
59,202,-0.0007,0.0004,100.0,518.67,643.01,1599.8,1416.56,14.62,21.61,552.86,2388.13,9059.57,1.3,47.78,520.14,2388.14,8142.87,8.4696,0.03,395,2388,100.0,38.6,23.2109,2,0,-1,1.0
59,202,-0.0011,0.0005,100.0,518.67,642.9,1591.32,1405.2,14.62,21.6,559.02,2388.11,9071.35,1.31,47.45,526.95,2388.14,8146.55,8.3452,0.03,392,2388,100.0,39.14,23.5897,3,1,-1,1.0
59,203,-0.0042,-0.0005,100.0,518.67,643.16,1596.07,1418.08,14.62,21.61,551.99,2388.19,9061.17,1.3,47.89,520.66,2388.17,8136.8,8.4535,0.03,394,2388,100.0,38.67,23.2076,2,0,-1,1.0
59,203,-0.0014,0.0,100.0,518.67,642.06,1580.05,1404.23,14.62,21.6,559.14,2388.14,9069.17,1.3,47.56,526.63,2388.13,8148.5,8.3037,0.03,392,2388,100.0,39.27,23.5837,4,4,4,1.0
59,204,0.0026,-0.0001,100.0,518.67,643.11,1580.1,1412.49,14.62,21.61,552.36,2388.11,9061.04,1.3,47.65,520.49,2388.17,8146.3,8.4868,0.03,394,2388,100.0,38.74,23.2261,0,3,-1,1.0
59,204,-0.0004,0.0004,100.0,518.67,642.41,1587.87,1400.39,14.62,21.61,558.85,2388.12,9074.08,1.31,47.34,527.0,2388.16,8149.99,8.3445,0.03,392,2388,100.0,39.29,23.5478,3,1,-1,1.0
59,205,0.0022,-0.0002,100.0,518.67,642.8,1599.21,1418.72,14.62,21.61,552.1,2388.11,9061.42,1.3,47.73,520.65,2388.13,8139.5,8.4771,0.03,394,2388,100.0,38.69,23.1832,0,3,-1,1.0
59,205,0.0024,-0.0003,100.0,518.67,642.87,1588.55,1402.97,14.62,21.6,558.47,2388.16,9073.44,1.3,47.56,526.27,2388.11,8153.53,8.3319,0.03,392,2388,100.0,39.15,23.5217,4,4,4,1.0
59,206,0.0027,-0.0002,100.0,518.67,642.73,1594.98,1420.36,14.62,21.61,551.76,2388.15,9069.01,1.3,47.75,520.55,2388.14,8142.56,8.4546,0.03,395,2388,100.0,38.8,23.2558,0,3,-1,1.0
59,206,0.0019,0.0004,100.0,518.67,642.33,1590.89,1404.99,14.62,21.6,558.9,2388.12,9076.55,1.31,47.51,527.19,2388.11,8155.75,8.3459,0.03,392,2388,100.0,39.29,23.5457,3,1,-1,1.0
59,207,0.0029,0.0,100.0,518.67,643.32,1599.41,1416.11,14.62,21.61,552.05,2388.17,9066.36,1.3,47.95,520.46,2388.2,8143.8,8.4951,0.03,396,2388,100.0,38.55,23.1637,2,0,-1,1.0
59,207,0.0002,-0.0002,100.0,518.67,642.72,1588.28,1406.78,14.62,21.6,558.98,2388.17,9072.64,1.3,47.46,527.31,2388.21,8153.01,8.3517,0.03,391,2388,100.0,39.33,23.4504,4,4,-1,1.0
59,208,-0.0018,-0.0003,100.0,518.67,642.68,1595.16,1424.0,14.62,21.61,552.05,2388.13,9060.48,1.3,48.01,520.11,2388.15,8138.67,8.4417,0.03,396,2388,100.0,38.7,23.1342,2,0,-1,1.0
59,208,0.0029,0.0004,100.0,518.67,642.55,1590.3,1415.17,14.62,21.6,558.99,2388.19,9076.67,1.3,47.27,526.95,2388.18,8153.7,8.3438,0.03,393,2388,100.0,39.33,23.5599,4,4,4,1.0
59,209,0.0033,0.0001,100.0,518.67,642.9,1596.59,1414.54,14.62,21.61,552.5,2388.19,9057.71,1.3,47.67,520.92,2388.2,8141.02,8.4795,0.03,393,2388,100.0,38.55,23.2676,0,3,-1,1.0
59,209,0.0016,-0.0004,100.0,518.67,642.74,1583.88,1405.96,14.62,21.6,559.75,2388.17,9077.58,1.31,47.39,527.37,2388.1,8155.44,8.348,0.03,391,2388,100.0,39.2,23.6388,3,1,-1,1.0
59,210,-0.0004,0.0002,100.0,518.67,643.18,1600.76,1421.0,14.62,21.61,552.12,2388.18,9059.81,1.3,47.92,520.66,2388.2,8136.4,8.4791,0.03,394,2388,100.0,38.57,23.1527,2,0,-1,1.0
59,210,-0.0017,-0.0005,100.0,518.67,642.47,1586.91,1405.12,14.62,21.6,558.91,2388.21,9072.37,1.3,47.4,526.69,2388.16,8149.85,8.2831,0.03,393,2388,100.0,39.34,23.5822,4,4,-1,1.0
59,211,0.0037,0.0001,100.0,518.67,643.08,1602.91,1416.89,14.62,21.61,551.74,2388.19,9060.02,1.3,47.94,520.25,2388.18,8136.91,8.4844,0.03,395,2388,100.0,38.76,23.2471,2,0,-1,1.0
59,211,-0.0009,-0.0003,100.0,518.67,642.48,1585.86,1404.93,14.62,21.61,559.37,2388.18,9078.39,1.31,47.43,526.65,2388.15,8155.93,8.3438,0.03,392,2388,100.0,39.33,23.6106,3,1,-1,1.0
59,212,-0.005,-0.0005,100.0,518.67,642.78,1591.39,1421.01,14.62,21.61,552.58,2388.16,9069.9,1.3,47.85,520.16,2388.15,8138.42,8.4711,0.03,395,2388,100.0,38.61,23.2378,2,0,-1,1.0
59,212,-0.0001,0.0002,100.0,518.67,642.63,1592.23,1404.73,14.62,21.61,559.81,2388.23,9069.71,1.31,47.61,526.92,2388.18,8149.86,8.3035,0.03,392,2388,100.0,39.35,23.4722,3,1,-1,1.0
59,213,-0.0006,0.0005,100.0,518.67,643.19,1600.85,1423.3,14.62,21.61,552.11,2388.21,9068.51,1.3,47.85,520.45,2388.17,8135.9,8.4901,0.03,396,2388,100.0,38.66,23.1887,2,0,-1,1.0
59,213,-0.0012,0.0005,100.0,518.67,642.46,1586.58,1405.09,14.62,21.6,559.63,2388.2,9071.45,1.31,47.42,526.43,2388.16,8153.07,8.33,0.03,393,2388,100.0,39.4,23.5727,3,1,-1,1.0
59,214,-0.0018,-0.0003,100.0,518.67,643.2,1597.76,1417.63,14.62,21.61,552.05,2388.21,9070.95,1.3,47.91,520.68,2388.18,8144.15,8.4853,0.03,394,2388,100.0,38.38,23.1812,2,0,-1,1.0
59,214,0.003,-0.0002,100.0,518.67,642.39,1588.52,1401.33,14.62,21.6,559.55,2388.17,9069.42,1.31,47.36,526.38,2388.15,8153.98,8.3256,0.03,393,2388,100.0,39.38,23.4724,3,1,-1,1.0
59,215,-0.0024,-0.0001,100.0,518.67,643.34,1594.58,1418.44,14.62,21.61,551.59,2388.21,9062.7,1.3,47.92,520.53,2388.22,8137.86,8.4852,0.03,398,2388,100.0,38.58,23.2726,2,0,-1,1.0
59,215,-0.0009,-0.0001,100.0,518.67,643.36,1580.71,1409.91,14.62,21.61,558.47,2388.15,9076.56,1.31,47.42,527.08,2388.19,8148.45,8.3025,0.03,394,2388,100.0,39.23,23.6666,3,1,1,1.0
59,216,-0.0,0.0002,100.0,518.67,643.57,1598.79,1425.27,14.62,21.61,552.32,2388.18,9066.73,1.3,47.95,520.28,2388.24,8135.99,8.5073,0.03,394,2388,100.0,38.72,23.2616,2,0,-1,1.0
59,216,0.0002,-0.0005,100.0,518.67,642.33,1593.93,1406.39,14.62,21.6,560.16,2388.18,9073.7,1.31,47.49,527.51,2388.18,8157.42,8.3346,0.03,393,2388,100.0,39.25,23.6174,3,1,-1,1.0
59,217,-0.001,-0.0001,100.0,518.67,642.34,1598.51,1418.95,14.62,21.61,551.86,2388.22,9063.76,1.3,47.86,519.86,2388.19,8136.29,8.4928,0.03,394,2388,100.0,38.58,23.1679,2,0,-1,1.0
59,217,0.0014,0.0001,100.0,518.67,642.34,1589.45,1404.89,14.62,21.6,559.57,2388.2,9071.6,1.31,47.54,527.53,2388.18,8158.88,8.3537,0.03,394,2388,100.0,39.28,23.5234,3,1,-1,1.0
59,218,-0.0054,0.0002,100.0,518.67,643.64,1598.02,1414.18,14.62,21.61,552.43,2388.23,9060.62,1.3,47.92,519.61,2388.21,8138.12,8.5318,0.03,395,2388,100.0,38.34,23.1616,2,0,-1,1.0
59,218,-0.0022,-0.0004,100.0,518.67,642.47,1596.66,1403.26,14.62,21.6,559.95,2388.15,9076.66,1.31,47.56,526.95,2388.16,8154.41,8.3423,0.03,394,2388,100.0,39.4,23.4955,3,1,-1,1.0
59,219,0.0027,-0.0005,100.0,518.67,643.27,1599.87,1417.33,14.62,21.61,552.05,2388.25,9071.83,1.3,47.96,519.96,2388.22,8138.8,8.5069,0.03,395,2388,100.0,38.55,23.0707,2,0,-1,1.0
59,219,-0.0015,-0.0,100.0,518.67,642.67,1586.26,1411.48,14.62,21.61,560.15,2388.23,9084.15,1.31,47.5,527.45,2388.18,8149.13,8.3274,0.03,392,2388,100.0,39.23,23.5915,3,1,-1,1.0
59,220,-0.0014,0.0002,100.0,518.67,643.84,1602.08,1417.58,14.62,21.61,551.62,2388.23,9061.17,1.3,47.95,520.26,2388.23,8140.33,8.5077,0.03,396,2388,100.0,38.39,23.145,2,0,-1,1.0
59,220,-0.0012,-0.0001,100.0,518.67,642.73,1590.52,1407.62,14.62,21.61,559.09,2388.19,9077.88,1.31,47.42,527.47,2388.18,8158.69,8.3391,0.03,393,2388,100.0,39.26,23.5461,3,1,-1,1.0
59,221,0.0008,-0.0004,100.0,518.67,643.14,1596.25,1424.94,14.62,21.61,552.14,2388.23,9062.56,1.3,48.24,520.45,2388.22,8133.85,8.4918,0.03,395,2388,100.0,38.65,23.1631,2,0,-1,1.0
59,221,0.0018,-0.0003,100.0,518.67,642.31,1585.94,1407.45,14.62,21.61,559.72,2388.23,9073.11,1.31,47.32,527.0,2388.16,8155.15,8.315,0.03,393,2388,100.0,39.21,23.6093,3,1,-1,1.0
59,222,-0.0024,0.0004,100.0,518.67,643.41,1601.25,1427.51,14.62,21.61,552.04,2388.22,9058.2,1.3,48.1,519.87,2388.26,8145.15,8.5008,0.03,395,2388,100.0,38.45,23.1103,2,0,-1,1.0
59,222,0.0009,-0.0003,100.0,518.67,642.45,1583.55,1410.15,14.62,21.6,560.01,2388.19,9082.72,1.31,47.36,527.59,2388.21,8163.43,8.3105,0.03,393,2388,100.0,39.2,23.7011,3,1,-1,1.0
59,223,0.0001,0.0,100.0,518.67,643.6,1602.46,1424.16,14.62,21.61,551.68,2388.2,9066.96,1.3,48.22,520.07,2388.24,8140.02,8.4959,0.03,394,2388,100.0,38.49,23.1274,2,0,-1,1.0
59,223,-0.0036,-0.0003,100.0,518.67,642.39,1582.86,1405.4,14.62,21.61,560.11,2388.15,9083.55,1.31,47.53,528.26,2388.19,8158.61,8.3017,0.03,393,2388,100.0,39.09,23.6239,3,1,-1,1.0
59,224,-0.0032,0.0001,100.0,518.67,643.64,1593.92,1420.56,14.62,21.61,551.66,2388.21,9070.84,1.3,48.08,519.62,2388.19,8138.09,8.5062,0.03,397,2388,100.0,38.35,23.0915,2,0,-1,1.0
59,224,-0.0013,-0.0004,100.0,518.67,642.71,1592.83,1411.35,14.62,21.61,560.09,2388.21,9076.72,1.31,47.55,527.6,2388.16,8157.93,8.3316,0.03,395,2388,100.0,39.09,23.5951,3,1,-1,1.0
59,225,0.003,0.0004,100.0,518.67,643.76,1604.01,1422.57,14.62,21.61,551.64,2388.24,9063.62,1.3,48.16,520.3,2388.26,8132.3,8.5162,0.03,397,2388,100.0,38.43,23.0844,2,0,-1,1.0
59,225,-0.0034,-0.0004,100.0,518.67,642.5,1589.69,1405.81,14.62,21.6,559.84,2388.22,9080.73,1.31,47.53,527.66,2388.22,8156.78,8.3439,0.03,393,2388,100.0,39.41,23.7025,3,1,1,1.0
59,226,0.0012,-0.0002,100.0,518.67,643.47,1591.33,1420.92,14.62,21.61,552.27,2388.23,9062.85,1.3,48.25,520.05,2388.28,8140.27,8.4971,0.03,396,2388,100.0,38.44,23.0291,2,0,-1,1.0
59,226,0.0044,-0.0002,100.0,518.67,642.5,1597.04,1402.13,14.62,21.61,560.32,2388.24,9078.53,1.31,47.48,528.37,2388.19,8156.13,8.3193,0.03,393,2388,100.0,39.3,23.5406,3,1,-1,1.0
59,227,-0.004,-0.0003,100.0,518.67,643.36,1603.48,1425.92,14.62,21.61,551.83,2388.23,9067.15,1.3,48.08,519.24,2388.19,8143.16,8.5272,0.03,395,2388,100.0,38.43,23.035,2,0,-1,1.0
59,227,-0.001,-0.0002,100.0,518.67,643.09,1585.67,1401.15,14.62,21.61,560.6,2388.2,9083.33,1.31,47.43,527.45,2388.23,8157.39,8.3427,0.03,391,2388,100.0,39.33,23.6067,3,1,-1,1.0
59,228,-0.0,-0.0001,100.0,518.67,643.58,1599.79,1432.85,14.62,21.61,551.3,2388.22,9068.13,1.3,48.08,519.36,2388.2,8135.62,8.5353,0.03,396,2388,100.0,38.56,23.0203,2,0,-1,1.0
59,228,-0.0008,0.0001,100.0,518.67,642.58,1593.74,1411.91,14.62,21.61,560.52,2388.22,9075.5,1.31,47.47,528.34,2388.2,8152.9,8.3331,0.03,393,2388,100.0,39.19,23.5902,3,1,-1,1.0
59,229,0.0016,-0.0001,100.0,518.67,643.62,1602.36,1429.64,14.62,21.61,551.35,2388.22,9073.2,1.3,48.41,519.44,2388.26,8143.48,8.5208,0.03,396,2388,100.0,38.38,23.0154,2,0,0,1.0
59,229,-0.004,0.0,100.0,518.67,642.47,1592.3,1402.42,14.62,21.61,560.74,2388.19,9082.0,1.31,47.45,528.27,2388.2,8157.26,8.355,0.03,392,2388,100.0,39.25,23.5578,3,1,-1,1.0
59,230,-0.0016,-0.0004,100.0,518.67,643.93,1597.9,1429.54,14.62,21.61,551.33,2388.28,9066.11,1.3,48.14,518.99,2388.27,8138.19,8.5105,0.03,397,2388,100.0,38.51,23.0253,2,0,-1,1.0
59,230,0.0001,0.0003,100.0,518.67,642.15,1591.85,1413.22,14.62,21.61,560.24,2388.16,9079.07,1.31,47.36,528.34,2388.17,8153.18,8.348,0.03,393,2388,100.0,39.57,23.643,3,1,-1,1.0
59,231,0.002,-0.0004,100.0,518.67,643.47,1599.56,1425.87,14.62,21.61,550.88,2388.28,9063.69,1.3,48.14,519.09,2388.24,8141.32,8.5155,0.03,395,2388,100.0,38.44,23.0258,2,0,-1,1.0
82,1,0.0,-0.0002,100.0,518.67,641.73,1582.64,1401.58,14.62,21.61,555.37,2387.98,9064.54,1.3,47.09,522.39,2387.99,8148.75,8.383,0.03,391,2388,100.0,38.84,23.4584,4,4,-1,266.0
82,1,0.0023,-0.0003,100.0,518.67,642.0,1582.9,1400.84,14.62,21.6,556.32,2388.03,9061.73,1.3,47.29,524.08,2388.08,8136.28,8.3786,0.03,393,2388,100.0,39.24,23.4747,4,4,-1,265.0
82,2,-0.0025,0.0001,100.0,518.67,642.07,1585.1,1395.89,14.62,21.61,554.94,2387.99,9060.04,1.3,47.32,522.48,2387.98,8145.71,8.4002,0.03,392,2388,100.0,39.1,23.5238,4,4,-1,264.0
82,2,0.0002,-0.0002,100.0,518.67,641.93,1577.82,1396.6,14.62,21.6,556.74,2388.04,9057.92,1.3,47.21,523.77,2388.06,8141.32,8.3637,0.03,392,2388,100.0,39.25,23.5501,4,4,-1,263.0
82,3,-0.0038,0.0003,100.0,518.67,641.86,1588.69,1394.02,14.62,21.61,554.86,2388.0,9057.61,1.3,47.23,522.57,2387.98,8143.7,8.3877,0.03,391,2388,100.0,39.0,23.478,4,4,-1,262.0
82,3,0.0027,0.0004,100.0,518.67,642.17,1588.37,1404.04,14.62,21.6,555.83,2387.99,9057.89,1.3,47.03,523.3,2388.07,8139.12,8.3807,0.03,390,2388,100.0,39.15,23.4771,4,4,-1,261.0
82,4,0.0023,-0.0,100.0,518.67,641.99,1584.03,1400.45,14.62,21.61,554.45,2388.01,9068.18,1.3,47.27,522.3,2388.06,8142.17,8.379,0.03,392,2388,100.0,38.79,23.4673,4,4,4,260.0
82,4,0.0007,0.0003,100.0,518.67,641.85,1590.47,1396.0,14.62,21.6,555.78,2388.08,9062.02,1.3,47.21,523.06,2388.06,8146.56,8.3848,0.03,391,2388,100.0,39.25,23.518,4,4,-1,259.0
82,5,0.0047,0.0004,100.0,518.67,642.32,1579.79,1399.32,14.62,21.61,554.39,2387.99,9062.71,1.3,47.16,522.72,2388.01,8145.3,8.3988,0.03,390,2388,100.0,38.94,23.3646,4,4,-1,258.0
82,5,0.0019,0.0004,100.0,518.67,642.09,1582.56,1404.55,14.62,21.6,556.39,2388.05,9062.95,1.3,47.36,524.21,2388.06,8142.83,8.3553,0.03,391,2388,100.0,39.26,23.498,4,4,-1,257.0
82,6,-0.0005,-0.0002,100.0,518.67,642.26,1578.0,1398.33,14.62,21.61,554.55,2387.96,9056.97,1.3,47.17,522.64,2388.03,8140.26,8.3997,0.03,392,2388,100.0,38.91,23.2786,4,4,-1,256.0
82,6,0.0002,0.0001,100.0,518.67,642.29,1585.96,1395.13,14.62,21.6,555.92,2388.02,9057.51,1.3,46.98,523.58,2388.04,8138.65,8.39,0.03,392,2388,100.0,39.1,23.467,4,4,4,255.0
82,7,0.0016,-0.0001,100.0,518.67,641.85,1582.53,1398.36,14.62,21.61,555.13,2388.0,9061.69,1.3,47.04,522.16,2388.01,8135.09,8.3652,0.03,392,2388,100.0,38.94,23.4544,4,4,-1,254.0
82,7,-0.0015,0.0004,100.0,518.67,641.97,1586.89,1397.4,14.62,21.6,556.57,2388.06,9063.5,1.3,47.28,524.08,2388.04,8143.47,8.3653,0.03,393,2388,100.0,39.12,23.4463,4,4,-1,253.0
82,8,-0.0045,0.0004,100.0,518.67,642.17,1575.42,1397.17,14.62,21.61,554.52,2388.04,9062.38,1.3,47.0,522.05,2388.0,8139.57,8.403,0.03,391,2388,100.0,39.1,23.2782,4,4,-1,252.0
82,8,0.0003,0.0003,100.0,518.67,642.2,1583.6,1399.0,14.62,21.6,555.52,2388.01,9058.58,1.3,47.24,523.86,2388.04,8144.03,8.3366,0.03,392,2388,100.0,39.1,23.4807,4,4,-1,251.0
82,9,-0.0026,0.0002,100.0,518.67,642.02,1585.46,1396.68,14.62,21.61,554.13,2388.02,9066.0,1.3,47.23,522.41,2388.0,8141.06,8.3675,0.03,391,2388,100.0,38.91,23.3556,4,4,-1,250.0
82,9,0.0002,-0.0003,100.0,518.67,641.28,1583.75,1403.65,14.62,21.6,555.88,2388.03,9059.73,1.3,47.13,523.81,2387.97,8140.65,8.3774,0.03,390,2388,100.0,39.12,23.5301,4,4,-1,249.0
82,10,0.0002,-0.0005,100.0,518.67,641.57,1580.98,1395.96,14.62,21.6,554.8,2388.0,9057.55,1.3,47.1,522.84,2387.94,8146.73,8.4018,0.03,391,2388,100.0,39.05,23.6184,4,4,-1,248.0
82,10,0.0056,0.0002,100.0,518.67,641.94,1588.91,1404.73,14.62,21.6,556.37,2388.04,9056.29,1.3,47.18,524.94,2388.09,8143.02,8.347,0.03,391,2388,100.0,39.17,23.431,4,4,-1,247.0
82,11,-0.0031,-0.0005,100.0,518.67,641.96,1585.18,1397.2,14.62,21.61,554.36,2388.0,9057.97,1.3,47.31,521.94,2387.95,8143.87,8.3901,0.03,391,2388,100.0,39.03,23.3743,4,4,-1,246.0
82,11,-0.0043,0.0005,100.0,518.67,642.09,1581.17,1404.28,14.62,21.6,556.47,2388.03,9052.12,1.3,47.15,524.08,2388.06,8146.77,8.3629,0.03,392,2388,100.0,39.15,23.4394,4,4,-1,245.0
82,12,-0.0037,-0.0005,100.0,518.67,642.48,1590.69,1401.2,14.62,21.61,554.19,2388.02,9063.7,1.3,47.19,522.25,2387.96,8141.06,8.3848,0.03,390,2388,100.0,39.11,23.465,4,4,-1,244.0
82,12,0.0017,0.0005,100.0,518.67,642.29,1583.87,1394.31,14.62,21.6,556.55,2388.05,9061.73,1.3,47.19,523.91,2388.11,8140.08,8.3786,0.03,393,2388,100.0,39.36,23.3869,4,4,-1,243.0
82,13,-0.0013,0.0004,100.0,518.67,641.91,1587.03,1395.05,14.62,21.61,554.84,2388.01,9069.0,1.3,47.08,522.48,2387.97,8144.88,8.4022,0.03,392,2388,100.0,39.13,23.4688,4,4,-1,242.0
82,13,-0.0003,0.0003,100.0,518.67,642.35,1591.12,1397.03,14.62,21.6,556.54,2388.08,9063.38,1.3,47.19,524.2,2388.09,8142.77,8.3478,0.03,393,2388,100.0,39.21,23.559,4,4,-1,241.0
82,14,-0.0016,-0.0001,100.0,518.67,641.88,1586.63,1392.92,14.62,21.61,554.91,2388.05,9063.69,1.3,47.28,522.74,2387.91,8145.15,8.4291,0.03,391,2388,100.0,38.95,23.4104,4,4,-1,240.0
82,14,-0.0014,-0.0001,100.0,518.67,642.05,1587.69,1400.52,14.62,21.6,556.03,2388.05,9059.83,1.3,47.13,523.52,2388.01,8141.76,8.3259,0.03,391,2388,100.0,39.12,23.5261,4,4,-1,239.0
82,15,0.0,-0.0003,100.0,518.67,641.95,1592.11,1397.32,14.62,21.61,554.35,2388.01,9057.31,1.3,47.1,522.36,2388.02,8143.4,8.4285,0.03,391,2388,100.0,39.18,23.4827,4,4,-1,238.0
82,15,0.0011,-0.0005,100.0,518.67,642.31,1588.13,1403.89,14.62,21.6,555.75,2388.08,9057.48,1.3,47.16,524.08,2388.1,8140.17,8.3681,0.03,392,2388,100.0,39.19,23.5077,4,4,-1,237.0
82,16,0.0022,-0.0004,100.0,518.67,642.63,1582.57,1392.57,14.62,21.61,554.8,2388.0,9061.83,1.3,47.05,521.74,2388.03,8145.17,8.3906,0.03,393,2388,100.0,38.96,23.4677,4,4,-1,236.0
82,16,-0.001,-0.0,100.0,518.67,641.76,1582.35,1403.71,14.62,21.6,555.9,2388.04,9061.34,1.3,47.18,524.13,2388.04,8148.35,8.3746,0.03,393,2388,100.0,39.13,23.4262,4,4,-1,235.0
82,17,0.002,-0.0003,100.0,518.67,641.77,1571.06,1397.03,14.62,21.61,554.75,2387.92,9053.68,1.3,47.21,522.73,2387.98,8144.86,8.3977,0.03,390,2388,100.0,38.98,23.4522,4,4,-1,234.0
82,17,-0.0029,0.0001,100.0,518.67,642.1,1587.47,1400.72,14.62,21.6,555.92,2388.04,9063.02,1.3,47.16,523.84,2388.07,8141.27,8.3255,0.03,391,2388,100.0,39.14,23.5118,4,4,-1,233.0
82,18,-0.0017,-0.0001,100.0,518.67,642.22,1583.64,1392.33,14.62,21.61,554.66,2388.0,9064.23,1.3,47.05,522.89,2387.99,8148.94,8.4178,0.03,391,2388,100.0,38.95,23.3059,4,4,-1,232.0
82,18,-0.0027,0.0,100.0,518.67,642.57,1580.9,1391.4,14.62,21.6,555.94,2388.06,9061.82,1.3,47.17,524.08,2388.07,8137.11,8.339,0.03,392,2388,100.0,39.27,23.5325,4,4,-1,231.0
82,19,-0.0011,-0.0002,100.0,518.67,641.87,1587.92,1394.24,14.62,21.6,554.38,2388.03,9064.01,1.3,47.17,522.5,2388.04,8141.87,8.3713,0.03,390,2388,100.0,39.0,23.3893,4,4,-1,230.0
82,19,-0.0,-0.0003,100.0,518.67,642.05,1585.73,1395.61,14.62,21.6,555.42,2388.02,9069.56,1.3,47.25,523.44,2388.01,8139.2,8.3532,0.03,391,2388,100.0,38.98,23.4282,4,4,-1,229.0
82,20,0.0016,-0.0005,100.0,518.67,641.97,1587.51,1403.92,14.62,21.61,554.47,2388.02,9064.24,1.3,47.02,522.35,2387.98,8138.39,8.3547,0.03,392,2388,100.0,39.12,23.3263,4,4,-1,228.0
82,20,0.0011,0.0,100.0,518.67,641.79,1588.33,1407.4,14.62,21.6,556.71,2388.03,9058.58,1.3,47.18,523.96,2388.04,8145.65,8.3464,0.03,391,2388,100.0,39.21,23.4795,4,4,-1,227.0
82,21,-0.0005,0.0004,100.0,518.67,642.17,1579.35,1396.69,14.62,21.61,554.89,2388.05,9056.46,1.3,47.08,522.29,2388.01,8149.35,8.3839,0.03,391,2388,100.0,38.96,23.4393,4,4,-1,226.0
82,21,0.0004,0.0003,100.0,518.67,642.29,1583.16,1395.04,14.62,21.59,556.07,2388.04,9064.92,1.3,47.26,523.68,2388.05,8145.51,8.4158,0.03,391,2388,100.0,39.09,23.4555,4,4,-1,225.0
82,22,-0.0009,-0.0002,100.0,518.67,642.14,1583.34,1409.18,14.62,21.61,555.43,2387.99,9061.35,1.3,47.24,522.65,2388.01,8147.63,8.3894,0.03,391,2388,100.0,39.02,23.3779,4,4,-1,224.0
82,22,0.0003,-0.0001,100.0,518.67,642.48,1586.77,1403.17,14.62,21.6,556.66,2388.01,9056.6,1.3,47.18,524.19,2388.08,8142.9,8.355,0.03,391,2388,100.0,39.08,23.5561,4,4,-1,223.0
82,23,0.0013,0.0004,100.0,518.67,642.48,1586.52,1396.22,14.62,21.61,553.94,2388.07,9053.32,1.3,47.24,522.38,2388.02,8141.54,8.3883,0.03,392,2388,100.0,39.09,23.387,4,4,-1,222.0
82,23,0.0054,-0.0002,100.0,518.67,642.14,1581.72,1399.68,14.62,21.6,555.16,2388.04,9058.14,1.3,46.97,523.83,2388.01,8139.32,8.3524,0.03,392,2388,100.0,39.09,23.4846,4,4,-1,221.0
82,24,-0.0016,0.0004,100.0,518.67,642.16,1585.12,1388.77,14.62,21.61,554.81,2388.01,9058.33,1.3,47.09,522.96,2387.97,8147.67,8.3778,0.03,393,2388,100.0,38.93,23.4291,4,4,-1,220.0
82,24,-0.0018,0.0,100.0,518.67,642.26,1590.87,1402.1,14.62,21.6,556.3,2388.05,9061.31,1.3,47.25,524.23,2388.02,8143.81,8.3854,0.03,392,2388,100.0,39.33,23.5111,4,4,-1,219.0
82,25,-0.0016,0.0003,100.0,518.67,642.48,1583.22,1392.81,14.62,21.61,554.59,2388.05,9062.85,1.3,47.19,522.25,2387.96,8142.57,8.3922,0.03,393,2388,100.0,39.06,23.3843,4,4,-1,218.0
82,25,-0.0006,0.0004,100.0,518.67,642.1,1586.38,1396.14,14.62,21.6,556.35,2388.09,9057.41,1.3,47.26,524.17,2388.05,8142.88,8.3526,0.03,392,2388,100.0,39.02,23.4982,4,4,-1,217.0
82,26,0.0007,0.0002,100.0,518.67,642.17,1589.67,1398.34,14.62,21.61,554.37,2387.98,9059.52,1.3,47.06,523.24,2388.02,8142.81,8.4059,0.03,390,2388,100.0,39.21,23.5001,4,4,-1,216.0
82,26,-0.0009,0.0001,100.0,518.67,641.58,1580.71,1398.12,14.62,21.6,556.38,2388.04,9057.15,1.3,47.45,523.68,2388.05,8147.21,8.3879,0.03,390,2388,100.0,39.19,23.517,4,4,4,215.0
82,27,-0.0026,0.0001,100.0,518.67,642.15,1582.41,1397.58,14.62,21.61,554.6,2388.02,9067.98,1.3,47.19,522.7,2387.98,8145.04,8.4044,0.03,390,2388,100.0,39.0,23.3612,4,4,-1,214.0
82,27,-0.0025,0.0,100.0,518.67,642.39,1588.47,1393.08,14.62,21.6,555.97,2388.04,9059.97,1.3,47.23,523.91,2387.96,8142.95,8.371,0.03,392,2388,100.0,39.24,23.4343,4,4,4,213.0
82,28,-0.0007,0.0002,100.0,518.67,642.17,1579.05,1395.33,14.62,21.61,554.5,2388.01,9059.04,1.3,47.2,522.77,2387.96,8143.16,8.377,0.03,392,2388,100.0,39.03,23.4513,4,4,-1,212.0
82,28,0.0002,-0.0003,100.0,518.67,642.19,1588.86,1393.2,14.62,21.6,556.27,2388.01,9060.24,1.3,47.43,524.18,2388.08,8142.04,8.3649,0.03,392,2388,100.0,39.14,23.5423,4,4,-1,211.0
82,29,0.0004,-0.0,100.0,518.67,641.73,1579.71,1398.81,14.62,21.61,555.52,2387.99,9063.28,1.3,47.28,522.16,2388.0,8147.25,8.3936,0.03,390,2388,100.0,39.11,23.3655,4,4,-1,210.0
82,29,-0.0007,-0.0002,100.0,518.67,641.85,1581.77,1397.18,14.62,21.6,555.52,2388.06,9061.65,1.3,47.17,523.99,2388.09,8138.94,8.3677,0.03,390,2388,100.0,39.18,23.4812,4,4,-1,209.0
82,30,-0.0006,-0.0005,100.0,518.67,642.51,1587.88,1398.81,14.62,21.61,554.41,2387.97,9056.53,1.3,47.34,522.37,2387.98,8144.33,8.3788,0.03,393,2388,100.0,38.99,23.4129,4,4,-1,208.0
82,30,0.0006,0.0003,100.0,518.67,642.35,1592.88,1403.62,14.62,21.6,555.94,2388.08,9063.98,1.3,47.19,524.55,2388.07,8151.25,8.371,0.03,390,2388,100.0,39.28,23.4698,4,4,4,207.0
82,31,0.0005,0.0003,100.0,518.67,641.7,1576.42,1388.63,14.62,21.61,553.78,2387.99,9064.33,1.3,47.26,522.45,2387.96,8144.92,8.385,0.03,391,2388,100.0,39.04,23.393,4,4,4,206.0
82,31,0.0027,-0.0,100.0,518.67,641.95,1586.61,1402.26,14.62,21.59,555.33,2388.07,9056.25,1.3,47.17,523.25,2388.06,8145.38,8.3484,0.03,392,2388,100.0,39.14,23.4567,4,4,-1,205.0
82,32,-0.0036,-0.0005,100.0,518.67,642.21,1587.83,1393.2,14.62,21.61,555.09,2388.07,9064.33,1.3,47.01,522.51,2387.99,8147.31,8.3882,0.03,391,2388,100.0,38.96,23.454,4,4,-1,204.0
82,32,-0.0026,0.0002,100.0,518.67,641.98,1586.62,1398.1,14.62,21.6,556.1,2388.01,9052.41,1.3,47.28,525.06,2388.05,8143.54,8.342,0.03,391,2388,100.0,39.27,23.4423,4,4,-1,203.0
82,33,0.0005,0.0003,100.0,518.67,642.31,1584.74,1394.85,14.62,21.6,555.06,2388.0,9069.51,1.3,47.34,522.4,2388.01,8142.4,8.3721,0.03,391,2388,100.0,39.0,23.279,4,4,-1,202.0
82,33,0.0013,-0.0003,100.0,518.67,642.24,1587.99,1401.08,14.62,21.59,555.82,2388.01,9055.95,1.3,47.19,523.03,2388.03,8141.38,8.394,0.03,390,2388,100.0,39.2,23.5173,4,4,-1,201.0
82,34,-0.0016,0.0004,100.0,518.67,642.31,1591.06,1393.82,14.62,21.61,554.35,2388.01,9064.27,1.3,47.14,522.35,2387.98,8144.74,8.3862,0.03,391,2388,100.0,39.09,23.4441,4,4,4,200.0
82,34,0.0014,-0.0002,100.0,518.67,642.08,1582.8,1394.97,14.62,21.6,555.87,2388.08,9059.51,1.3,47.31,523.01,2388.06,8140.81,8.3724,0.03,392,2388,100.0,39.15,23.4944,4,4,-1,199.0
82,35,-0.0006,-0.0002,100.0,518.67,642.34,1584.24,1391.89,14.62,21.61,554.65,2387.96,9065.11,1.3,47.33,522.51,2388.03,8143.67,8.4042,0.03,391,2388,100.0,39.13,23.3572,4,4,-1,198.0
82,35,0.0033,0.0,100.0,518.67,641.88,1592.78,1407.1,14.62,21.6,555.93,2388.07,9062.75,1.3,47.56,523.7,2388.02,8141.3,8.3662,0.03,392,2388,100.0,39.18,23.4209,4,4,-1,197.0
82,36,0.0004,-0.0001,100.0,518.67,642.06,1577.45,1391.48,14.62,21.61,554.17,2388.0,9056.72,1.3,47.26,522.47,2387.98,8145.11,8.3953,0.03,391,2388,100.0,39.02,23.4259,4,4,-1,196.0
82,36,-0.0004,0.0001,100.0,518.67,641.94,1583.05,1395.91,14.62,21.6,556.02,2388.02,9059.68,1.3,46.97,524.03,2388.1,8142.99,8.3521,0.03,390,2388,100.0,39.06,23.4033,4,4,-1,195.0
82,37,-0.0041,0.0002,100.0,518.67,641.53,1584.31,1392.26,14.62,21.61,554.7,2388.05,9058.67,1.3,47.19,522.27,2387.94,8145.16,8.3984,0.03,391,2388,100.0,38.92,23.4581,4,4,-1,194.0
82,37,0.002,-0.0003,100.0,518.67,641.66,1587.08,1400.93,14.62,21.59,554.93,2388.08,9057.23,1.3,47.18,523.87,2388.05,8142.75,8.3824,0.03,392,2388,100.0,39.07,23.4625,4,4,-1,193.0
82,38,0.0005,-0.0003,100.0,518.67,642.4,1584.39,1391.37,14.62,21.61,554.05,2388.0,9067.81,1.3,47.01,522.93,2388.0,8149.35,8.3723,0.03,391,2388,100.0,39.01,23.3497,4,4,-1,192.0
82,38,-0.0012,0.0002,100.0,518.67,642.16,1586.27,1400.72,14.62,21.6,556.15,2388.04,9070.48,1.3,47.21,524.07,2388.05,8140.32,8.3815,0.03,393,2388,100.0,39.21,23.4895,4,4,-1,191.0
82,39,0.0031,-0.0001,100.0,518.67,642.02,1580.74,1399.68,14.62,21.6,554.84,2387.99,9065.8,1.3,47.17,521.97,2388.01,8143.73,8.3979,0.03,391,2388,100.0,39.15,23.458,4,4,-1,190.0
82,39,-0.0019,0.0001,100.0,518.67,642.06,1585.21,1398.74,14.62,21.6,557.14,2388.0,9056.93,1.3,47.27,524.44,2388.08,8142.22,8.3754,0.03,393,2388,100.0,39.15,23.5392,4,4,-1,189.0
82,40,0.0006,0.0002,100.0,518.67,642.21,1580.83,1401.8,14.62,21.61,554.97,2387.91,9070.2,1.3,47.21,521.88,2387.98,8147.8,8.4043,0.03,392,2388,100.0,39.13,23.4203,4,4,-1,188.0
82,40,0.0033,-0.0004,100.0,518.67,642.22,1580.46,1400.48,14.62,21.6,556.31,2387.99,9063.92,1.3,47.16,524.12,2388.04,8144.72,8.3731,0.03,392,2388,100.0,39.31,23.4807,4,4,4,187.0
82,41,0.0037,-0.0003,100.0,518.67,641.27,1582.03,1392.21,14.62,21.61,554.46,2388.02,9060.47,1.3,47.28,522.18,2388.03,8145.62,8.402,0.03,392,2388,100.0,39.14,23.4237,4,4,-1,186.0
82,41,0.0023,0.0004,100.0,518.67,642.4,1588.44,1406.06,14.62,21.6,556.46,2388.09,9057.4,1.3,47.3,524.25,2388.08,8139.94,8.3337,0.03,392,2388,100.0,39.06,23.5042,4,4,-1,185.0
82,42,0.0002,0.0004,100.0,518.67,642.03,1586.52,1392.09,14.62,21.61,554.86,2388.01,9062.5,1.3,47.21,522.26,2388.04,8140.27,8.4193,0.03,390,2388,100.0,39.01,23.3928,4,4,-1,184.0
82,42,0.001,-0.0005,100.0,518.67,642.25,1587.71,1402.26,14.62,21.6,556.7,2388.06,9055.07,1.3,47.15,524.13,2388.05,8142.63,8.3669,0.03,391,2388,100.0,39.06,23.427,4,4,-1,183.0
82,43,-0.0011,0.0001,100.0,518.67,641.87,1588.81,1396.54,14.62,21.61,554.46,2388.0,9067.25,1.3,47.24,522.28,2387.95,8150.56,8.3919,0.03,391,2388,100.0,39.08,23.4025,4,4,-1,182.0
82,43,0.0024,-0.0003,100.0,518.67,642.79,1584.11,1403.62,14.62,21.6,556.36,2388.04,9058.82,1.3,47.35,524.07,2388.05,8143.47,8.394,0.03,392,2388,100.0,39.05,23.4296,4,4,-1,181.0
82,44,0.0013,0.0004,100.0,518.67,641.36,1584.8,1396.66,14.62,21.6,555.39,2388.06,9061.84,1.3,47.08,522.52,2388.02,8150.68,8.382,0.03,392,2388,100.0,39.08,23.4129,4,4,-1,180.0
82,44,-0.0009,-0.0001,100.0,518.67,641.89,1584.34,1393.04,14.62,21.6,555.83,2388.03,9056.32,1.3,47.29,523.8,2388.06,8139.85,8.3814,0.03,391,2388,100.0,39.23,23.5771,4,4,-1,179.0
82,45,0.0044,0.0003,100.0,518.67,642.73,1580.37,1400.08,14.62,21.61,554.93,2388.02,9063.28,1.3,47.18,522.58,2387.97,8149.74,8.4284,0.03,391,2388,100.0,39.11,23.4595,4,4,-1,178.0
82,45,0.0033,0.0002,100.0,518.67,642.08,1588.81,1396.43,14.62,21.59,555.37,2388.02,9052.98,1.3,47.23,523.43,2388.07,8140.2,8.3645,0.03,393,2388,100.0,39.16,23.4712,4,4,-1,177.0
82,46,-0.0018,0.0,100.0,518.67,642.24,1580.51,1398.2,14.62,21.61,555.34,2387.99,9062.83,1.3,46.97,522.08,2388.01,8149.38,8.3971,0.03,393,2388,100.0,39.0,23.3165,4,4,-1,176.0
82,46,0.004,-0.0001,100.0,518.67,642.02,1585.4,1404.68,14.62,21.59,555.45,2388.03,9058.75,1.3,47.28,524.04,2388.05,8135.57,8.3417,0.03,389,2388,100.0,39.19,23.4816,4,4,-1,175.0
82,47,-0.0005,0.0003,100.0,518.67,641.92,1585.18,1400.11,14.62,21.61,554.71,2387.94,9070.1,1.3,47.26,522.33,2387.98,8144.83,8.392,0.03,391,2388,100.0,39.03,23.339,4,4,-1,174.0
82,47,0.0017,0.0005,100.0,518.67,641.9,1585.02,1393.27,14.62,21.6,555.71,2388.08,9062.67,1.3,47.04,523.96,2388.08,8145.56,8.3698,0.03,392,2388,100.0,39.11,23.5603,4,4,-1,173.0
82,48,0.0002,-0.0002,100.0,518.67,642.4,1590.8,1392.28,14.62,21.61,554.74,2387.96,9074.92,1.3,47.09,521.87,2387.97,8146.48,8.4185,0.03,393,2388,100.0,38.96,23.436,4,4,-1,172.0
82,48,-0.0008,0.0001,100.0,518.67,642.22,1581.16,1406.75,14.62,21.6,556.31,2388.04,9058.77,1.3,47.25,523.8,2388.07,8144.08,8.4267,0.03,392,2388,100.0,39.02,23.4777,4,4,-1,171.0
82,49,0.0024,0.0003,100.0,518.67,642.27,1579.21,1396.93,14.62,21.61,555.13,2387.97,9058.21,1.3,47.04,522.49,2387.96,8148.33,8.4088,0.03,391,2388,100.0,38.95,23.3496,4,4,-1,170.0
82,49,0.0035,-0.0,100.0,518.67,642.16,1582.79,1401.88,14.62,21.6,557.2,2388.03,9058.13,1.3,47.27,525.01,2388.04,8141.79,8.3599,0.03,391,2388,100.0,39.29,23.4851,4,4,-1,169.0
82,50,0.0011,-0.0004,100.0,518.67,642.11,1586.56,1402.89,14.62,21.61,554.5,2387.99,9062.6,1.3,47.32,522.24,2388.0,8146.11,8.4038,0.03,390,2388,100.0,39.05,23.4369,4,4,4,168.0
82,50,-0.0018,-0.0002,100.0,518.67,642.41,1580.41,1404.25,14.62,21.59,556.27,2388.08,9058.45,1.3,47.43,523.47,2388.08,8141.63,8.3503,0.03,394,2388,100.0,39.01,23.4808,4,4,-1,167.0
82,51,0.0023,-0.0001,100.0,518.67,642.25,1585.36,1398.14,14.62,21.61,554.71,2387.95,9059.44,1.3,47.18,522.4,2388.04,8143.86,8.4189,0.03,392,2388,100.0,38.97,23.4323,4,4,-1,166.0
82,51,0.0013,-0.0003,100.0,518.67,642.17,1583.5,1393.49,14.62,21.6,556.09,2388.04,9045.93,1.3,47.36,524.17,2388.07,8145.63,8.4083,0.03,390,2388,100.0,39.1,23.3945,4,4,-1,165.0
82,52,0.0032,0.0004,100.0,518.67,642.83,1584.34,1400.28,14.62,21.61,554.9,2388.01,9067.52,1.3,47.3,522.47,2388.01,8145.39,8.4069,0.03,392,2388,100.0,39.16,23.3501,4,4,-1,164.0
82,52,-0.0013,-0.0001,100.0,518.67,641.85,1582.15,1399.29,14.62,21.6,556.15,2388.07,9058.48,1.3,47.13,524.54,2388.09,8137.07,8.3348,0.03,392,2388,100.0,39.08,23.5035,4,4,-1,163.0
82,53,-0.0014,-0.0,100.0,518.67,641.84,1586.78,1391.44,14.62,21.61,553.79,2388.01,9067.43,1.3,47.17,522.71,2387.99,8146.55,8.4039,0.03,392,2388,100.0,38.99,23.4908,4,4,-1,162.0
82,53,-0.0031,-0.0,100.0,518.67,642.24,1590.6,1398.57,14.62,21.6,556.93,2388.07,9054.74,1.3,47.22,524.25,2388.04,8146.78,8.3781,0.03,391,2388,100.0,39.15,23.4175,4,4,-1,161.0
82,54,-0.0015,-0.0001,100.0,518.67,641.54,1590.45,1392.04,14.62,21.61,554.5,2388.04,9066.32,1.3,47.02,522.21,2388.05,8143.51,8.3917,0.03,391,2388,100.0,38.97,23.511,4,4,-1,160.0
82,54,0.0022,0.0,100.0,518.67,641.78,1582.11,1402.44,14.62,21.59,556.68,2387.98,9061.77,1.3,47.26,523.55,2388.08,8136.38,8.3953,0.03,392,2388,100.0,39.32,23.4232,4,4,-1,159.0
82,55,-0.0003,0.0002,100.0,518.67,641.97,1587.51,1391.42,14.62,21.61,555.05,2387.99,9064.96,1.3,47.15,523.38,2388.05,8145.8,8.4092,0.03,391,2388,100.0,39.08,23.4211,4,4,-1,158.0
82,55,-0.0016,-0.0004,100.0,518.67,642.41,1579.24,1395.93,14.62,21.6,556.94,2388.02,9058.97,1.3,47.15,524.47,2388.01,8149.05,8.3465,0.03,393,2388,100.0,38.86,23.4998,4,4,-1,157.0
82,56,-0.0016,-0.0002,100.0,518.67,642.03,1582.61,1398.62,14.62,21.61,554.89,2387.95,9067.32,1.3,47.28,522.48,2388.01,8146.73,8.4074,0.03,391,2388,100.0,39.05,23.3588,4,4,-1,156.0
82,56,0.0006,0.0003,100.0,518.67,641.87,1585.82,1398.95,14.62,21.6,556.21,2388.04,9059.74,1.3,47.38,523.92,2388.02,8141.85,8.3689,0.03,392,2388,100.0,39.14,23.4427,4,4,-1,155.0
82,57,0.0024,0.0001,100.0,518.67,642.16,1586.27,1399.24,14.62,21.61,554.66,2387.99,9060.59,1.3,47.26,522.35,2388.07,8145.74,8.3866,0.03,392,2388,100.0,38.99,23.4192,4,4,-1,154.0
82,57,0.0019,0.0003,100.0,518.67,642.08,1588.95,1400.17,14.62,21.6,556.47,2388.02,9059.87,1.3,47.25,524.18,2388.07,8145.11,8.3856,0.03,391,2388,100.0,39.08,23.4075,4,4,4,153.0
82,58,-0.0,0.0003,100.0,518.67,642.34,1579.35,1401.99,14.62,21.61,555.29,2388.05,9065.37,1.3,47.17,522.43,2388.0,8146.51,8.384,0.03,390,2388,100.0,38.87,23.3645,4,4,-1,152.0
82,58,-0.0012,0.0004,100.0,518.67,642.16,1587.85,1396.46,14.62,21.6,556.0,2388.06,9058.88,1.3,47.39,524.15,2388.08,8143.35,8.3457,0.03,392,2388,100.0,38.99,23.4738,4,4,-1,151.0
82,59,-0.0008,0.0002,100.0,518.67,642.32,1585.97,1395.84,14.62,21.61,554.36,2388.02,9064.82,1.3,47.19,522.73,2388.0,8149.49,8.3953,0.03,392,2388,100.0,39.25,23.4827,4,4,-1,150.0
82,59,-0.0025,-0.0004,100.0,518.67,641.82,1589.05,1391.23,14.62,21.6,556.52,2388.11,9058.9,1.3,47.36,523.86,2388.01,8139.89,8.3657,0.03,393,2388,100.0,39.31,23.5336,4,4,-1,149.0
82,60,0.001,-0.0003,100.0,518.67,642.87,1587.16,1398.83,14.62,21.61,554.47,2387.98,9060.76,1.3,47.27,522.29,2387.97,8148.44,8.3664,0.03,391,2388,100.0,38.87,23.5228,4,4,-1,148.0
82,60,0.0024,-0.0001,100.0,518.67,642.41,1587.02,1402.65,14.62,21.6,556.51,2388.08,9064.55,1.3,46.94,524.38,2388.1,8137.5,8.3658,0.03,391,2388,100.0,39.27,23.4344,4,4,-1,147.0
82,61,-0.0,0.0004,100.0,518.67,641.94,1593.0,1391.47,14.62,21.61,554.48,2387.99,9060.37,1.3,47.16,522.19,2388.05,8147.83,8.3842,0.03,392,2388,100.0,39.01,23.3841,4,4,-1,146.0
82,61,0.0014,0.0002,100.0,518.67,641.94,1578.49,1400.48,14.62,21.6,555.79,2388.05,9055.19,1.3,47.26,524.59,2388.0,8141.22,8.3604,0.03,392,2388,100.0,39.06,23.5128,4,4,-1,145.0
82,62,-0.001,-0.0005,100.0,518.67,641.8,1589.37,1391.88,14.62,21.61,554.78,2388.01,9060.57,1.3,47.07,522.56,2388.04,8144.43,8.4295,0.03,392,2388,100.0,39.01,23.443,4,4,-1,144.0
82,62,-0.0006,0.0002,100.0,518.67,642.21,1576.77,1390.83,14.62,21.6,555.4,2388.01,9064.13,1.3,47.16,523.93,2388.08,8139.55,8.3297,0.03,391,2388,100.0,39.3,23.501,4,4,-1,143.0
82,63,-0.0021,-0.0001,100.0,518.67,642.18,1587.71,1401.85,14.62,21.61,553.87,2387.96,9068.2,1.3,47.32,521.69,2388.01,8148.48,8.4029,0.03,392,2388,100.0,39.12,23.4119,4,4,-1,142.0
82,63,-0.001,0.0,100.0,518.67,641.86,1592.33,1397.03,14.62,21.6,556.02,2388.03,9068.82,1.3,47.2,524.23,2388.09,8146.17,8.3515,0.03,391,2388,100.0,39.32,23.5569,4,4,-1,141.0
82,64,-0.0016,-0.0004,100.0,518.67,641.99,1580.08,1395.54,14.62,21.61,554.39,2387.95,9057.84,1.3,47.08,522.63,2387.94,8145.53,8.397,0.03,392,2388,100.0,39.01,23.4466,4,4,-1,140.0
82,64,0.0042,0.0004,100.0,518.67,642.07,1582.33,1407.33,14.62,21.6,556.14,2388.05,9060.25,1.3,47.24,524.06,2388.01,8142.34,8.3443,0.03,391,2388,100.0,39.15,23.5136,4,4,-1,139.0
82,65,0.0038,-0.0002,100.0,518.67,641.96,1583.25,1393.99,14.62,21.61,554.82,2387.99,9055.69,1.3,47.18,522.16,2388.02,8139.39,8.3861,0.03,392,2388,100.0,38.99,23.3627,4,4,-1,138.0
82,65,0.0005,0.0003,100.0,518.67,642.16,1588.84,1397.44,14.62,21.6,556.2,2388.06,9055.07,1.3,47.35,524.29,2388.14,8143.21,8.3603,0.03,392,2388,100.0,39.13,23.4804,4,4,-1,137.0
82,66,0.0011,-0.0002,100.0,518.67,642.52,1580.1,1398.14,14.62,21.61,554.3,2388.03,9062.74,1.3,47.21,522.19,2388.0,8150.74,8.4153,0.03,392,2388,100.0,38.89,23.452,4,4,-1,136.0
82,66,0.0004,0.0005,100.0,518.67,642.0,1588.88,1397.25,14.62,21.59,556.18,2388.05,9057.14,1.3,47.25,524.57,2388.03,8146.7,8.3896,0.03,392,2388,100.0,39.21,23.492,4,4,-1,135.0
82,67,-0.0025,0.0004,100.0,518.67,642.05,1589.69,1404.68,14.62,21.61,554.36,2388.01,9069.14,1.3,47.32,522.25,2387.96,8146.94,8.3854,0.03,391,2388,100.0,39.1,23.3498,4,4,-1,134.0
82,67,0.0012,0.0005,100.0,518.67,642.24,1585.37,1400.62,14.62,21.6,556.64,2388.02,9065.33,1.3,47.3,524.18,2388.03,8140.26,8.3616,0.03,390,2388,100.0,39.3,23.5112,4,4,-1,133.0
82,68,-0.0037,-0.0004,100.0,518.67,642.18,1579.32,1400.58,14.62,21.61,553.75,2388.04,9061.62,1.3,47.13,522.72,2388.02,8147.5,8.4425,0.03,392,2388,100.0,38.98,23.4423,4,4,4,132.0
82,68,0.006,0.0005,100.0,518.67,641.72,1584.81,1406.86,14.62,21.6,556.79,2388.08,9062.75,1.3,47.2,524.26,2388.1,8138.55,8.327,0.03,392,2388,100.0,39.17,23.3972,4,4,-1,131.0
82,69,0.0014,0.0003,100.0,518.67,642.83,1580.83,1400.87,14.62,21.61,555.05,2387.99,9070.61,1.3,47.28,521.82,2388.02,8145.92,8.3974,0.03,392,2388,100.0,38.95,23.2937,4,4,-1,130.0
82,69,0.0027,0.0001,100.0,518.67,642.39,1588.61,1400.38,14.62,21.59,555.79,2388.05,9061.94,1.3,47.11,523.65,2388.09,8150.94,8.3755,0.03,391,2388,100.0,39.05,23.5417,4,4,-1,129.0
82,70,-0.002,-0.0001,100.0,518.67,641.97,1575.8,1404.09,14.62,21.61,554.07,2387.98,9068.85,1.3,47.02,522.36,2387.99,8145.97,8.3829,0.03,393,2388,100.0,39.04,23.4799,4,4,-1,128.0
82,70,0.0015,0.0001,100.0,518.67,642.31,1586.23,1399.57,14.62,21.6,556.22,2388.03,9055.57,1.3,47.27,524.18,2388.03,8142.09,8.3565,0.03,391,2388,100.0,39.2,23.4149,4,4,-1,127.0
82,71,-0.0014,0.0002,100.0,518.67,642.27,1581.7,1397.05,14.62,21.61,554.31,2387.97,9056.43,1.3,47.34,522.34,2387.96,8148.54,8.4029,0.03,392,2388,100.0,38.93,23.5102,4,4,-1,126.0
82,71,0.0029,-0.0002,100.0,518.67,642.18,1590.62,1401.36,14.62,21.6,557.2,2388.03,9059.92,1.3,47.15,525.04,2388.1,8141.79,8.3574,0.03,394,2388,100.0,39.23,23.3879,4,4,4,125.0
82,72,-0.0046,-0.0003,100.0,518.67,642.21,1590.88,1393.9,14.62,21.61,554.75,2388.01,9066.91,1.3,47.35,522.48,2388.04,8145.54,8.3838,0.03,393,2388,100.0,39.1,23.4313,4,4,-1,124.0
82,72,-0.004,0.0003,100.0,518.67,641.64,1580.68,1405.42,14.62,21.6,556.16,2388.05,9058.76,1.3,47.07,523.42,2387.95,8146.46,8.3348,0.03,391,2388,100.0,38.94,23.5081,4,4,-1,123.0
82,73,0.0018,-0.0002,100.0,518.67,641.69,1589.07,1399.88,14.62,21.61,555.31,2388.0,9061.29,1.3,47.2,522.58,2388.03,8145.64,8.3863,0.03,390,2388,100.0,38.84,23.4118,4,4,4,122.0
82,73,0.001,-0.0,100.0,518.67,642.08,1582.1,1393.56,14.62,21.59,556.11,2388.04,9053.91,1.3,47.11,524.08,2388.01,8138.68,8.3601,0.03,392,2388,100.0,39.07,23.4541,4,4,-1,121.0
82,74,-0.0038,-0.0,100.0,518.67,642.19,1578.58,1400.45,14.62,21.61,554.42,2387.98,9059.2,1.3,47.24,522.33,2388.07,8148.53,8.3729,0.03,391,2388,100.0,38.96,23.4314,4,4,-1,120.0
82,74,0.0005,0.0,100.0,518.67,642.27,1585.71,1401.57,14.62,21.59,556.67,2388.07,9061.45,1.3,47.26,523.93,2388.0,8141.76,8.3408,0.03,392,2388,100.0,39.11,23.4505,4,4,-1,119.0
82,75,0.0026,0.0003,100.0,518.67,642.03,1580.04,1397.66,14.62,21.61,553.93,2387.98,9067.72,1.3,47.27,522.07,2388.01,8148.23,8.4238,0.03,394,2388,100.0,39.02,23.4079,4,4,-1,118.0
82,75,-0.0022,0.0004,100.0,518.67,643.25,1588.03,1394.19,14.62,21.6,556.61,2388.1,9061.78,1.3,47.27,524.39,2388.08,8142.47,8.3857,0.03,393,2388,100.0,39.2,23.4555,4,4,-1,117.0
82,76,0.0006,-0.0002,100.0,518.67,641.94,1584.72,1393.12,14.62,21.61,554.64,2388.07,9063.27,1.3,47.21,522.05,2387.99,8148.73,8.3667,0.03,390,2388,100.0,38.93,23.35,4,4,-1,116.0
82,76,0.0011,0.0004,100.0,518.67,642.25,1580.66,1393.67,14.62,21.59,556.12,2388.09,9059.44,1.3,47.31,524.01,2388.03,8141.52,8.3454,0.03,392,2388,100.0,39.2,23.4536,4,4,-1,115.0
82,77,0.0014,-0.0001,100.0,518.67,642.79,1593.64,1394.11,14.62,21.61,554.91,2388.03,9067.92,1.3,47.28,522.14,2388.05,8147.43,8.3984,0.03,392,2388,100.0,39.02,23.4076,4,4,-1,114.0
82,77,0.0026,0.0001,100.0,518.67,642.12,1581.46,1403.5,14.62,21.6,555.53,2388.09,9059.94,1.3,47.43,524.28,2388.04,8144.4,8.3314,0.03,390,2388,100.0,39.11,23.5722,4,4,-1,113.0
82,78,0.0002,-0.0003,100.0,518.67,641.9,1587.15,1393.47,14.62,21.61,554.3,2387.97,9067.07,1.3,47.13,521.94,2388.0,8154.25,8.3963,0.03,391,2388,100.0,39.04,23.3879,4,4,-1,112.0
82,78,-0.0002,0.0004,100.0,518.67,642.22,1580.37,1393.44,14.62,21.59,555.95,2388.03,9061.1,1.3,47.26,523.9,2387.98,8141.07,8.3198,0.03,392,2388,100.0,39.03,23.354,4,4,-1,111.0
82,79,-0.0002,0.0004,100.0,518.67,642.42,1580.51,1399.41,14.62,21.61,554.22,2387.96,9068.43,1.3,47.05,522.64,2388.03,8148.88,8.3825,0.03,391,2388,100.0,39.01,23.3761,4,4,-1,110.0
82,79,0.0028,0.0002,100.0,518.67,642.08,1583.75,1400.61,14.62,21.6,556.28,2388.05,9054.89,1.3,47.33,523.67,2388.1,8138.99,8.3821,0.03,393,2388,100.0,39.34,23.4369,4,4,-1,109.0
82,80,0.0022,-0.0,100.0,518.67,642.15,1588.3,1400.52,14.62,21.61,554.17,2388.06,9060.14,1.3,47.32,522.71,2388.01,8149.5,8.3899,0.03,391,2388,100.0,39.18,23.3306,4,4,-1,108.0
82,80,-0.0012,0.0001,100.0,518.67,642.17,1586.05,1401.59,14.62,21.6,557.31,2388.09,9059.81,1.3,47.26,524.55,2388.02,8143.61,8.3778,0.03,393,2388,100.0,39.12,23.4424,4,4,-1,107.0
82,81,-0.0005,-0.0002,100.0,518.67,642.04,1580.53,1395.32,14.62,21.61,554.87,2387.95,9058.03,1.3,47.11,522.44,2388.0,8150.62,8.4267,0.03,393,2388,100.0,38.93,23.3714,4,4,-1,106.0
82,81,-0.0001,0.0004,100.0,518.67,642.25,1587.86,1393.29,14.62,21.6,556.81,2388.08,9060.91,1.3,47.11,524.47,2388.05,8147.82,8.3589,0.03,391,2388,100.0,39.04,23.4628,4,4,-1,105.0
82,82,-0.002,0.0,100.0,518.67,642.18,1588.84,1389.85,14.62,21.61,554.4,2388.0,9068.36,1.3,47.25,522.7,2387.99,8146.65,8.4043,0.03,391,2388,100.0,39.11,23.5069,4,4,-1,104.0
82,82,0.0004,-0.0003,100.0,518.67,642.32,1583.44,1398.46,14.62,21.6,556.86,2388.06,9058.67,1.3,47.19,524.46,2388.05,8138.14,8.4133,0.03,394,2388,100.0,39.3,23.4638,4,4,-1,103.0
82,83,0.0018,-0.0003,100.0,518.67,642.15,1587.68,1396.25,14.62,21.6,554.2,2388.01,9070.2,1.3,47.38,522.11,2388.01,8154.38,8.3832,0.03,391,2388,100.0,38.94,23.3782,4,4,-1,102.0
82,83,-0.0022,-0.0005,100.0,518.67,641.97,1578.96,1398.35,14.62,21.59,556.71,2388.06,9060.46,1.3,47.43,524.01,2388.07,8142.06,8.3679,0.03,392,2388,100.0,39.34,23.3922,4,4,-1,101.0
82,84,-0.0,0.0001,100.0,518.67,642.12,1582.55,1399.1,14.62,21.61,554.41,2387.97,9064.88,1.3,47.16,522.24,2388.0,8152.05,8.417,0.03,393,2388,100.0,38.96,23.4961,4,4,4,100.0
82,84,0.0014,0.0004,100.0,518.67,641.99,1592.43,1394.56,14.62,21.6,556.58,2388.03,9061.98,1.3,47.4,524.24,2388.11,8140.85,8.3821,0.03,391,2388,100.0,39.25,23.434,4,4,-1,99.0
82,85,-0.0037,0.0,100.0,518.67,642.66,1587.9,1407.23,14.62,21.61,554.8,2388.02,9062.11,1.3,47.17,522.39,2387.98,8145.07,8.4068,0.03,393,2388,100.0,38.91,23.4636,4,4,4,98.0
82,85,0.0006,0.0002,100.0,518.67,642.56,1578.72,1398.14,14.62,21.6,556.81,2388.07,9059.35,1.3,47.33,524.85,2388.01,8148.78,8.3328,0.03,393,2388,100.0,39.09,23.3719,4,4,-1,97.0
82,86,0.0006,0.0004,100.0,518.67,642.39,1587.53,1400.7,14.62,21.61,554.87,2388.02,9074.45,1.3,47.24,522.42,2388.06,8150.31,8.4499,0.03,392,2388,100.0,39.01,23.4559,4,4,-1,96.0
82,86,0.0016,-0.0001,100.0,518.67,642.49,1580.88,1395.98,14.62,21.59,557.2,2388.09,9064.95,1.3,47.13,524.29,2388.06,8142.47,8.3282,0.03,392,2388,100.0,39.27,23.4979,4,4,-1,95.0
82,87,-0.0015,0.0001,100.0,518.67,642.02,1580.54,1398.09,14.62,21.61,553.96,2388.05,9070.51,1.3,47.19,522.01,2388.01,8145.62,8.3783,0.03,392,2388,100.0,38.97,23.3978,4,4,-1,94.0
82,87,-0.0021,-0.0004,100.0,518.67,642.8,1581.24,1399.52,14.62,21.59,556.35,2388.06,9061.76,1.3,47.16,523.98,2388.06,8139.14,8.3587,0.03,392,2388,100.0,39.36,23.5193,4,4,-1,93.0
82,88,0.0035,-0.0002,100.0,518.67,642.51,1582.25,1396.12,14.62,21.6,554.3,2388.02,9069.69,1.3,47.4,522.65,2387.99,8146.75,8.3745,0.03,393,2388,100.0,39.0,23.3663,4,4,-1,92.0
82,88,0.0004,-0.0003,100.0,518.67,642.13,1589.18,1399.96,14.62,21.6,556.42,2388.01,9058.06,1.3,47.06,523.57,2388.08,8142.45,8.3737,0.03,392,2388,100.0,39.18,23.4753,4,4,4,91.0
82,89,-0.0007,-0.0003,100.0,518.67,642.09,1584.93,1393.61,14.62,21.61,554.28,2388.04,9062.05,1.3,47.11,523.06,2387.98,8143.86,8.3881,0.03,391,2388,100.0,39.07,23.4389,4,4,-1,90.0
82,89,0.0011,-0.0005,100.0,518.67,642.35,1581.29,1406.51,14.62,21.59,556.38,2388.02,9065.02,1.3,47.37,523.63,2388.02,8141.89,8.337,0.03,392,2388,100.0,39.47,23.451,4,4,-1,89.0
82,90,0.0017,-0.0004,100.0,518.67,641.94,1584.69,1393.4,14.62,21.61,554.4,2387.99,9070.76,1.3,47.14,522.35,2388.02,8152.82,8.3881,0.03,393,2388,100.0,39.03,23.3473,4,4,-1,88.0
82,90,-0.0014,-0.0004,100.0,518.67,642.24,1584.74,1405.0,14.62,21.6,556.24,2388.03,9062.88,1.3,47.04,523.75,2388.05,8138.92,8.3308,0.03,393,2388,100.0,39.16,23.5525,4,4,-1,87.0
82,91,0.0006,0.0003,100.0,518.67,642.06,1587.44,1401.07,14.62,21.61,554.22,2388.0,9073.63,1.3,47.29,521.93,2388.05,8155.41,8.3978,0.03,392,2388,100.0,38.97,23.4186,4,4,-1,86.0
82,91,-0.001,0.0003,100.0,518.67,642.17,1584.94,1402.05,14.62,21.6,557.35,2388.04,9058.62,1.3,47.11,524.68,2388.09,8143.71,8.3455,0.03,390,2388,100.0,39.19,23.4539,4,4,-1,85.0
82,92,-0.0021,-0.0004,100.0,518.67,642.59,1589.87,1394.25,14.62,21.61,554.89,2388.01,9064.36,1.3,47.13,522.29,2387.99,8147.74,8.3993,0.03,393,2388,100.0,39.06,23.3258,4,4,-1,84.0
82,92,0.0009,0.0003,100.0,518.67,642.45,1589.02,1390.8,14.62,21.6,556.8,2388.08,9058.33,1.3,47.55,524.39,2388.05,8145.25,8.3668,0.03,391,2388,100.0,39.35,23.4809,4,4,-1,83.0
82,93,0.0005,-0.0003,100.0,518.67,641.99,1594.55,1397.75,14.62,21.61,554.31,2387.98,9070.59,1.3,47.16,522.98,2388.04,8152.3,8.3766,0.03,392,2388,100.0,38.93,23.4293,4,4,-1,82.0
82,93,-0.0004,0.0004,100.0,518.67,642.06,1582.01,1400.61,14.62,21.59,555.79,2388.09,9053.24,1.3,47.34,524.51,2388.05,8141.87,8.3757,0.03,389,2388,100.0,39.07,23.4836,4,4,-1,81.0
82,94,0.0023,0.0001,100.0,518.67,642.3,1581.25,1397.05,14.62,21.61,554.17,2388.04,9069.86,1.3,47.16,522.69,2387.96,8152.28,8.4122,0.03,393,2388,100.0,38.98,23.4563,4,4,-1,80.0
82,94,0.0036,-0.0002,100.0,518.67,642.28,1590.7,1397.59,14.62,21.59,556.44,2388.07,9061.27,1.3,47.48,524.1,2388.07,8147.81,8.3694,0.03,391,2388,100.0,39.18,23.4883,4,4,4,79.0
82,95,-0.0035,-0.0003,100.0,518.67,641.37,1585.19,1398.01,14.62,21.61,554.63,2388.0,9066.61,1.3,47.07,522.55,2387.92,8150.0,8.3932,0.03,392,2388,100.0,38.92,23.4094,4,4,-1,78.0
82,95,-0.0043,-0.0003,100.0,518.67,642.43,1588.28,1396.14,14.62,21.59,555.87,2388.07,9061.48,1.3,47.34,523.92,2387.99,8143.36,8.3765,0.03,393,2388,100.0,39.14,23.5502,4,4,-1,77.0
82,96,0.0033,0.0004,100.0,518.67,641.79,1583.22,1395.78,14.62,21.61,553.84,2388.06,9070.59,1.3,47.21,522.06,2387.99,8139.51,8.4241,0.03,391,2388,100.0,38.92,23.4426,4,4,-1,76.0
82,96,0.0001,-0.0004,100.0,518.67,642.16,1588.04,1400.58,14.62,21.6,557.18,2388.05,9061.39,1.3,47.41,524.55,2388.08,8141.53,8.3896,0.03,391,2388,100.0,39.25,23.5523,4,4,-1,75.0
82,97,0.0001,-0.0001,100.0,518.67,642.92,1583.57,1401.1,14.62,21.61,553.49,2388.07,9070.92,1.3,47.29,522.67,2387.94,8147.88,8.3686,0.03,392,2388,100.0,39.27,23.4193,4,4,-1,74.0
82,97,-0.0067,0.0004,100.0,518.67,642.56,1582.29,1401.66,14.62,21.59,556.15,2388.11,9059.03,1.3,47.34,524.19,2388.06,8142.93,8.3809,0.03,392,2388,100.0,39.19,23.544,4,4,-1,73.0
82,98,0.0038,-0.0002,100.0,518.67,642.61,1587.49,1394.63,14.62,21.61,554.39,2387.95,9070.63,1.3,47.33,522.22,2388.06,8145.74,8.4094,0.03,393,2388,100.0,38.96,23.439,4,4,-1,72.0
82,98,-0.0003,0.0,100.0,518.67,642.33,1589.34,1397.28,14.62,21.59,556.92,2388.02,9064.76,1.3,47.3,524.76,2388.07,8142.78,8.4258,0.03,391,2388,100.0,39.23,23.5025,4,4,-1,71.0
82,99,0.0046,-0.0001,100.0,518.67,642.36,1586.44,1400.16,14.62,21.61,554.29,2387.98,9064.33,1.3,47.25,522.47,2388.01,8150.36,8.4079,0.03,391,2388,100.0,39.0,23.4074,4,4,-1,70.0
82,99,0.0007,0.0001,100.0,518.67,642.42,1587.89,1396.55,14.62,21.6,556.88,2388.08,9060.27,1.3,47.21,524.44,2388.1,8145.88,8.3465,0.03,392,2388,100.0,38.97,23.4793,4,4,-1,69.0
82,100,-0.002,-0.0003,100.0,518.67,641.95,1583.97,1399.4,14.62,21.61,554.24,2388.04,9075.93,1.3,47.31,522.25,2388.0,8148.85,8.3703,0.03,392,2388,100.0,39.02,23.4166,4,4,-1,68.0
82,100,0.0025,0.0004,100.0,518.67,642.04,1589.15,1404.7,14.62,21.6,557.14,2388.02,9061.5,1.3,47.17,524.03,2388.07,8141.64,8.366,0.03,393,2388,100.0,39.32,23.5815,4,4,4,67.0
82,101,0.002,0.0,100.0,518.67,642.09,1585.74,1394.57,14.62,21.61,554.32,2388.0,9069.63,1.3,47.4,522.24,2388.01,8145.21,8.4036,0.03,394,2388,100.0,39.03,23.513,4,4,4,66.0
82,101,0.0002,-0.0004,100.0,518.67,642.06,1581.52,1396.35,14.62,21.59,556.25,2388.07,9058.5,1.3,47.33,524.06,2388.07,8143.6,8.3788,0.03,392,2388,100.0,39.08,23.4663,4,4,-1,65.0
82,102,0.0038,-0.0006,100.0,518.67,642.18,1583.91,1399.12,14.62,21.61,554.87,2388.02,9073.69,1.3,47.37,522.07,2387.97,8147.53,8.4228,0.03,391,2388,100.0,38.92,23.4565,4,4,-1,64.0
82,102,-0.0005,0.0001,100.0,518.67,642.14,1579.64,1396.35,14.62,21.6,556.6,2388.08,9059.21,1.3,47.23,524.73,2388.02,8139.71,8.3945,0.03,393,2388,100.0,39.18,23.5852,4,4,-1,63.0
82,103,-0.0043,0.0001,100.0,518.67,642.57,1581.34,1391.14,14.62,21.61,553.88,2388.0,9071.25,1.3,47.3,522.24,2387.99,8154.91,8.3906,0.03,391,2388,100.0,39.0,23.4544,4,4,-1,62.0
82,103,-0.0006,0.0004,100.0,518.67,641.82,1577.18,1404.14,14.62,21.59,556.99,2388.09,9055.74,1.3,47.2,524.04,2388.08,8141.88,8.3789,0.03,392,2388,100.0,39.13,23.5061,4,4,-1,61.0
82,104,0.0004,0.0001,100.0,518.67,641.69,1585.5,1403.44,14.62,21.61,554.03,2388.0,9064.04,1.3,47.23,522.25,2388.03,8151.44,8.4298,0.03,391,2388,100.0,38.89,23.4647,4,4,-1,60.0
82,104,-0.0003,-0.0004,100.0,518.67,642.21,1592.91,1402.22,14.62,21.6,556.69,2388.06,9059.0,1.3,47.2,523.91,2388.08,8142.14,8.3371,0.03,393,2388,100.0,39.16,23.3914,4,4,-1,59.0
82,105,-0.0024,-0.0004,100.0,518.67,642.14,1585.77,1398.55,14.62,21.61,554.22,2388.0,9070.67,1.3,47.22,522.06,2387.97,8153.42,8.3849,0.03,392,2388,100.0,39.1,23.3815,4,4,4,58.0
82,105,0.0002,0.0005,100.0,518.67,642.51,1582.53,1404.84,14.62,21.59,556.32,2388.08,9063.87,1.3,47.38,523.2,2388.08,8139.97,8.3827,0.03,391,2388,100.0,39.1,23.4783,4,4,-1,57.0
82,106,-0.0017,0.0,100.0,518.67,642.32,1585.19,1398.56,14.62,21.61,553.95,2388.01,9067.27,1.3,47.05,522.5,2388.04,8149.85,8.417,0.03,393,2388,100.0,38.89,23.3749,4,4,-1,56.0
82,106,0.0017,0.0001,100.0,518.67,642.44,1593.51,1403.15,14.62,21.59,556.08,2388.06,9062.69,1.3,47.1,524.27,2388.07,8142.18,8.3682,0.03,392,2388,100.0,39.24,23.5347,4,4,-1,55.0
82,107,-0.0014,0.0001,100.0,518.67,642.19,1582.74,1398.29,14.62,21.61,555.01,2388.04,9059.05,1.3,47.36,522.39,2388.0,8154.08,8.4011,0.03,393,2388,100.0,39.08,23.333,4,4,-1,54.0
82,107,-0.002,0.0001,100.0,518.67,642.34,1582.58,1399.23,14.62,21.6,556.51,2387.99,9060.57,1.3,47.35,524.6,2388.08,8145.24,8.3974,0.03,391,2388,100.0,39.08,23.3757,4,4,-1,53.0
82,108,0.0032,-0.0004,100.0,518.67,641.96,1591.71,1391.45,14.62,21.61,554.19,2388.02,9074.21,1.3,47.31,522.16,2388.02,8141.25,8.4206,0.03,393,2388,100.0,38.86,23.4308,4,4,-1,52.0
82,108,-0.0011,0.0002,100.0,518.67,642.39,1587.43,1394.03,14.62,21.6,556.06,2388.02,9055.27,1.3,47.3,524.05,2388.06,8143.61,8.3218,0.03,392,2388,100.0,39.09,23.4823,4,4,-1,51.0
82,109,-0.0002,-0.0,100.0,518.67,642.26,1586.89,1402.79,14.62,21.6,554.87,2388.04,9068.99,1.3,47.31,522.47,2387.98,8148.44,8.3981,0.03,391,2388,100.0,38.97,23.3634,4,4,-1,50.0
82,109,-0.0005,0.0001,100.0,518.67,642.98,1584.56,1403.25,14.62,21.59,556.4,2388.04,9061.74,1.3,47.44,524.38,2388.05,8142.74,8.3729,0.03,393,2388,100.0,39.33,23.6138,4,4,-1,49.0
82,110,0.0005,0.0003,100.0,518.67,642.0,1587.31,1398.09,14.62,21.61,553.43,2388.03,9073.16,1.3,47.4,521.56,2388.01,8149.89,8.3897,0.03,392,2388,100.0,39.11,23.3678,4,4,-1,48.0
82,110,-0.0011,0.0003,100.0,518.67,641.8,1581.69,1398.92,14.62,21.59,557.37,2388.08,9056.42,1.3,47.33,523.81,2388.04,8144.05,8.352,0.03,391,2388,100.0,39.14,23.4725,4,4,-1,47.0
82,111,0.0004,0.0001,100.0,518.67,642.41,1586.12,1397.15,14.62,21.61,553.67,2387.98,9070.13,1.3,47.29,522.12,2388.01,8157.06,8.398,0.03,392,2388,100.0,39.14,23.4699,4,4,4,46.0
82,111,0.0033,0.0001,100.0,518.67,641.92,1591.14,1396.65,14.62,21.59,556.42,2388.05,9061.43,1.3,47.29,524.58,2388.04,8143.73,8.3857,0.03,391,2388,100.0,39.36,23.4108,4,4,4,45.0
82,112,0.001,-0.0005,100.0,518.67,641.63,1586.99,1402.58,14.62,21.61,553.88,2388.0,9076.72,1.3,47.35,521.97,2387.96,8153.67,8.3852,0.03,391,2388,100.0,39.11,23.4294,4,4,4,44.0
82,112,0.0017,-0.0004,100.0,518.67,642.71,1586.22,1395.64,14.62,21.6,557.16,2388.09,9054.48,1.3,47.24,524.81,2388.06,8152.35,8.3792,0.03,392,2388,100.0,39.07,23.5062,4,4,-1,43.0
82,113,0.0015,0.0001,100.0,518.67,642.22,1584.18,1404.66,14.62,21.61,554.56,2388.07,9073.42,1.3,47.37,522.43,2387.97,8152.62,8.4139,0.03,393,2388,100.0,38.98,23.4146,4,4,4,42.0
82,113,0.0061,-0.0005,100.0,518.67,641.98,1583.53,1398.75,14.62,21.6,557.12,2388.13,9068.04,1.3,47.3,524.58,2388.09,8147.53,8.3817,0.03,392,2388,100.0,38.98,23.584,4,4,-1,41.0
82,114,-0.0015,-0.0,100.0,518.67,642.25,1589.46,1392.57,14.62,21.61,553.9,2387.99,9079.53,1.3,47.24,522.26,2388.06,8152.16,8.4309,0.03,392,2388,100.0,39.03,23.3536,4,4,-1,40.0
82,114,0.0002,-0.0004,100.0,518.67,642.19,1589.4,1398.2,14.62,21.59,556.47,2388.03,9057.58,1.3,47.27,524.46,2388.06,8139.82,8.3578,0.03,393,2388,100.0,39.07,23.4925,4,4,-1,39.0
82,115,0.0008,-0.0002,100.0,518.67,642.22,1582.73,1395.23,14.62,21.61,554.02,2387.98,9078.63,1.3,47.11,522.56,2387.99,8153.14,8.4035,0.03,393,2388,100.0,39.03,23.3115,4,4,-1,38.0
82,115,-0.0039,0.0,100.0,518.67,642.51,1583.51,1391.82,14.62,21.59,556.25,2388.13,9059.71,1.3,47.09,523.87,2388.05,8143.79,8.3826,0.03,394,2388,100.0,39.13,23.4573,4,4,-1,37.0
82,116,0.001,-0.0004,100.0,518.67,642.65,1575.87,1400.03,14.62,21.61,554.73,2388.04,9074.77,1.3,47.16,522.11,2388.01,8156.75,8.4178,0.03,393,2388,100.0,38.86,23.4082,4,4,-1,36.0
82,116,-0.0008,-0.0003,100.0,518.67,642.21,1583.57,1408.05,14.62,21.59,556.44,2388.02,9066.32,1.3,47.27,524.39,2388.09,8147.2,8.3656,0.03,391,2388,100.0,39.09,23.5651,4,4,-1,35.0
82,117,-0.002,0.0004,100.0,518.67,642.69,1588.93,1395.53,14.62,21.61,554.29,2388.06,9080.86,1.3,47.25,522.13,2388.05,8150.38,8.3878,0.03,394,2388,100.0,38.86,23.4224,4,4,-1,34.0
82,117,0.0018,0.0002,100.0,518.67,642.1,1593.22,1399.35,14.62,21.59,556.59,2388.1,9060.62,1.3,47.17,524.3,2388.07,8143.25,8.3161,0.03,392,2388,100.0,39.1,23.4951,4,4,-1,33.0
82,118,0.0008,0.0002,100.0,518.67,642.39,1585.84,1404.56,14.62,21.61,554.08,2388.05,9079.24,1.3,47.29,522.43,2388.04,8157.69,8.4055,0.03,393,2388,100.0,39.01,23.5257,4,4,-1,32.0
82,118,0.0007,0.0004,100.0,518.67,642.55,1587.76,1393.38,14.62,21.6,556.86,2388.07,9061.08,1.3,47.33,525.14,2388.04,8151.19,8.4062,0.03,392,2388,100.0,39.01,23.5558,4,4,-1,31.0
82,119,0.0023,-0.0001,100.0,518.67,642.75,1589.01,1401.0,14.62,21.61,554.01,2388.01,9077.16,1.3,47.33,522.15,2387.98,8151.52,8.4311,0.03,392,2388,100.0,38.96,23.3131,4,4,-1,30.0
82,119,0.003,0.0004,100.0,518.67,642.19,1586.49,1396.54,14.62,21.59,556.26,2388.02,9060.69,1.3,47.34,524.16,2388.02,8141.8,8.3542,0.03,391,2388,100.0,39.04,23.5304,4,4,-1,29.0
82,120,0.0033,-0.0004,100.0,518.67,642.31,1590.84,1407.96,14.62,21.61,554.48,2387.99,9075.64,1.3,47.34,521.86,2387.98,8155.84,8.4219,0.03,394,2388,100.0,38.96,23.4033,4,4,-1,28.0
82,120,0.0021,0.0001,100.0,518.67,642.43,1580.17,1403.54,14.62,21.6,556.35,2388.12,9070.43,1.3,47.2,524.67,2388.04,8142.51,8.3323,0.03,391,2388,100.0,39.15,23.6203,4,4,-1,27.0
82,121,0.0001,-0.0001,100.0,518.67,642.17,1587.92,1407.28,14.62,21.61,554.1,2387.96,9080.79,1.3,47.24,521.93,2388.0,8152.78,8.4061,0.03,391,2388,100.0,39.04,23.4437,4,4,-1,26.0
82,121,0.0008,-0.0003,100.0,518.67,642.39,1588.44,1403.92,14.62,21.59,556.44,2388.03,9054.83,1.3,47.39,524.54,2388.05,8139.96,8.3977,0.03,391,2388,100.0,39.15,23.4667,4,4,-1,25.0
82,122,-0.0001,0.0002,100.0,518.67,642.36,1585.89,1403.37,14.62,21.61,554.17,2388.03,9072.93,1.3,47.48,521.37,2388.05,8163.51,8.4098,0.03,392,2388,100.0,38.88,23.3777,4,4,-1,24.0
82,122,-0.0005,0.0,100.0,518.67,641.55,1586.57,1401.55,14.62,21.59,556.21,2388.08,9062.53,1.3,47.32,524.73,2388.06,8142.44,8.3278,0.03,393,2388,100.0,39.22,23.4346,4,4,-1,23.0
82,123,0.0016,0.0002,100.0,518.67,642.64,1582.04,1399.08,14.62,21.6,554.79,2388.0,9079.68,1.3,47.15,522.09,2388.05,8153.63,8.3746,0.03,392,2388,100.0,38.89,23.3542,4,4,4,22.0
82,123,-0.0001,-0.0,100.0,518.67,642.12,1587.73,1399.38,14.62,21.59,556.76,2388.06,9059.87,1.3,47.28,524.84,2388.04,8150.09,8.3711,0.03,392,2388,100.0,39.1,23.4259,4,4,-1,21.0
82,124,0.0006,-0.0005,100.0,518.67,642.21,1586.98,1404.83,14.62,21.61,554.11,2388.08,9073.04,1.3,47.48,522.52,2388.0,8162.75,8.414,0.03,391,2388,100.0,38.9,23.3692,4,4,-1,20.0
82,124,-0.0036,-0.0002,100.0,518.67,642.81,1583.38,1399.82,14.62,21.59,556.43,2388.05,9060.95,1.3,47.01,524.1,2388.06,8143.24,8.3754,0.03,393,2388,100.0,39.06,23.4687,4,4,-1,19.0
82,125,0.0001,-0.0002,100.0,518.67,641.9,1594.28,1398.69,14.62,21.6,555.12,2388.0,9070.48,1.3,47.12,522.38,2388.0,8150.24,8.4058,0.03,391,2388,100.0,38.99,23.4025,4,4,4,18.0
82,125,-0.0014,0.0003,100.0,518.67,642.55,1583.81,1399.07,14.62,21.6,556.92,2388.02,9066.4,1.3,47.36,524.19,2388.04,8144.36,8.4004,0.03,393,2388,100.0,38.99,23.4962,4,4,-1,17.0
82,126,0.0033,-0.0001,100.0,518.67,642.26,1581.22,1400.15,14.62,21.6,554.32,2388.04,9075.91,1.3,47.29,521.82,2388.07,8152.98,8.4527,0.03,394,2388,100.0,39.04,23.33,4,4,-1,16.0
82,126,-0.0024,0.0002,100.0,518.67,641.86,1582.71,1397.06,14.62,21.59,556.65,2388.07,9063.14,1.3,47.14,525.05,2388.06,8151.54,8.3601,0.03,392,2388,100.0,39.21,23.5781,4,4,-1,15.0
82,127,-0.0014,-0.0003,100.0,518.67,642.57,1578.58,1399.93,14.62,21.61,553.51,2387.99,9084.37,1.3,47.28,521.83,2388.04,8158.04,8.4314,0.03,393,2388,100.0,39.07,23.28,4,4,-1,14.0
82,127,0.002,0.0001,100.0,518.67,642.34,1589.48,1404.32,14.62,21.59,556.95,2388.06,9064.04,1.3,47.28,524.62,2388.07,8147.89,8.3457,0.03,393,2388,100.0,39.1,23.4604,4,4,-1,13.0
82,128,-0.0003,0.0003,100.0,518.67,641.76,1589.84,1399.23,14.62,21.61,554.2,2388.04,9074.11,1.3,47.35,521.84,2388.02,8154.69,8.3897,0.03,391,2388,100.0,38.8,23.3672,4,4,-1,12.0
82,128,-0.0015,0.0004,100.0,518.67,641.93,1583.89,1398.18,14.62,21.59,556.46,2388.03,9070.52,1.3,47.2,523.78,2388.01,8143.33,8.348,0.03,392,2388,100.0,39.05,23.3696,4,4,-1,11.0
82,129,-0.002,0.0,100.0,518.67,642.22,1585.7,1397.14,14.62,21.61,553.58,2388.02,9082.74,1.3,47.2,522.02,2388.01,8152.23,8.4298,0.03,392,2388,100.0,38.87,23.3531,4,4,-1,10.0
82,129,0.0047,0.0005,100.0,518.67,642.12,1582.92,1400.27,14.62,21.59,556.83,2388.09,9063.82,1.3,47.23,524.02,2387.99,8148.23,8.3641,0.03,393,2388,100.0,39.21,23.5614,4,4,-1,9.0
82,130,0.0056,-0.0002,100.0,518.67,642.46,1587.12,1401.02,14.62,21.61,554.57,2388.0,9080.0,1.3,47.4,521.67,2388.0,8158.26,8.4078,0.03,391,2388,100.0,39.02,23.2821,4,4,-1,8.0
82,130,0.0039,0.0005,100.0,518.67,641.79,1584.27,1401.25,14.62,21.59,556.67,2388.07,9061.06,1.3,47.29,524.5,2388.08,8146.19,8.3444,0.03,392,2388,100.0,38.98,23.5765,4,4,-1,7.0
82,131,-0.0011,0.0003,100.0,518.67,642.52,1578.64,1402.33,14.62,21.61,554.75,2387.98,9077.82,1.3,47.31,521.8,2388.01,8154.09,8.449,0.03,391,2388,100.0,38.89,23.2888,4,4,-1,6.0
82,131,-0.0002,0.0001,100.0,518.67,642.64,1581.76,1400.41,14.62,21.59,556.84,2388.07,9065.6,1.3,47.33,524.73,2388.07,8147.46,8.3842,0.03,392,2388,100.0,39.16,23.4336,4,4,-1,5.0
82,132,0.0032,-0.0002,100.0,518.67,642.89,1588.92,1399.35,14.62,21.61,553.37,2388.02,9081.36,1.3,47.41,521.91,2388.02,8153.26,8.4108,0.03,393,2388,100.0,38.94,23.405,4,4,-1,4.0
82,132,-0.0012,0.0001,100.0,518.67,641.81,1590.24,1397.44,14.62,21.59,556.64,2388.09,9065.54,1.3,47.27,524.87,2388.11,8141.54,8.356,0.03,393,2388,100.0,38.96,23.5374,4,4,-1,3.0
82,133,0.0,-0.0,100.0,518.67,642.04,1593.09,1403.33,14.62,21.61,554.15,2388.01,9079.11,1.3,47.36,522.18,2388.05,8161.32,8.4324,0.03,394,2388,100.0,38.95,23.4238,4,4,-1,2.0
82,133,-0.0025,-0.0001,100.0,518.67,642.92,1586.42,1397.31,14.62,21.6,557.01,2388.1,9062.3,1.3,47.14,524.57,2388.06,8149.52,8.3542,0.03,393,2388,100.0,39.13,23.3479,4,4,-1,1.0
82,134,0.0023,0.0004,100.0,518.67,643.29,1591.32,1399.0,14.62,21.61,554.0,2388.01,9080.67,1.3,47.41,521.71,2388.02,8161.38,8.402,0.03,394,2388,100.0,38.86,23.3006,0,3,-1,1.0
82,134,0.005,0.0004,100.0,518.67,641.86,1585.55,1398.25,14.62,21.6,557.65,2388.02,9075.37,1.3,47.24,524.89,2388.04,8142.25,8.3666,0.03,392,2388,100.0,39.17,23.469,4,4,4,3.0
82,135,-0.002,-0.0005,100.0,518.67,642.35,1593.21,1399.55,14.62,21.61,554.21,2388.0,9078.07,1.3,47.19,522.25,2388.0,8156.19,8.4312,0.03,392,2388,100.0,38.91,23.3816,4,4,-1,2.0
82,135,-0.0018,0.0,100.0,518.67,642.29,1584.69,1402.69,14.62,21.59,557.29,2388.06,9068.22,1.3,47.29,524.64,2388.02,8148.48,8.3509,0.03,392,2388,100.0,39.1,23.5922,4,4,-1,1.0
82,136,-0.001,-0.0002,100.0,518.67,642.65,1591.18,1400.18,14.62,21.61,554.27,2388.0,9077.38,1.3,47.24,521.85,2388.0,8156.28,8.483,0.03,394,2388,100.0,39.0,23.3306,0,3,-1,1.0
82,136,0.0012,0.0005,100.0,518.67,641.97,1587.11,1395.6,14.62,21.59,556.7,2388.04,9072.95,1.3,47.43,524.45,2388.05,8143.19,8.3354,0.03,392,2388,100.0,39.04,23.4431,4,4,-1,9.0
82,137,-0.0012,0.0001,100.0,518.67,642.62,1592.53,1402.84,14.62,21.61,554.44,2388.04,9088.92,1.3,47.47,521.49,2388.06,8165.8,8.3968,0.03,393,2388,100.0,39.12,23.3798,4,4,-1,8.0
82,137,0.0003,0.0005,100.0,518.67,641.58,1583.43,1401.54,14.62,21.59,556.79,2388.1,9064.65,1.3,47.32,523.93,2388.07,8144.61,8.3566,0.03,392,2388,100.0,39.19,23.4355,4,4,-1,7.0
82,138,-0.0042,0.0003,100.0,518.67,642.28,1595.28,1407.96,14.62,21.61,553.85,2388.01,9080.28,1.3,47.41,522.07,2387.98,8159.05,8.3968,0.03,392,2388,100.0,39.07,23.372,4,4,-1,6.0
82,138,0.0019,-0.0001,100.0,518.67,642.47,1585.33,1401.97,14.62,21.59,557.34,2388.08,9062.53,1.3,47.33,525.03,2388.09,8144.45,8.347,0.03,391,2388,100.0,38.99,23.6069,4,4,-1,5.0
82,139,-0.0028,0.0002,100.0,518.67,642.43,1581.07,1403.39,14.62,21.61,554.33,2388.04,9082.09,1.3,47.25,522.1,2388.07,8154.44,8.4095,0.03,393,2388,100.0,38.8,23.3743,4,4,-1,4.0
82,139,0.0009,-0.0001,100.0,518.67,642.62,1586.67,1404.26,14.62,21.59,556.86,2388.04,9064.74,1.3,47.39,524.99,2388.06,8149.29,8.3401,0.03,392,2388,100.0,39.28,23.553,4,4,-1,3.0
82,140,-0.0012,-0.0003,100.0,518.67,642.63,1589.51,1416.47,14.62,21.61,554.08,2387.95,9085.52,1.3,47.33,521.83,2388.03,8160.81,8.4187,0.03,393,2388,100.0,38.99,23.4302,4,4,-1,2.0
82,140,0.0007,0.0003,100.0,518.67,641.86,1581.63,1402.96,14.62,21.59,557.55,2388.04,9064.11,1.3,47.14,524.89,2388.06,8147.73,8.3386,0.03,390,2388,100.0,39.11,23.4208,4,4,-1,1.0
82,141,0.0004,-0.0004,100.0,518.67,642.39,1592.28,1402.14,14.62,21.61,554.17,2388.06,9084.02,1.3,47.33,521.54,2388.03,8164.15,8.3952,0.03,394,2388,100.0,38.9,23.2709,0,3,-1,1.0
82,141,0.0009,0.0003,100.0,518.67,641.96,1580.6,1402.18,14.62,21.59,557.03,2388.13,9065.96,1.3,47.48,524.87,2388.03,8144.65,8.3906,0.03,391,2388,100.0,39.1,23.4202,4,4,-1,23.0
82,142,0.0018,0.0003,100.0,518.67,642.45,1581.23,1399.59,14.62,21.61,553.69,2387.98,9083.66,1.3,47.2,521.4,2388.05,8159.89,8.4189,0.03,392,2388,100.0,38.75,23.3331,4,4,-1,22.0
82,142,0.002,-0.0004,100.0,518.67,641.99,1581.4,1397.74,14.62,21.59,556.74,2388.08,9060.46,1.3,47.31,524.59,2388.07,8142.06,8.3978,0.03,392,2388,100.0,39.18,23.4644,4,4,4,21.0
82,143,0.0072,-0.0004,100.0,518.67,642.42,1585.36,1406.59,14.62,21.61,554.18,2387.98,9078.92,1.3,47.31,521.76,2387.98,8165.53,8.4277,0.03,393,2388,100.0,38.98,23.3523,4,4,-1,20.0
82,143,0.0033,-0.0003,100.0,518.67,642.05,1576.79,1397.43,14.62,21.59,557.09,2388.05,9065.03,1.3,47.43,524.83,2388.06,8141.69,8.3224,0.03,393,2388,100.0,39.19,23.5803,4,4,-1,19.0
82,144,-0.0014,-0.0003,100.0,518.67,642.76,1584.02,1404.16,14.62,21.61,553.91,2388.01,9082.93,1.3,47.31,521.89,2387.97,8167.05,8.4071,0.03,393,2388,100.0,38.98,23.2815,4,4,-1,18.0
82,144,-0.0013,-0.0002,100.0,518.67,642.56,1577.61,1391.3,14.62,21.59,557.27,2388.05,9069.1,1.3,47.37,524.51,2388.1,8147.57,8.3529,0.03,391,2388,100.0,39.18,23.4495,4,4,-1,17.0
82,145,-0.0016,0.0003,100.0,518.67,642.42,1593.65,1398.69,14.62,21.61,553.6,2388.04,9086.13,1.3,47.33,521.76,2388.03,8163.9,8.4321,0.03,394,2388,100.0,38.89,23.4849,4,4,-1,16.0
82,145,-0.0023,0.0001,100.0,518.67,642.02,1584.09,1404.36,14.62,21.6,557.97,2388.13,9061.41,1.3,47.44,524.99,2388.07,8146.01,8.403,0.03,393,2388,100.0,39.3,23.4788,4,4,-1,15.0
82,146,0.0048,0.0001,100.0,518.67,642.37,1575.95,1404.42,14.62,21.61,554.34,2388.02,9088.3,1.3,47.48,522.4,2388.05,8163.55,8.4248,0.03,393,2388,100.0,38.95,23.313,4,4,-1,14.0
82,146,0.001,0.0003,100.0,518.67,642.45,1583.85,1405.03,14.62,21.59,557.33,2388.09,9068.23,1.3,47.27,525.84,2388.08,8150.55,8.3466,0.03,393,2388,100.0,39.12,23.4841,4,4,-1,13.0
82,147,-0.0002,0.0002,100.0,518.67,642.99,1585.51,1405.08,14.62,21.61,554.27,2387.99,9085.55,1.3,47.23,521.59,2388.04,8160.96,8.423,0.03,393,2388,100.0,39.07,23.4418,4,4,3,12.0
82,147,0.0038,-0.0001,100.0,518.67,642.73,1582.65,1402.69,14.62,21.59,557.8,2388.1,9063.29,1.3,47.48,524.34,2388.07,8145.98,8.3174,0.03,393,2388,100.0,39.15,23.5183,4,4,-1,11.0
82,148,-0.0009,-0.0003,100.0,518.67,642.66,1584.44,1409.35,14.62,21.61,553.2,2388.03,9086.45,1.3,47.34,522.37,2388.07,8163.64,8.4191,0.03,392,2388,100.0,38.97,23.4428,4,4,-1,10.0
82,148,0.0015,0.0004,100.0,518.67,642.28,1580.51,1403.27,14.62,21.59,557.72,2388.04,9056.73,1.3,47.35,525.05,2388.15,8146.5,8.3284,0.03,392,2388,100.0,39.19,23.4752,4,4,-1,9.0
82,149,0.0007,0.0002,100.0,518.67,642.86,1587.56,1405.24,14.62,21.61,553.78,2388.03,9084.09,1.3,47.28,521.66,2388.02,8164.33,8.4636,0.03,392,2388,100.0,39.05,23.3233,4,4,-1,8.0
82,149,0.0001,-0.0001,100.0,518.67,642.13,1590.02,1393.03,14.62,21.59,556.98,2388.07,9067.0,1.3,47.46,525.6,2388.04,8147.83,8.3837,0.03,391,2388,100.0,39.0,23.5294,4,4,-1,7.0
82,150,-0.0003,-0.0002,100.0,518.67,642.49,1587.17,1406.17,14.62,21.61,553.12,2388.01,9083.98,1.3,47.52,521.43,2388.05,8170.37,8.4014,0.03,392,2388,100.0,38.82,23.4176,4,4,-1,6.0
82,150,-0.0005,0.0003,100.0,518.67,642.31,1585.9,1402.57,14.62,21.59,557.58,2388.07,9059.85,1.3,47.21,524.59,2388.12,8142.87,8.3481,0.03,393,2388,100.0,39.21,23.4756,4,4,-1,5.0
82,151,0.0002,-0.0,100.0,518.67,642.08,1585.16,1409.3,14.62,21.61,553.97,2388.05,9089.52,1.3,47.35,521.98,2388.01,8168.53,8.411,0.03,391,2388,100.0,38.94,23.4587,4,4,-1,4.0
82,151,-0.0003,0.0004,100.0,518.67,642.49,1585.52,1401.89,14.62,21.59,557.48,2388.09,9071.21,1.3,47.38,524.96,2388.07,8149.8,8.3375,0.03,392,2388,100.0,39.26,23.4829,4,4,-1,3.0
82,152,0.0004,0.0003,100.0,518.67,642.5,1589.35,1401.06,14.62,21.61,553.56,2387.98,9086.56,1.3,47.26,521.97,2388.0,8167.86,8.418,0.03,393,2388,100.0,39.04,23.4108,4,4,3,2.0
82,152,-0.001,0.0005,100.0,518.67,642.63,1580.67,1399.98,14.62,21.59,557.86,2388.12,9057.24,1.3,47.3,524.98,2388.08,8145.54,8.3258,0.03,391,2388,100.0,39.15,23.5352,4,4,-1,1.0
82,153,-0.0046,-0.0,100.0,518.67,642.68,1592.85,1404.96,14.62,21.61,553.17,2388.05,9084.13,1.3,47.16,522.24,2388.07,8168.34,8.4462,0.03,394,2388,100.0,38.92,23.3621,0,3,-1,1.0
82,153,0.0001,0.0,100.0,518.67,642.67,1580.04,1400.03,14.62,21.6,557.28,2388.09,9062.02,1.3,47.54,525.33,2388.05,8147.35,8.3567,0.03,393,2388,100.0,39.17,23.4753,4,4,-1,3.0
82,154,-0.0003,-0.0,100.0,518.67,642.45,1585.34,1409.34,14.62,21.61,554.09,2388.01,9095.61,1.3,47.58,521.94,2388.01,8168.07,8.4095,0.03,391,2388,100.0,38.94,23.3949,4,4,-1,2.0
82,154,0.0002,0.0001,100.0,518.67,641.9,1592.02,1393.93,14.62,21.59,557.15,2388.08,9059.51,1.3,47.3,524.64,2388.11,8148.25,8.3631,0.03,393,2388,100.0,39.17,23.5778,4,4,-1,1.0
82,155,-0.0044,-0.0002,100.0,518.67,642.68,1592.47,1400.53,14.62,21.61,553.14,2388.04,9089.56,1.3,47.56,521.34,2388.03,8167.74,8.4191,0.03,393,2388,100.0,38.89,23.2989,0,3,-1,1.0
82,155,0.0001,0.0002,100.0,518.67,642.42,1582.79,1401.47,14.62,21.59,557.56,2388.08,9067.65,1.3,47.34,524.83,2388.08,8146.04,8.3287,0.03,391,2388,100.0,39.04,23.424,4,4,-1,1.0
82,156,-0.0018,0.0001,100.0,518.67,642.32,1593.92,1408.5,14.62,21.61,553.54,2388.04,9094.46,1.3,47.66,521.9,2388.04,8172.37,8.4501,0.03,394,2388,100.0,38.83,23.3885,0,3,-1,1.0
82,156,0.0005,-0.0004,100.0,518.67,642.02,1592.11,1394.1,14.62,21.6,557.76,2388.09,9073.33,1.3,47.36,525.93,2388.11,8149.93,8.3548,0.03,394,2388,100.0,39.1,23.5311,4,4,-1,1.0
82,157,-0.0026,-0.0,100.0,518.67,642.91,1589.26,1408.95,14.62,21.61,553.62,2388.03,9096.54,1.3,47.62,521.92,2387.99,8166.97,8.4786,0.03,394,2388,100.0,38.84,23.3049,0,3,-1,1.0
82,157,-0.0017,0.0002,100.0,518.67,642.29,1592.0,1407.56,14.62,21.59,557.48,2388.09,9061.71,1.3,47.39,525.39,2388.11,8147.2,8.3426,0.03,392,2388,100.0,39.18,23.4603,4,4,-1,1.0
82,158,-0.0007,0.0002,100.0,518.67,642.03,1591.37,1406.81,14.62,21.61,553.69,2388.04,9092.98,1.3,47.48,522.17,2388.03,8173.34,8.4485,0.03,393,2388,100.0,38.85,23.3004,0,3,-1,1.0
82,158,-0.0012,-0.0002,100.0,518.67,642.26,1590.06,1395.58,14.62,21.59,556.95,2388.13,9062.41,1.3,47.23,524.99,2388.08,8147.38,8.357,0.03,391,2388,100.0,39.25,23.4604,4,4,-1,3.0
82,159,-0.002,0.0001,100.0,518.67,642.52,1587.28,1399.82,14.62,21.61,553.39,2388.04,9091.33,1.3,47.44,521.62,2388.03,8173.69,8.4002,0.03,393,2388,100.0,38.8,23.3837,4,4,3,2.0
82,159,-0.0011,-0.0002,100.0,518.67,642.21,1589.38,1404.13,14.62,21.59,557.44,2388.13,9068.92,1.3,47.5,525.61,2388.09,8150.33,8.3087,0.03,391,2388,100.0,39.01,23.5382,4,4,4,1.0
82,160,0.0018,0.0003,100.0,518.67,642.46,1589.84,1409.99,14.62,21.61,553.75,2388.05,9094.97,1.3,47.52,522.06,2388.05,8170.11,8.4536,0.03,393,2388,100.0,38.89,23.3509,0,3,-1,1.0
82,160,-0.0041,-0.0003,100.0,518.67,642.31,1588.98,1398.04,14.62,21.59,557.31,2388.11,9072.47,1.3,47.46,524.65,2388.12,8150.42,8.3583,0.03,392,2388,100.0,39.26,23.6154,4,4,4,1.0
82,161,-0.0006,0.0002,100.0,518.67,642.68,1584.55,1406.73,14.62,21.61,553.7,2387.99,9097.78,1.3,47.45,521.51,2388.04,8167.16,8.4205,0.03,394,2388,100.0,38.92,23.3002,0,3,-1,1.0
82,161,0.0008,0.0001,100.0,518.67,642.22,1596.61,1401.74,14.62,21.6,557.96,2388.08,9067.53,1.3,47.43,525.78,2388.12,8143.29,8.3687,0.03,391,2388,100.0,39.17,23.4716,4,4,-1,1.0
82,162,0.0005,-0.0005,100.0,518.67,642.74,1590.54,1403.76,14.62,21.61,554.45,2388.09,9092.99,1.3,47.42,522.15,2388.01,8178.5,8.4336,0.03,395,2388,100.0,38.9,23.2789,0,3,-1,1.0
82,162,-0.0035,-0.0002,100.0,518.67,642.57,1584.88,1404.0,14.62,21.59,557.21,2388.06,9068.42,1.3,47.31,525.15,2388.06,8147.99,8.3062,0.03,394,2388,100.0,39.25,23.4394,4,4,-1,5.0
82,163,0.0025,-0.0002,100.0,518.67,642.44,1588.17,1396.25,14.62,21.61,554.06,2388.05,9095.39,1.3,47.66,521.53,2388.03,8173.61,8.4381,0.03,394,2388,100.0,38.89,23.4518,4,4,-1,4.0
82,163,0.0005,0.0004,100.0,518.67,642.11,1584.41,1407.93,14.62,21.59,557.17,2388.12,9062.5,1.3,47.29,525.31,2388.08,8146.22,8.3313,0.03,391,2388,100.0,39.21,23.6701,4,4,4,3.0
82,164,-0.0003,-0.0001,100.0,518.67,641.75,1592.56,1398.84,14.62,21.61,553.36,2388.01,9101.97,1.3,47.44,521.65,2388.06,8179.16,8.4567,0.03,393,2388,100.0,39.06,23.2508,4,4,-1,2.0
82,164,0.0003,-0.0001,100.0,518.67,642.71,1592.99,1399.73,14.62,21.59,557.45,2388.06,9071.62,1.3,47.28,525.65,2388.13,8147.44,8.3035,0.03,392,2388,100.0,39.28,23.4807,4,4,-1,1.0
82,165,-0.0008,0.0004,100.0,518.67,642.93,1589.76,1407.48,14.62,21.61,553.83,2388.08,9099.85,1.3,47.46,521.56,2388.02,8174.3,8.4342,0.03,394,2388,100.0,38.85,23.2648,0,3,-1,1.0
82,165,-0.0009,-0.0005,100.0,518.67,641.45,1583.36,1400.03,14.62,21.59,557.29,2388.12,9062.66,1.3,47.36,525.38,2388.1,8147.45,8.3633,0.03,394,2388,100.0,39.22,23.5824,4,4,-1,1.0
82,166,0.0029,-0.0002,100.0,518.67,642.32,1597.86,1407.14,14.62,21.61,553.88,2388.0,9103.18,1.3,47.48,521.47,2387.99,8176.7,8.4579,0.03,394,2388,100.0,38.76,23.3425,0,3,-1,1.0
82,166,0.0004,-0.0001,100.0,518.67,642.51,1585.04,1401.45,14.62,21.59,557.24,2388.08,9071.14,1.3,47.38,525.24,2388.07,8147.4,8.3531,0.03,392,2388,100.0,39.18,23.5263,4,4,-1,1.0
82,167,-0.004,-0.0005,100.0,518.67,642.82,1579.3,1415.57,14.62,21.61,553.64,2388.01,9106.23,1.3,47.46,521.53,2388.03,8178.21,8.4547,0.03,394,2388,100.0,38.96,23.1606,0,3,0,1.0
82,167,-0.0013,0.0004,100.0,518.67,642.24,1588.39,1399.07,14.62,21.59,558.0,2388.09,9071.28,1.3,47.29,525.11,2388.1,8147.73,8.3238,0.03,392,2388,100.0,39.16,23.4712,4,4,-1,1.0
82,168,0.0005,0.0001,100.0,518.67,642.46,1588.51,1404.86,14.62,21.61,553.33,2388.03,9104.63,1.3,47.45,521.58,2388.05,8178.43,8.4626,0.03,393,2388,100.0,38.71,23.2917,0,3,-1,1.0
82,168,-0.0045,-0.0004,100.0,518.67,641.95,1582.19,1407.7,14.62,21.59,557.16,2388.09,9074.61,1.3,47.42,525.3,2388.11,8142.64,8.347,0.03,392,2388,100.0,39.42,23.553,4,4,-1,1.0
82,169,0.0011,0.0,100.0,518.67,641.96,1596.72,1403.51,14.62,21.61,553.57,2388.07,9106.43,1.3,47.61,521.52,2388.05,8176.5,8.4905,0.03,392,2388,100.0,39.01,23.2769,0,3,-1,1.0
82,169,-0.0008,-0.0003,100.0,518.67,642.02,1593.88,1401.99,14.62,21.59,558.04,2388.09,9068.96,1.3,47.26,525.37,2388.09,8142.74,8.3673,0.03,393,2388,100.0,39.23,23.4412,4,4,-1,1.0
82,170,-0.0013,0.0,100.0,518.67,642.96,1601.29,1405.87,14.62,21.61,553.66,2388.02,9103.06,1.3,47.47,521.08,2388.0,8184.0,8.4372,0.03,394,2388,100.0,38.85,23.2722,0,3,-1,1.0
82,170,0.0037,0.0002,100.0,518.67,642.36,1586.0,1394.49,14.62,21.59,557.23,2388.07,9065.16,1.3,47.32,525.17,2388.01,8142.23,8.3206,0.03,392,2388,100.0,39.14,23.4875,4,4,-1,1.0
82,171,-0.0011,-0.0004,100.0,518.67,643.16,1593.89,1403.24,14.62,21.61,553.06,2388.07,9109.78,1.3,47.51,521.37,2388.08,8179.52,8.4666,0.03,393,2388,100.0,38.84,23.3597,0,3,0,1.0
82,171,-0.0042,-0.0003,100.0,518.67,642.5,1586.7,1401.01,14.62,21.59,557.91,2388.14,9066.61,1.3,47.22,524.99,2388.07,8148.12,8.3409,0.03,393,2388,100.0,39.32,23.5733,4,4,-1,1.0
82,172,-0.0026,-0.0004,100.0,518.67,642.21,1589.58,1407.52,14.62,21.61,553.58,2388.01,9107.7,1.3,47.41,522.05,2388.06,8182.78,8.4403,0.03,395,2388,100.0,38.77,23.2359,0,3,-1,1.0
82,172,0.0011,0.0004,100.0,518.67,642.7,1592.0,1398.89,14.62,21.6,558.01,2388.13,9065.01,1.3,47.31,526.25,2388.12,8146.73,8.3529,0.03,392,2388,100.0,39.31,23.4872,4,4,-1,1.0
82,173,-0.0011,-0.0002,100.0,518.67,642.71,1593.21,1406.15,14.62,21.61,554.28,2388.05,9107.04,1.3,47.55,521.31,2388.0,8183.83,8.4203,0.03,394,2388,100.0,38.74,23.2732,0,3,-1,1.0
82,173,-0.0009,0.0004,100.0,518.67,642.1,1587.58,1403.02,14.62,21.59,557.54,2388.11,9065.75,1.3,47.29,525.11,2388.08,8146.69,8.3405,0.03,394,2388,100.0,39.29,23.5058,4,4,-1,1.0
82,174,0.0015,-0.0004,100.0,518.67,643.56,1595.78,1407.61,14.62,21.61,553.92,2388.05,9115.93,1.3,47.6,521.18,2388.03,8188.23,8.4469,0.03,394,2388,100.0,39.03,23.2962,2,0,-1,1.0
82,174,0.0007,0.0005,100.0,518.67,642.39,1582.88,1404.87,14.62,21.59,557.93,2388.07,9066.69,1.3,47.29,525.68,2388.1,8151.04,8.353,0.03,392,2388,100.0,39.12,23.5703,4,4,-1,1.0
82,175,0.0015,0.0,100.0,518.67,642.33,1598.41,1409.12,14.62,21.61,552.91,2388.05,9114.58,1.3,47.47,521.61,2388.03,8180.99,8.4387,0.03,395,2388,100.0,38.64,23.2877,2,0,-1,1.0
82,175,-0.0002,0.0005,100.0,518.67,642.48,1598.64,1397.56,14.62,21.59,557.44,2388.09,9058.31,1.3,47.41,525.56,2388.08,8149.75,8.3277,0.03,393,2388,100.0,39.18,23.5313,4,4,-1,1.0
82,176,-0.002,-0.0005,100.0,518.67,642.83,1586.89,1414.64,14.62,21.61,553.34,2387.99,9117.72,1.3,47.66,521.67,2388.04,8183.97,8.4495,0.03,394,2388,100.0,38.67,23.3769,2,0,-1,1.0
82,176,-0.006,0.0001,100.0,518.67,641.76,1592.88,1408.1,14.62,21.59,557.99,2388.09,9068.8,1.3,47.39,525.62,2388.14,8150.48,8.3438,0.03,392,2388,100.0,39.34,23.5118,4,4,-1,1.0
82,177,-0.0017,0.0001,100.0,518.67,643.12,1591.34,1410.71,14.62,21.61,552.86,2388.03,9117.46,1.3,47.64,521.68,2388.05,8190.41,8.4233,0.03,393,2388,100.0,38.89,23.1283,2,0,-1,1.0
82,177,0.0036,-0.0004,100.0,518.67,642.51,1593.29,1399.3,14.62,21.59,557.48,2388.13,9066.31,1.3,47.2,525.42,2388.12,8150.15,8.3644,0.03,392,2388,100.0,39.17,23.4282,4,4,4,1.0
82,178,0.0014,-0.0003,100.0,518.67,642.31,1594.91,1408.81,14.62,21.61,554.33,2388.06,9111.76,1.3,47.6,521.63,2388.01,8187.24,8.4776,0.03,393,2388,100.0,38.86,23.2156,0,3,-1,1.0
82,178,-0.0028,0.0002,100.0,518.67,642.38,1586.07,1402.49,14.62,21.6,559.06,2388.13,9056.9,1.3,47.5,526.24,2388.09,8151.3,8.3216,0.03,394,2388,100.0,39.32,23.5545,4,4,-1,1.0
82,179,0.0,-0.0004,100.0,518.67,642.52,1591.79,1418.17,14.62,21.61,553.21,2388.05,9121.62,1.3,47.76,521.31,2388.04,8191.27,8.4526,0.03,393,2388,100.0,38.89,23.2202,2,0,-1,1.0
82,179,-0.0033,0.0004,100.0,518.67,642.53,1585.98,1394.68,14.62,21.59,558.97,2388.11,9064.92,1.3,47.39,526.22,2388.15,8151.77,8.3441,0.03,392,2388,100.0,39.28,23.5273,4,4,4,1.0
82,180,0.0011,0.0003,100.0,518.67,642.77,1588.85,1409.98,14.62,21.61,552.94,2388.06,9113.29,1.3,47.56,521.3,2388.03,8191.05,8.4415,0.03,393,2388,100.0,38.75,23.357,0,3,-1,1.0
82,180,0.0004,-0.0002,100.0,518.67,642.21,1595.6,1404.42,14.62,21.6,557.85,2388.09,9076.63,1.3,47.19,526.11,2388.09,8147.63,8.318,0.03,393,2388,100.0,39.15,23.7087,4,4,-1,1.0
82,181,0.0016,0.0004,100.0,518.67,642.96,1589.58,1415.05,14.62,21.61,552.97,2388.04,9120.25,1.3,47.74,521.9,2388.04,8196.4,8.4675,0.03,394,2388,100.0,38.64,23.2335,2,0,-1,1.0
82,181,-0.0014,0.0,100.0,518.67,642.79,1586.65,1405.65,14.62,21.59,559.01,2388.08,9084.83,1.3,47.24,525.97,2388.14,8153.86,8.3395,0.03,395,2388,100.0,39.14,23.4556,4,4,-1,1.0
82,182,-0.0043,-0.0004,100.0,518.67,643.31,1597.04,1409.69,14.62,21.61,553.48,2388.0,9117.34,1.3,47.73,521.96,2388.02,8194.56,8.4508,0.03,394,2388,100.0,38.97,23.1857,2,0,-1,1.0
82,182,-0.004,-0.0002,100.0,518.67,642.19,1586.11,1400.99,14.62,21.6,558.51,2388.12,9069.57,1.3,47.34,525.79,2388.13,8149.89,8.3631,0.03,393,2388,100.0,39.31,23.5212,4,4,-1,1.0
82,183,-0.0004,0.0002,100.0,518.67,643.08,1597.09,1410.26,14.62,21.61,553.08,2388.05,9121.68,1.3,47.51,521.8,2388.08,8195.04,8.4578,0.03,394,2388,100.0,38.69,23.3193,2,0,-1,1.0
82,183,0.0022,-0.0004,100.0,518.67,642.55,1584.21,1392.78,14.62,21.58,557.25,2388.12,9057.23,1.3,47.36,525.6,2388.06,8148.23,8.329,0.03,393,2388,100.0,39.22,23.4984,4,4,-1,1.0
82,184,0.0034,-0.0005,100.0,518.67,642.83,1592.11,1417.63,14.62,21.61,553.45,2388.04,9130.13,1.3,47.7,521.1,2388.01,8197.25,8.446,0.03,393,2388,100.0,38.81,23.2667,2,0,0,1.0
82,184,0.0033,-0.0001,100.0,518.67,642.34,1585.26,1394.99,14.62,21.59,558.07,2388.13,9070.93,1.3,47.4,526.07,2388.12,8148.34,8.3375,0.03,393,2388,100.0,39.32,23.5581,4,4,4,1.0
82,185,0.0032,-0.0004,100.0,518.67,642.93,1598.06,1400.51,14.62,21.61,552.85,2388.1,9121.4,1.3,47.66,521.77,2388.02,8197.65,8.4286,0.03,392,2388,100.0,38.64,23.3238,2,0,-1,1.0
82,185,0.0008,0.0002,100.0,518.67,642.64,1586.75,1403.36,14.62,21.59,558.01,2388.12,9070.96,1.3,47.19,525.83,2388.1,8150.88,8.3144,0.03,392,2388,100.0,39.2,23.5224,4,4,-1,1.0
82,186,-0.0027,0.0002,100.0,518.67,642.78,1595.94,1409.73,14.62,21.61,552.87,2388.03,9126.85,1.3,47.77,521.21,2388.07,8199.15,8.4838,0.03,395,2388,100.0,38.8,23.2288,2,0,-1,1.0
82,186,-0.0007,0.0003,100.0,518.67,642.09,1588.51,1402.81,14.62,21.6,558.85,2388.14,9072.15,1.3,47.36,525.88,2388.16,8151.01,8.3585,0.03,392,2388,100.0,39.32,23.5149,4,4,-1,1.0
82,187,-0.0007,0.0003,100.0,518.67,642.34,1597.02,1411.39,14.62,21.61,553.12,2388.12,9133.34,1.3,47.85,521.9,2388.07,8205.06,8.4553,0.03,394,2388,100.0,38.66,23.2073,2,0,-1,1.0
82,187,-0.0037,-0.0002,100.0,518.67,642.28,1589.74,1400.13,14.62,21.59,558.06,2388.09,9064.55,1.3,47.39,526.44,2388.13,8148.03,8.347,0.03,395,2388,100.0,39.23,23.5069,4,4,4,1.0
82,188,0.002,-0.0,100.0,518.67,643.03,1595.78,1415.91,14.62,21.61,553.18,2388.1,9137.66,1.3,47.57,521.32,2388.1,8205.82,8.4388,0.03,395,2388,100.0,38.63,23.1911,2,0,-1,1.0
82,188,-0.0033,0.0003,100.0,518.67,642.34,1586.85,1408.26,14.62,21.59,558.0,2388.08,9072.68,1.3,47.39,525.88,2388.08,8149.87,8.3817,0.03,393,2388,100.0,39.28,23.5624,4,4,-1,1.0
82,189,-0.0001,0.0,100.0,518.67,642.7,1591.53,1409.21,14.62,21.61,553.29,2388.13,9132.81,1.3,47.54,521.34,2388.12,8202.95,8.4708,0.03,394,2388,100.0,38.74,23.2806,2,0,-1,1.0
82,189,-0.0014,-0.0,100.0,518.67,642.48,1587.94,1397.58,14.62,21.59,558.26,2388.09,9072.13,1.3,47.56,526.3,2388.1,8147.57,8.3466,0.03,394,2388,100.0,39.03,23.602,4,4,-1,1.0
82,190,0.0009,-0.0002,100.0,518.67,642.92,1599.34,1415.84,14.62,21.61,552.82,2388.07,9138.13,1.3,47.81,521.07,2388.1,8209.2,8.4581,0.03,393,2388,100.0,38.88,23.258,2,0,-1,1.0
82,190,0.0009,0.0001,100.0,518.67,642.68,1587.56,1394.93,14.62,21.6,559.6,2388.15,9070.19,1.3,47.45,526.39,2388.14,8159.38,8.3644,0.03,393,2388,100.0,39.3,23.5103,4,4,-1,1.0
82,191,0.0013,-0.0002,100.0,518.67,643.26,1593.75,1409.07,14.62,21.61,552.89,2388.08,9131.12,1.3,47.74,521.5,2388.09,8204.71,8.4655,0.03,395,2388,100.0,38.75,23.1495,2,0,-1,1.0
82,191,0.0007,0.0005,100.0,518.67,642.28,1588.75,1399.34,14.62,21.59,558.97,2388.11,9071.69,1.3,47.46,525.97,2388.12,8149.67,8.3359,0.03,393,2388,100.0,39.44,23.5109,4,4,-1,1.0
82,192,-0.0004,0.0004,100.0,518.67,643.07,1602.68,1410.5,14.62,21.61,553.0,2388.08,9146.54,1.3,47.59,521.5,2388.05,8217.06,8.4807,0.03,395,2388,100.0,38.49,23.2327,2,0,-1,1.0
82,192,0.0015,-0.0,100.0,518.67,643.59,1584.6,1400.89,14.62,21.59,558.32,2388.14,9075.52,1.31,47.4,526.2,2388.06,8154.81,8.3405,0.03,392,2388,100.0,39.07,23.6054,3,1,-1,1.0
82,193,0.0028,0.0004,100.0,518.67,642.51,1594.43,1418.36,14.62,21.61,552.54,2388.03,9133.11,1.3,47.8,521.04,2388.07,8206.82,8.4896,0.03,393,2388,100.0,38.65,23.2054,2,0,-1,1.0
82,193,-0.0052,-0.0002,100.0,518.67,642.5,1592.9,1406.24,14.62,21.59,557.96,2388.12,9071.83,1.3,47.45,526.75,2388.09,8151.41,8.3494,0.03,393,2388,100.0,39.25,23.5275,4,4,-1,1.0
82,194,-0.0027,0.0003,100.0,518.67,643.23,1599.69,1414.71,14.62,21.61,553.03,2388.06,9147.11,1.3,47.74,520.81,2388.13,8208.87,8.5072,0.03,396,2388,100.0,38.6,23.096,2,0,-1,1.0
82,194,0.0,-0.0004,100.0,518.67,641.93,1588.88,1402.85,14.62,21.59,558.02,2388.12,9075.73,1.3,47.41,526.47,2388.14,8151.77,8.3046,0.03,392,2388,100.0,39.27,23.5039,4,4,-1,1.0
82,195,0.0016,-0.0003,100.0,518.67,643.11,1603.6,1422.45,14.62,21.61,552.26,2388.08,9149.61,1.3,47.76,520.66,2388.08,8218.51,8.4968,0.03,395,2388,100.0,38.52,23.152,2,0,-1,1.0
82,195,-0.0019,0.0004,100.0,518.67,642.47,1583.43,1409.37,14.62,21.59,558.1,2388.16,9070.63,1.31,47.42,526.3,2388.09,8149.1,8.3364,0.03,392,2388,100.0,39.1,23.5733,3,1,-1,1.0
82,196,0.0043,0.0001,100.0,518.67,643.39,1592.95,1419.44,14.62,21.61,552.38,2388.11,9153.31,1.3,47.73,520.91,2388.1,8216.76,8.4954,0.03,396,2388,100.0,38.63,23.1945,2,0,-1,1.0
82,196,0.0005,-0.0003,100.0,518.67,641.93,1588.13,1401.63,14.62,21.59,558.43,2388.14,9074.66,1.3,47.5,526.4,2388.14,8153.53,8.3366,0.03,392,2388,100.0,39.2,23.4428,4,4,-1,1.0
82,197,0.0031,0.0004,100.0,518.67,643.22,1601.42,1416.52,14.62,21.61,552.4,2388.16,9153.75,1.3,47.83,520.88,2388.11,8217.85,8.456,0.03,393,2388,100.0,38.51,23.1537,2,0,-1,1.0
82,197,-0.0021,0.0005,100.0,518.67,642.48,1597.74,1405.23,14.62,21.59,558.4,2388.11,9072.33,1.3,47.32,526.73,2388.18,8151.36,8.3106,0.03,393,2388,100.0,39.24,23.546,4,4,4,1.0
82,198,0.0005,-0.0002,100.0,518.67,643.59,1602.87,1422.64,14.62,21.61,553.12,2388.07,9149.6,1.3,47.69,520.89,2388.05,8220.49,8.499,0.03,395,2388,100.0,38.42,23.1438,2,0,-1,1.0
82,198,0.0,-0.0002,100.0,518.67,642.17,1591.99,1396.7,14.62,21.59,559.52,2388.14,9081.46,1.3,47.47,526.11,2388.15,8147.96,8.3245,0.03,391,2388,100.0,39.19,23.4885,4,4,-1,1.0
82,199,-0.0024,0.0004,100.0,518.67,643.24,1598.93,1424.94,14.62,21.61,552.56,2388.16,9159.03,1.3,47.69,520.79,2388.1,8224.85,8.4997,0.03,396,2388,100.0,38.81,23.0799,2,0,-1,1.0
82,199,0.0007,0.0002,100.0,518.67,642.84,1594.25,1397.56,14.62,21.59,558.2,2388.11,9079.34,1.3,47.24,526.01,2388.08,8151.11,8.3561,0.03,393,2388,100.0,39.14,23.4816,4,4,-1,1.0
82,200,0.0007,-0.0004,100.0,518.67,643.47,1602.4,1425.75,14.62,21.61,552.38,2388.09,9163.03,1.3,47.69,520.92,2388.12,8230.84,8.493,0.03,395,2388,100.0,38.71,23.1791,2,0,-1,1.0
82,200,0.0012,-0.0,100.0,518.67,642.35,1589.04,1402.26,14.62,21.59,558.51,2388.13,9070.8,1.3,47.58,526.99,2388.14,8152.16,8.303,0.03,392,2388,100.0,39.11,23.4811,4,4,-1,1.0
82,201,-0.0032,-0.0002,100.0,518.67,643.19,1599.54,1427.61,14.62,21.61,551.93,2388.18,9172.44,1.3,47.97,520.97,2388.09,8226.85,8.494,0.03,395,2388,100.0,38.66,23.1539,2,0,-1,1.0
82,201,0.0005,-0.0003,100.0,518.67,642.6,1589.43,1406.72,14.62,21.59,558.4,2388.12,9075.39,1.31,47.37,526.76,2388.18,8148.76,8.3279,0.03,391,2388,100.0,39.4,23.6072,3,1,-1,1.0
82,202,0.0003,0.0002,100.0,518.67,642.76,1591.99,1427.79,14.62,21.61,552.71,2388.1,9168.79,1.3,47.97,520.51,2388.13,8231.67,8.4862,0.03,398,2388,100.0,38.53,23.1049,2,0,-1,1.0
82,202,-0.0039,0.0004,100.0,518.67,642.28,1590.58,1395.15,14.62,21.59,558.61,2388.09,9068.54,1.3,47.38,525.94,2388.1,8154.26,8.3513,0.03,393,2388,100.0,39.14,23.6694,4,4,4,1.0
82,203,-0.0002,0.0001,100.0,518.67,643.59,1596.45,1420.6,14.62,21.61,552.5,2388.15,9175.36,1.3,47.9,520.56,2388.09,8231.75,8.4952,0.03,394,2388,100.0,38.8,23.0097,2,0,-1,1.0
82,203,0.0011,-0.0002,100.0,518.67,641.87,1598.24,1410.87,14.62,21.59,559.02,2388.17,9077.37,1.31,47.51,526.72,2388.14,8150.91,8.2975,0.03,392,2388,100.0,39.14,23.6538,3,1,-1,1.0
82,204,0.0004,-0.0004,100.0,518.67,643.18,1593.87,1420.64,14.62,21.61,552.43,2388.15,9169.22,1.3,47.88,520.84,2388.1,8230.69,8.5178,0.03,396,2388,100.0,38.7,23.1532,2,0,-1,1.0
82,204,0.0013,0.0004,100.0,518.67,642.53,1592.8,1405.91,14.62,21.59,558.43,2388.15,9086.13,1.31,47.56,526.91,2388.15,8160.23,8.3421,0.03,393,2388,100.0,39.29,23.4931,3,1,-1,1.0
82,205,-0.0006,-0.0003,100.0,518.67,643.64,1596.75,1428.16,14.62,21.61,551.91,2388.12,9177.7,1.3,47.88,520.63,2388.14,8239.17,8.4865,0.03,396,2388,100.0,38.46,23.1719,2,0,-1,1.0
82,205,0.0003,0.0004,100.0,518.67,642.78,1591.98,1401.59,14.62,21.59,559.26,2388.19,9070.64,1.3,47.42,526.69,2388.17,8153.72,8.313,0.03,391,2388,100.0,39.32,23.5768,4,4,-1,1.0
82,206,0.0012,-0.0002,100.0,518.67,643.4,1602.48,1426.24,14.62,21.61,552.48,2388.12,9183.06,1.3,47.92,520.03,2388.12,8236.0,8.4865,0.03,396,2388,100.0,38.74,23.1024,2,0,-1,1.0
82,206,-0.0045,-0.0004,100.0,518.67,642.77,1584.91,1406.56,14.62,21.59,558.52,2388.17,9079.0,1.3,47.69,526.13,2388.18,8151.3,8.3002,0.03,393,2388,100.0,39.23,23.5557,4,4,-1,1.0
82,207,0.0022,0.0,100.0,518.67,643.59,1607.09,1416.6,14.62,21.61,552.48,2388.13,9185.97,1.3,47.94,520.83,2388.08,8247.28,8.5087,0.03,396,2388,100.0,38.36,23.1516,2,0,-1,1.0
82,207,0.0002,0.0002,100.0,518.67,642.78,1595.65,1407.36,14.62,21.59,558.29,2388.17,9072.31,1.31,47.39,527.18,2388.12,8155.32,8.335,0.03,393,2388,100.0,39.39,23.6054,3,1,-1,1.0
82,208,-0.0021,0.0,100.0,518.67,644.08,1607.74,1426.26,14.62,21.61,552.35,2388.12,9182.21,1.3,48.08,520.81,2388.13,8246.23,8.534,0.03,398,2388,100.0,38.44,23.1126,2,0,0,1.0
82,208,0.003,-0.0003,100.0,518.67,642.69,1596.58,1407.89,14.62,21.58,558.59,2388.16,9076.86,1.3,47.48,527.23,2388.13,8151.01,8.3415,0.03,392,2388,100.0,39.27,23.4992,4,4,-1,1.0
82,209,0.0006,0.0002,100.0,518.67,643.61,1604.53,1426.18,14.62,21.61,551.9,2388.19,9184.89,1.3,48.17,521.06,2388.13,8246.71,8.5333,0.03,397,2388,100.0,38.44,23.0434,2,0,-1,1.0
82,209,-0.002,0.0005,100.0,518.67,642.42,1584.7,1408.96,14.62,21.59,559.42,2388.19,9077.22,1.31,47.76,527.14,2388.15,8156.44,8.3265,0.03,394,2388,100.0,39.19,23.5954,3,1,-1,1.0
82,210,0.0002,-0.0005,100.0,518.67,643.11,1608.87,1434.28,14.62,21.61,551.51,2388.13,9192.8,1.3,48.17,520.66,2388.13,8246.16,8.5255,0.03,396,2388,100.0,38.46,23.0639,2,0,-1,1.0
82,210,-0.0019,-0.0004,100.0,518.67,642.03,1588.19,1412.25,14.62,21.59,559.12,2388.12,9074.48,1.31,47.26,527.18,2388.18,8157.2,8.3583,0.03,394,2388,100.0,39.22,23.452,3,1,-1,1.0
82,211,-0.0004,-0.0004,100.0,518.67,643.61,1605.0,1426.94,14.62,21.61,552.46,2388.16,9192.88,1.3,48.04,520.73,2388.12,8258.32,8.523,0.03,396,2388,100.0,38.35,23.0294,2,0,-1,1.0
82,211,-0.004,-0.0002,100.0,518.67,642.51,1590.1,1399.9,14.62,21.59,559.25,2388.2,9077.22,1.3,47.64,527.9,2388.17,8156.91,8.3077,0.03,392,2388,100.0,39.35,23.4759,4,4,-1,1.0
82,212,0.0004,0.0004,100.0,518.67,643.66,1601.47,1426.74,14.62,21.61,551.85,2388.13,9199.74,1.3,48.22,520.16,2388.19,8255.68,8.5338,0.03,396,2388,100.0,38.5,23.2379,2,0,-1,1.0
82,212,0.0032,-0.0002,100.0,518.67,642.25,1590.29,1408.39,14.62,21.59,560.27,2388.13,9083.01,1.31,47.66,527.06,2388.16,8158.42,8.3052,0.03,394,2388,100.0,39.34,23.4856,3,1,-1,1.0
82,213,-0.0036,0.0001,100.0,518.67,643.48,1596.98,1425.66,14.62,21.61,552.05,2388.12,9200.05,1.3,48.18,520.43,2388.11,8262.35,8.5441,0.03,398,2388,100.0,38.49,23.0412,2,0,-1,1.0
82,213,0.0032,0.0001,100.0,518.67,642.7,1588.06,1411.92,14.62,21.59,559.46,2388.21,9076.21,1.3,47.37,527.4,2388.18,8155.52,8.3272,0.03,392,2388,100.0,39.09,23.5045,4,4,-1,1.0
82,214,-0.0013,0.0003,100.0,518.67,643.73,1601.66,1427.73,14.62,21.61,551.57,2388.16,9215.59,1.3,48.3,520.01,2388.16,8267.9,8.5222,0.03,399,2388,100.0,38.56,23.0292,2,0,-1,1.0
82,214,0.0005,-0.0003,100.0,518.67,642.76,1588.12,1404.28,14.62,21.59,559.01,2388.15,9071.91,1.31,47.46,527.61,2388.19,8152.65,8.3209,0.03,392,2388,100.0,39.53,23.4689,3,1,-1,1.0
82,215,-0.0011,-0.0004,100.0,518.67,642.57,1593.2,1409.1,14.62,21.59,559.32,2388.17,9077.64,1.3,47.31,527.3,2388.16,8151.42,8.2912,0.03,394,2388,100.0,39.34,23.4533,4,4,-1,3.0
82,216,0.0001,0.0001,100.0,518.67,642.51,1597.42,1402.96,14.62,21.59,559.82,2388.2,9072.17,1.3,47.65,527.22,2388.2,8158.19,8.3348,0.03,392,2388,100.0,38.96,23.5457,4,4,-1,2.0
82,217,0.0022,-0.0004,100.0,518.67,642.44,1586.35,1402.0,14.62,21.59,559.75,2388.2,9078.62,1.3,47.6,528.2,2388.14,8154.67,8.3182,0.03,393,2388,100.0,39.32,23.6698,4,4,-1,1.0
82,218,-0.0023,-0.0003,100.0,518.67,642.36,1588.92,1399.87,14.62,21.6,560.67,2388.15,9081.55,1.31,47.35,528.26,2388.14,8160.21,8.2982,0.03,392,2388,100.0,39.24,23.6897,3,1,1,3.0
82,219,-0.0026,-0.0005,100.0,518.67,643.46,1592.62,1404.81,14.62,21.59,559.77,2388.14,9076.4,1.31,47.65,528.45,2388.19,8162.12,8.3186,0.03,393,2388,100.0,39.28,23.4861,3,1,-1,2.0
82,220,-0.0019,-0.0004,100.0,518.67,642.35,1596.12,1404.71,14.62,21.59,559.42,2388.14,9081.78,1.31,47.59,527.96,2388.26,8157.86,8.3365,0.03,393,2388,100.0,39.23,23.6548,3,1,-1,1.0
82,221,-0.0015,0.0004,100.0,518.67,642.04,1584.65,1402.31,14.62,21.59,560.62,2388.2,9082.93,1.3,47.61,527.91,2388.24,8158.83,8.306,0.03,394,2388,100.0,39.19,23.5023,4,4,-1,1.0
